Timestamp,SupplyTemp,ReturnTemp,OutsideTemp,SetbackActive,Building,SupplyTempReturnTempDerivation,Hour,DayOfWeek,Month,DayOfMonth,IsWeekend,TimeOfDay,TimeOfDay_Encoded,SupplyReturnRatio,SetbackActive_Predicted,SetbackActive_Probability
2025-01-18 19:54:27+00:00,48.31,44.12,5.2,,Building 3,4.190000000000005,19,5,1,18,1,Evening,1,1.094968268359021,0.0,0.0005517487627100232
2024-12-25 04:15:10+00:00,47.38,39.75,5.2,,Building 3,7.630000000000003,4,2,12,25,0,Night,3,1.1919496855345912,0.0,0.0009476604818341053
2025-01-13 09:25:11+00:00,53.81,46.19,5.2,,Building 3,7.6200000000000045,9,0,1,13,0,Morning,2,1.164970772894566,0.0,0.0005451842709685557
2025-01-13 03:27:43+00:00,41.31,37.5,5.2,,Building 3,3.8100000000000023,3,0,1,13,0,Night,3,1.1016000000000001,0.0,0.00048214907437611206
2024-11-15 08:36:40+00:00,43.0,40.62,5.2,,Building 3,2.3800000000000026,8,4,11,15,0,Morning,2,1.0585918266863614,0.0,0.0009739770099976155
2025-02-07 01:49:30+00:00,33.44,31.88,5.2,,Building 3,1.5599999999999987,1,4,2,7,0,Night,3,1.0489335006273526,0.0,0.000249002649150698
2025-02-21 13:02:04+00:00,40.06,36.81,5.2,,Building 3,3.25,13,4,2,21,0,Afternoon,0,1.0882912252105406,0.0,0.0007418466923728654
2024-12-08 05:18:51+00:00,41.94,39.38,5.2,,Building 3,2.559999999999995,5,6,12,8,1,Night,3,1.0650076180802437,0.0,0.0009792961731088644
2024-11-14 02:45:41+00:00,33.56,30.44,5.2,,Building 3,3.120000000000001,2,3,11,14,0,Night,3,1.1024967148488831,0.0,0.0003991668181318551
2025-02-13 02:45:46+00:00,26.12,25.12,5.2,,Building 3,1.0,2,3,2,13,0,Night,3,1.0398089171974523,0.0,0.00019871181921886816
2025-02-05 23:34:13+00:00,36.31,34.19,5.2,,Building 3,2.1200000000000045,23,2,2,5,0,Evening,1,1.0620064346300089,0.0,0.0002872182576562863
2025-02-28 05:28:34+00:00,48.94,42.06,5.2,,Building 3,6.8799999999999955,5,4,2,28,0,Night,3,1.1635758440323347,0.0,0.0006551585603118722
2025-01-19 11:31:42+00:00,46.69,43.38,5.2,,Building 3,3.309999999999995,11,6,1,19,1,Morning,2,1.0763024435223605,0.0,0.0005689925736358638
2024-11-24 04:59:14+00:00,41.44,39.12,5.2,,Building 3,2.3200000000000003,4,6,11,24,1,Night,3,1.0593047034764826,0.0,0.0007600805096184968
2024-12-02 04:52:19+00:00,46.25,42.5,5.2,,Building 3,3.75,4,0,12,2,0,Night,3,1.088235294117647,0.0,0.0007270891903466256
2025-02-01 14:37:16+00:00,45.75,40.38,5.2,,Building 3,5.369999999999997,14,5,2,1,1,Afternoon,0,1.1329866270430906,0.0,0.000989419421575044
2024-11-17 22:27:12+00:00,28.12,26.69,5.2,,Building 3,1.4299999999999995,22,6,11,17,1,Evening,1,1.0535781191457474,0.0,0.00018859207638030045
2025-02-19 21:55:03+00:00,34.69,32.62,5.2,,Building 3,2.0700000000000003,21,2,2,19,0,Evening,1,1.0634580012262416,0.0,0.00037819769064186
2025-01-21 22:29:08+00:00,35.25,33.0,5.2,,Building 3,2.25,22,1,1,21,0,Evening,1,1.0681818181818181,0.0,0.0002233714985110073
2025-01-24 01:43:01+00:00,32.94,31.25,5.2,,Building 3,1.6899999999999975,1,4,1,24,0,Night,3,1.05408,0.0,0.00020892518952599133
2025-02-24 23:21:36+00:00,26.19,25.38,5.2,,Building 3,0.8100000000000023,23,0,2,24,0,Evening,1,1.0319148936170213,0.0,0.00018859207638030045
2025-01-01 19:38:08+00:00,46.75,43.81,5.2,,Building 3,2.9399999999999977,19,2,1,1,0,Evening,1,1.0671079662177585,0.0,0.0010166434640233027
2024-11-01 16:35:54+00:00,35.62,31.06,5.2,,Building 3,4.559999999999999,16,4,11,1,0,Afternoon,0,1.146812620734063,0.0,0.000752693797191541
2025-01-31 15:00:16+00:00,42.5,38.75,5.2,,Building 3,3.75,15,4,1,31,0,Afternoon,0,1.096774193548387,0.0,0.000749049943992371
2025-01-30 06:37:02+00:00,46.81,40.62,5.2,,Building 3,6.190000000000005,6,3,1,30,0,Morning,2,1.1523879862136879,0.0,0.0006263465875972827
2025-01-15 23:30:36+00:00,37.75,32.88,5.2,,Building 3,4.869999999999997,23,2,1,15,0,Evening,1,1.1481143552311435,0.0,0.0003347222401263508
2025-01-21 22:06:52+00:00,36.38,32.94,5.2,,Building 3,3.440000000000005,22,1,1,21,0,Evening,1,1.1044323011536128,0.0,0.0003868041262041942
2025-02-22 13:43:36+00:00,33.75,32.38,5.2,,Building 3,1.3699999999999974,13,5,2,22,1,Afternoon,0,1.0423100679431747,0.0,0.0005086718983210866
2025-01-16 08:12:21+00:00,47.69,42.44,5.2,,Building 3,5.25,8,3,1,16,0,Morning,2,1.1237040527803959,0.0,0.0014856974285812055
2025-02-26 18:28:28+00:00,41.5,38.06,5.2,,Building 3,3.4399999999999977,18,2,2,26,0,Evening,1,1.0903836048344717,0.0,0.0007494074110321606
2025-01-04 08:47:09+00:00,49.12,45.94,5.2,,Building 3,3.1799999999999997,8,5,1,4,1,Morning,2,1.0692207226817587,0.0,0.0010282574290101586
2024-12-21 10:20:26+00:00,45.0,41.56,5.2,,Building 3,3.4399999999999977,10,5,12,21,1,Morning,2,1.082771896053898,0.0,0.0005092995519210498
2025-02-28 02:42:27+00:00,36.25,31.56,5.2,,Building 3,4.690000000000001,2,4,2,28,0,Night,3,1.1486058301647655,0.0,0.00030580749283484624
2025-02-13 03:24:46+00:00,25.69,24.88,5.2,,Building 3,0.8100000000000023,3,3,2,13,0,Night,3,1.0325562700964632,0.0,0.00019871181921886816
2024-11-14 15:05:52+00:00,41.75,37.0,5.2,,Building 3,4.75,15,3,11,14,0,Afternoon,0,1.1283783783783783,0.0,0.0008210256421356376
2024-11-26 06:29:18+00:00,39.69,36.38,5.2,,Building 3,3.309999999999995,6,1,11,26,0,Morning,2,1.0909840571742715,0.0,0.0007351083560383811
2025-01-05 06:03:37+00:00,46.31,43.31,5.2,,Building 3,3.0,6,6,1,5,1,Morning,2,1.069268067420919,0.0,0.0010095710289043777
2024-11-30 23:56:10+00:00,33.5,31.88,5.2,,Building 3,1.620000000000001,23,5,11,30,1,Evening,1,1.0508155583437893,0.0,0.0002245912862084777
2025-01-09 09:01:37+00:00,39.88,36.38,5.2,,Building 3,3.5,9,3,1,9,0,Morning,2,1.0962067069818582,0.0,0.0007370992192059172
2025-01-16 15:50:26+00:00,42.94,39.88,5.2,,Building 3,3.059999999999995,15,3,1,16,0,Afternoon,0,1.076730190571715,0.0,0.000863378105082379
2025-01-07 07:10:00+00:00,42.94,39.88,5.2,1.0,Building 3,3.059999999999995,7,1,1,7,0,Morning,2,,0.0,0.002345654970794682
2024-12-17 23:28:19+00:00,34.38,31.31,5.2,,Building 3,3.070000000000004,23,1,12,17,0,Evening,1,1.0980517406579369,0.0,0.0002129902673431603
2024-11-05 22:10:37+00:00,27.94,27.31,5.2,,Building 3,0.6300000000000026,22,1,11,5,0,Evening,1,1.0230684730867814,0.0,0.00018859207638030045
2024-12-17 06:33:25+00:00,45.81,42.25,5.2,,Building 3,3.5600000000000023,6,1,12,17,0,Morning,2,1.084260355029586,0.0,0.0007783453346935006
2025-01-23 12:00:14+00:00,43.88,39.75,5.2,,Building 3,4.130000000000003,12,3,1,23,0,Afternoon,0,1.1038993710691825,0.0,0.0004956561618669351
2024-11-09 06:30:00+00:00,43.88,39.75,5.6,1.0,Building 3,4.130000000000003,6,5,11,9,1,Morning,2,,0.0,0.002824567897635835
2024-11-22 16:50:10+00:00,49.62,42.88,5.6,,Building 3,6.739999999999995,16,4,11,22,0,Afternoon,0,1.1571828358208953,0.0,0.0006268669775472715
2024-12-20 15:56:50+00:00,45.31,40.81,5.6,,Building 3,4.5,15,4,12,20,0,Afternoon,0,1.1102670913991668,0.0,0.0008879737706836462
2025-02-01 07:05:38+00:00,45.12,41.62,5.6,,Building 3,3.5,7,5,2,1,1,Morning,2,1.0840941854877464,0.0,0.0007705709388454346
2024-12-11 09:37:43+00:00,46.62,40.19,5.6,,Building 3,6.43,9,2,12,11,0,Morning,2,1.1599900472754416,0.0,0.0006973803614393287
2025-02-23 04:33:16+00:00,31.19,25.81,5.6,,Building 3,5.380000000000003,4,6,2,23,1,Night,3,1.2084463386284388,0.0,0.00018899071878909147
2024-12-23 04:23:56+00:00,44.94,37.44,5.6,,Building 3,7.5,4,0,12,23,0,Night,3,1.2003205128205128,0.0,0.0013077597629119887
2024-12-26 04:50:24+00:00,52.19,44.75,5.6,,Building 3,7.439999999999998,4,3,12,26,0,Night,3,1.1662569832402234,0.0,0.005877117839462839
2024-12-03 11:02:40+00:00,40.44,37.06,5.6,,Building 3,3.3799999999999955,11,1,12,3,0,Morning,2,1.0912034538586075,0.0,0.0007669135486330909
2024-11-06 07:53:43+00:00,39.06,34.94,5.6,,Building 3,4.1200000000000045,7,2,11,6,0,Morning,2,1.1179164281625644,0.0,0.0008050838807638873
2024-11-24 23:18:05+00:00,34.38,31.56,5.6,,Building 3,2.820000000000004,23,6,11,24,1,Evening,1,1.0893536121673004,0.0,0.00021050787562884533
2025-02-26 12:34:00+00:00,41.25,37.56,5.6,,Building 3,3.6899999999999977,12,2,2,26,0,Afternoon,0,1.0982428115015974,0.0,0.0007443588815468194
2025-02-27 02:18:51+00:00,34.31,32.56,5.6,,Building 3,1.75,2,3,2,27,0,Night,3,1.0537469287469288,0.0,0.00025121795908864686
2024-12-28 16:29:54+00:00,46.56,42.25,5.6,,Building 3,4.310000000000002,16,5,12,28,1,Afternoon,0,1.1020118343195267,0.0,0.0007348271672208385
2025-02-16 14:59:31+00:00,44.12,41.12,5.6,,Building 3,3.0,14,6,2,16,1,Afternoon,0,1.0729571984435797,0.0,0.000708738452530088
2025-01-03 13:40:30+00:00,47.06,42.0,5.6,,Building 3,5.060000000000002,13,4,1,3,0,Afternoon,0,1.1204761904761906,0.0,0.0009842875595043204
2025-02-16 11:36:31+00:00,46.94,42.19,5.6,,Building 3,4.75,11,6,2,16,1,Morning,2,1.112585920834321,0.0,0.0007973948361852722
2025-02-04 16:52:00+00:00,43.94,38.69,5.6,,Building 3,5.25,16,1,2,4,0,Afternoon,0,1.135693977772034,0.0,0.0009160979615197368
2025-01-18 06:10:00+00:00,43.94,38.69,-1.6,1.0,Building 3,5.25,6,5,1,18,1,Morning,2,,0.0,0.0018108004729098211
2025-01-05 22:46:06+00:00,33.12,30.94,-1.6,,Building 3,2.179999999999996,22,6,1,5,1,Evening,1,1.070458952811894,0.0,0.00020980687539728926
2024-12-02 18:33:11+00:00,40.19,37.81,-1.6,,Building 3,2.3799999999999955,18,0,12,2,0,Evening,1,1.0629463104998675,0.0,0.00137387333976107
2025-01-13 06:36:12+00:00,55.19,47.19,-1.6,,Building 3,8.0,6,0,1,13,0,Morning,2,1.169527442254715,0.0,0.0005209792326115894
2024-12-24 02:24:59+00:00,33.81,31.81,-1.6,,Building 3,2.0000000000000036,2,1,12,24,0,Night,3,1.0628733102797863,0.0,0.00020352224893087104
2024-11-03 23:17:53+00:00,25.31,24.69,-1.6,,Building 3,0.6199999999999974,23,6,11,3,1,Evening,1,1.0251113811259618,0.0,0.00018859207638030045
2025-01-09 04:25:55+00:00,32.88,27.81,-1.6,,Building 3,5.070000000000004,4,3,1,9,0,Night,3,1.1823085221143474,0.0,0.0003178137850386435
2025-01-07 14:31:10+00:00,42.75,38.94,-1.6,,Building 3,3.8100000000000023,14,1,1,7,0,Afternoon,0,1.0978428351309708,0.0,0.0007649688923082066
2024-11-22 16:16:20+00:00,51.38,44.69,-1.6,,Building 3,6.690000000000005,16,4,11,22,0,Afternoon,0,1.1496979189975387,0.0,0.00121614882881357
2024-11-14 14:54:03+00:00,43.31,37.38,-1.6,,Building 3,5.93,14,3,11,14,0,Afternoon,0,1.1586409844836811,0.0,0.0007026200687196779
2024-11-15 08:50:21+00:00,46.19,40.62,-1.6,,Building 3,5.57,8,4,11,15,0,Morning,2,1.137124569177745,0.0,0.0007070979185358402
2024-11-02 07:50:00+00:00,46.19,40.62,6.5,1.0,Building 3,5.57,7,5,11,2,1,Morning,2,,0.0,0.0031299788534545673
2025-02-06 16:18:17+00:00,47.06,40.81,6.5,,Building 3,6.25,16,3,2,6,0,Afternoon,0,1.1531487380543983,0.0,0.0007743874517006846
2025-01-01 17:28:48+00:00,47.94,43.31,6.5,,Building 3,4.6299999999999955,17,2,1,1,0,Afternoon,0,1.1069037173862848,0.0,0.0011624240198477409
2024-11-24 06:09:05+00:00,44.25,40.75,6.5,,Building 3,3.5,6,6,11,24,1,Morning,2,1.0858895705521472,0.0,0.0006076017285848065
2024-11-13 06:59:40+00:00,43.0,39.12,6.5,,Building 3,3.8800000000000026,6,2,11,13,0,Morning,2,1.0991820040899796,0.0,0.0068130370502750524
2025-02-15 05:09:49+00:00,52.25,45.06,6.5,,Building 3,7.189999999999998,5,5,2,15,1,Night,3,1.1595650244118951,0.0,0.002411523706039077
2025-02-11 20:40:00+00:00,52.25,45.06,6.3,1.0,Building 3,7.189999999999998,20,1,2,11,0,Evening,1,,0.0,0.004179154715577912
2025-02-02 14:41:12+00:00,46.56,40.38,6.3,,Building 3,6.18,14,6,2,2,1,Afternoon,0,1.1530460624071321,0.0,0.0008666043642942897
2025-02-08 16:37:49+00:00,44.12,39.31,6.3,,Building 3,4.809999999999995,16,5,2,8,1,Afternoon,0,1.1223607224624776,0.0,0.001012244882930726
2025-01-14 03:27:24+00:00,40.06,37.75,6.3,,Building 3,2.3100000000000023,3,1,1,14,0,Night,3,1.0611920529801324,0.0,0.0004972464705660782
2025-02-20 18:00:29+00:00,40.19,37.19,6.3,,Building 3,3.0,18,3,2,20,0,Evening,1,1.0806668459263242,0.0,0.0007167130706864305
2025-01-21 06:01:45+00:00,51.62,44.81,6.3,,Building 3,6.809999999999995,6,1,1,21,0,Morning,2,1.1519750055791116,0.0,0.0011632489172459918
2024-12-05 10:30:00+00:00,51.62,44.81,1.4,1.0,Building 3,6.809999999999995,10,3,12,5,0,Morning,2,,0.0,0.027592146777227506
2024-12-27 10:50:00+00:00,51.62,44.81,-1.6,1.0,Building 3,6.809999999999995,10,4,12,27,0,Morning,2,,0.0,0.007540240411307458
2025-01-10 20:52:10+00:00,45.12,41.12,-1.6,,Building 3,4.0,20,4,1,10,0,Evening,1,1.0972762645914398,0.0,0.0007326648536941607
2024-12-22 19:57:47+00:00,45.06,42.0,-1.6,,Building 3,3.0600000000000023,19,6,12,22,1,Evening,1,1.072857142857143,0.0,0.000782094598984819
2024-12-29 04:36:36+00:00,50.5,42.62,-1.6,,Building 3,7.880000000000003,4,6,12,29,1,Night,3,1.1848897231346787,0.0,0.0013766428992879366
2025-01-28 20:05:53+00:00,39.31,36.75,-1.6,,Building 3,2.5600000000000023,20,1,1,28,0,Evening,1,1.0696598639455783,0.0,0.0007999430598423884
2024-11-05 06:43:05+00:00,38.44,35.44,-1.6,,Building 3,3.0,6,1,11,5,0,Morning,2,1.0846501128668171,0.0,0.0006425045002535011
2025-02-02 18:14:24+00:00,44.69,39.69,-1.6,,Building 3,5.0,18,6,2,2,1,Evening,1,1.125976316452507,0.0,0.001210458190660894
2024-12-04 20:52:27+00:00,46.62,40.25,-1.6,,Building 3,6.369999999999997,20,2,12,4,0,Evening,1,1.1582608695652172,0.0,0.0007034241484499952
2025-01-29 18:27:59+00:00,43.69,37.88,-1.6,,Building 3,5.809999999999995,18,2,1,29,0,Evening,1,1.15337909186906,0.0,0.0006086995460471855
2024-12-07 22:07:59+00:00,31.19,29.06,-1.6,,Building 3,2.1300000000000026,22,5,12,7,1,Evening,1,1.0732966276668963,0.0,0.00018859207638030045
2024-12-10 17:37:34+00:00,47.25,41.0,-1.6,,Building 3,6.25,17,1,12,10,0,Afternoon,0,1.1524390243902438,0.0,0.0006473011311251955
2024-12-17 11:25:11+00:00,45.06,39.06,-1.6,,Building 3,6.0,11,1,12,17,0,Morning,2,1.1536098310291858,0.0,0.0008143094937207718
2025-01-26 20:50:25+00:00,39.25,36.81,-1.6,,Building 3,2.4399999999999977,20,6,1,26,1,Evening,1,1.0662863352349905,0.0,0.0008638755628804308
2025-02-21 20:50:58+00:00,39.12,37.12,-1.6,,Building 3,2.0,20,4,2,21,0,Evening,1,1.0538793103448276,0.0,0.000884517792939288
2025-02-27 11:50:42+00:00,42.06,39.19,-1.6,,Building 3,2.8700000000000045,11,3,2,27,0,Morning,2,1.073232967593774,0.0,0.000836696086857671
2024-11-01 00:20:21+00:00,24.69,24.12,-1.6,,Building 3,0.5700000000000003,0,4,11,1,0,Night,3,1.0236318407960199,0.0,0.0001859811677032185
2024-12-31 07:53:57+00:00,51.0,44.12,-1.6,,Building 3,6.880000000000003,7,1,12,31,0,Morning,2,1.1559383499546692,0.0,0.000788976786372188
2025-02-16 07:30:00+00:00,51.0,44.12,-2.4,1.0,Building 3,6.880000000000003,7,6,2,16,1,Morning,2,,0.0,0.00588972071094232
2024-12-24 03:44:34+00:00,33.56,32.12,-2.4,,Building 3,1.4400000000000048,3,1,12,24,0,Night,3,1.044831880448319,0.0,0.00020352224893087104
2025-01-02 06:27:05+00:00,43.38,38.5,-2.4,,Building 3,4.880000000000003,6,3,1,2,0,Morning,2,1.1267532467532468,0.0,0.000814099204613826
2025-01-02 18:38:22+00:00,44.19,39.56,-2.4,,Building 3,4.6299999999999955,18,3,1,2,0,Evening,1,1.1170374115267947,0.0,0.003613495377037201
2025-02-14 05:00:51+00:00,47.75,41.19,-2.4,,Building 3,6.560000000000002,5,4,2,14,0,Night,3,1.1592619567856277,0.0,0.0006712669071727516
2024-12-06 05:47:58+00:00,43.25,38.06,-2.4,,Building 3,5.189999999999998,5,4,12,6,0,Night,3,1.1363636363636362,0.0,0.0008061588398138162
2024-11-08 22:28:12+00:00,26.88,26.25,-2.4,,Building 3,0.629999999999999,22,4,11,8,0,Evening,1,1.024,0.0,0.00018859207638030045
2024-11-27 00:10:00+00:00,26.88,26.25,5.4,0.0,Building 3,0.629999999999999,0,2,11,27,0,Night,3,,0.0,0.00037262638378916866
2024-12-05 06:26:59+00:00,45.31,42.38,5.4,,Building 3,2.9299999999999997,6,3,12,5,0,Morning,2,1.0691363850873052,0.0,0.0009674349490708691
2024-12-19 17:07:53+00:00,41.0,38.31,5.4,,Building 3,2.6899999999999977,17,3,12,19,0,Afternoon,0,1.070216653615244,0.0,0.0009484701051634736
2024-11-25 13:19:34+00:00,38.0,34.44,5.4,,Building 3,3.5600000000000023,13,0,11,25,0,Afternoon,0,1.1033681765389083,0.0,0.0007099107998175849
2024-12-21 22:24:29+00:00,32.25,30.19,5.4,,Building 3,2.0599999999999987,22,5,12,21,1,Evening,1,1.06823451473998,0.0,0.00018859207638030045
2024-12-17 07:05:10+00:00,49.06,43.69,5.4,,Building 3,5.3700000000000045,7,1,12,17,0,Morning,2,1.1229114213778897,0.0,0.0004976257838823151
2024-11-10 08:14:52+00:00,38.69,36.38,5.4,,Building 3,2.309999999999995,8,6,11,10,1,Morning,2,1.0634964266080262,0.0,0.0010806265658890998
2025-02-24 22:21:29+00:00,28.12,27.25,5.4,,Building 3,0.870000000000001,22,0,2,24,0,Evening,1,1.0319266055045873,0.0,0.00018859207638030045
2024-12-12 15:25:05+00:00,45.31,40.06,5.4,,Building 3,5.25,15,3,12,12,0,Afternoon,0,1.1310534198701947,0.0,0.0012636202503204946
2025-01-05 07:39:14+00:00,47.81,41.56,5.4,,Building 3,6.25,7,6,1,5,1,Morning,2,1.1503849855630415,0.0,0.0008620703466253595
2025-02-13 06:48:17+00:00,38.69,36.38,5.4,,Building 3,2.309999999999995,6,3,2,13,0,Morning,2,1.0634964266080262,0.0,0.0009707605816880608
2024-11-13 07:25:02+00:00,43.0,38.5,5.4,,Building 3,4.5,7,2,11,13,0,Morning,2,1.1168831168831168,0.0,0.000873787794839752
2025-01-31 03:01:57+00:00,29.62,28.31,5.4,,Building 3,1.3100000000000025,3,4,1,31,0,Night,3,1.0462734016248676,0.0,0.00019871181921886816
2024-11-01 20:17:46+00:00,36.56,33.5,5.4,,Building 3,3.0600000000000023,20,4,11,1,0,Evening,1,1.0913432835820895,0.0,0.0005379158594436856
2024-11-04 13:40:34+00:00,34.75,31.62,5.4,,Building 3,3.129999999999999,13,0,11,4,0,Afternoon,0,1.09898798228969,0.0,0.0036350550529037676
2024-12-31 20:09:46+00:00,48.88,43.56,5.4,,Building 3,5.32,20,1,12,31,0,Evening,1,1.1221303948576675,0.0,0.0007188599682855584
2025-02-08 12:29:31+00:00,45.69,40.44,5.4,,Building 3,5.25,12,5,2,8,1,Afternoon,0,1.1298219584569733,0.0,0.0008098106732407185
2025-02-17 07:29:57+00:00,47.25,41.81,5.4,,Building 3,5.439999999999998,7,0,2,17,0,Morning,2,1.1301124132982538,0.0,0.0008887593737211694
2024-12-28 00:22:10+00:00,37.94,33.0,5.4,,Building 3,4.939999999999998,0,5,12,28,1,Night,3,1.1496969696969697,0.0,0.0004208484199958517
2025-02-18 20:49:26+00:00,47.5,42.44,5.4,,Building 3,5.060000000000002,20,1,2,18,0,Evening,1,1.1192271442035815,0.0,0.0008456414124253136
2024-11-06 13:14:46+00:00,32.88,31.75,5.4,,Building 3,1.1300000000000026,13,2,11,6,0,Afternoon,0,1.0355905511811025,0.0,0.00048168580229104884
2024-12-04 12:44:06+00:00,43.69,37.62,5.4,,Building 3,6.07,12,2,12,4,0,Afternoon,0,1.1613503455608718,0.0,0.000797064327033145
2025-02-22 06:24:54+00:00,42.19,38.81,5.4,,Building 3,3.3799999999999955,6,5,2,22,1,Morning,2,1.0870909559391908,0.0,0.0007481842056835372
2024-12-21 16:29:18+00:00,45.62,39.44,5.4,,Building 3,6.18,16,5,12,21,1,Afternoon,0,1.1566937119675456,0.0,0.0008516487856333647
2024-11-06 23:54:43+00:00,25.19,24.56,5.4,,Building 3,0.6300000000000026,23,2,11,6,0,Evening,1,1.0256514657980458,0.0,0.00018859207638030045
2024-12-25 04:19:21+00:00,48.56,40.81,5.4,,Building 3,7.75,4,2,12,25,0,Night,3,1.1899044351874541,0.0,0.002094124921122249
2024-11-29 00:50:00+00:00,48.56,40.81,-0.5,0.0,Building 3,7.75,0,4,11,29,0,Night,3,,0.0,0.0008429229935174145
2024-12-09 06:24:10+00:00,44.62,38.88,-0.5,,Building 3,5.739999999999995,6,0,12,9,0,Morning,2,1.147633744855967,0.0,0.0007754876116254281
2024-12-30 16:21:52+00:00,49.94,42.25,-0.5,,Building 3,7.689999999999998,16,0,12,30,0,Afternoon,0,1.1820118343195265,0.0,0.000360153870348215
2025-02-13 20:44:46+00:00,43.0,38.62,-0.5,,Building 3,4.380000000000003,20,3,2,13,0,Evening,1,1.1134127395132056,0.0,0.0008047036642014428
2025-02-22 23:08:59+00:00,26.5,25.69,-0.5,,Building 3,0.8099999999999987,23,5,2,22,1,Evening,1,1.0315297781237835,0.0,0.00018859207638030045
2024-11-04 04:58:14+00:00,35.69,34.44,-0.5,,Building 3,1.25,4,0,11,4,0,Night,3,1.036295005807201,0.0,0.0029541710052217096
2025-01-22 15:45:22+00:00,46.88,43.25,-0.5,,Building 3,3.6300000000000026,15,2,1,22,0,Afternoon,0,1.0839306358381504,0.0,0.0007902150993293426
2024-11-26 21:08:57+00:00,41.94,37.06,-0.5,,Building 3,4.8799999999999955,21,1,11,26,0,Evening,1,1.1316783594171613,0.0,0.000634311498736807
2024-11-25 21:14:06+00:00,36.62,35.25,-0.5,,Building 3,1.3699999999999974,21,0,11,25,0,Evening,1,1.0388652482269503,0.0,0.0008037994450039371
2024-11-21 03:42:23+00:00,34.19,32.06,-0.5,,Building 3,2.1299999999999955,3,3,11,21,0,Night,3,1.0664379288833437,0.0,0.00020352224893087104
2025-02-21 10:13:18+00:00,41.75,37.88,-0.5,,Building 3,3.8699999999999974,10,4,2,21,0,Morning,2,1.1021647307286166,0.0,0.010374180876080242
2024-12-06 20:49:15+00:00,43.56,38.75,-0.5,,Building 3,4.810000000000002,20,4,12,6,0,Evening,1,1.1241290322580646,0.0,0.0009046598030978648
2024-11-22 17:00:00+00:00,43.56,38.75,-0.6,1.0,Building 3,4.810000000000002,17,4,11,22,0,Afternoon,0,,0.0,0.0018470795324109816
2024-11-15 10:40:40+00:00,42.81,38.5,-0.6,,Building 3,4.310000000000002,10,4,11,15,0,Morning,2,1.111948051948052,0.0,0.0008112105381495717
2024-11-01 18:03:42+00:00,35.19,32.94,-0.6,,Building 3,2.25,18,4,11,1,0,Evening,1,1.0683060109289617,0.0,0.0003456242725015583
2024-12-22 21:09:48+00:00,46.38,40.88,-0.6,,Building 3,5.5,21,6,12,22,1,Evening,1,1.1345401174168297,0.0,0.0007038040457305701
2024-12-28 18:30:13+00:00,50.38,43.75,-0.6,,Building 3,6.630000000000003,18,5,12,28,1,Evening,1,1.1515428571428572,0.0,0.0007960265930877804
2024-12-06 06:13:18+00:00,39.81,37.62,-0.6,,Building 3,2.190000000000005,6,4,12,6,0,Morning,2,1.058213716108453,0.0,0.0008781338220292655
2024-12-08 16:16:19+00:00,42.56,38.12,-0.6,,Building 3,4.440000000000005,16,6,12,8,1,Afternoon,0,1.1164742917103885,0.0,0.0007743811736526605
2024-12-17 04:01:11+00:00,34.5,32.75,-0.6,,Building 3,1.75,4,1,12,17,0,Night,3,1.0534351145038168,0.0,0.00025971080294956824
2024-12-22 07:21:12+00:00,43.75,37.81,-0.6,,Building 3,5.939999999999998,7,6,12,22,1,Morning,2,1.1571012959534515,0.0,0.0006059277383800813
2024-11-02 14:30:00+00:00,43.75,37.81,8.3,1.0,Building 3,5.939999999999998,14,5,11,2,1,Afternoon,0,,0.0,0.009233025305445619
2025-02-17 03:00:21+00:00,37.81,33.38,8.3,,Building 3,4.43,3,0,2,17,0,Night,3,1.1327142001198323,0.0,0.000911994555812838
2025-01-27 09:40:00+00:00,37.81,33.38,7.4,1.0,Building 3,4.43,9,0,1,27,0,Morning,2,,0.0,0.002170236462669264
2025-01-21 14:49:44+00:00,45.25,42.5,7.4,,Building 3,2.75,14,1,1,21,0,Afternoon,0,1.0647058823529412,0.0,0.0009703907687088283
2025-01-06 22:46:51+00:00,29.19,27.75,7.4,,Building 3,1.4400000000000013,22,0,1,6,0,Evening,1,1.051891891891892,0.0,0.00020447199393801505
2025-02-18 21:08:27+00:00,46.44,41.25,7.4,,Building 3,5.189999999999998,21,1,2,18,0,Evening,1,1.1258181818181818,0.0,0.0010222034952437477
2025-01-18 15:31:34+00:00,48.06,42.81,7.4,,Building 3,5.25,15,5,1,18,1,Afternoon,0,1.122634898388227,0.0,0.0007795685812813915
2024-12-24 06:23:10+00:00,44.12,41.56,7.4,,Building 3,2.559999999999995,6,1,12,24,0,Morning,2,1.0615976900866215,0.0,0.0015269225143227617
2025-02-22 17:39:16+00:00,35.31,33.69,7.4,,Building 3,1.6200000000000043,17,5,2,22,1,Afternoon,0,1.048085485307213,0.0,0.0005061901155154244
2025-01-26 16:46:05+00:00,40.94,35.56,7.4,,Building 3,5.3799999999999955,16,6,1,26,1,Afternoon,0,1.1512935883014621,0.0,0.0006958771878594963
2025-02-09 20:10:26+00:00,44.38,39.88,7.4,,Building 3,4.5,20,6,2,9,1,Evening,1,1.1128385155466398,0.0,0.0016176540849062323
2025-02-05 07:45:05+00:00,50.81,43.5,7.4,,Building 3,7.310000000000002,7,2,2,5,0,Morning,2,1.1680459770114944,0.0,0.0011147062717105545
2025-02-22 14:42:58+00:00,33.5,32.12,7.4,,Building 3,1.3800000000000026,14,5,2,22,1,Afternoon,0,1.042963885429639,0.0,0.000500004844631496
2025-01-25 04:16:23+00:00,29.81,28.69,7.4,,Building 3,1.1199999999999974,4,5,1,25,1,Night,3,1.039037992331823,0.0,0.00020908303929343978
2025-02-05 15:55:01+00:00,46.75,41.69,7.4,,Building 3,5.060000000000002,15,2,2,5,0,Afternoon,0,1.1213720316622693,0.0,0.0009623833368000987
2025-01-13 16:31:27+00:00,50.25,46.25,7.4,,Building 3,4.0,16,0,1,13,0,Afternoon,0,1.0864864864864865,0.0,0.0007435470192829817
2025-01-28 14:48:41+00:00,37.19,34.19,7.4,,Building 3,3.0,14,1,1,28,0,Afternoon,0,1.0877449546651068,0.0,0.0005053096325483688
2025-01-11 02:57:58+00:00,37.19,33.38,7.4,,Building 3,3.809999999999995,2,5,1,11,1,Night,3,1.1141402037147992,0.0,0.00043341786091914133
2024-11-03 11:59:43+00:00,35.44,33.88,7.4,,Building 3,1.5599999999999952,11,6,11,3,1,Morning,2,1.0460448642266822,0.0,0.0005473045904791446
2024-11-13 08:57:02+00:00,43.88,37.75,7.4,,Building 3,6.130000000000003,8,2,11,13,0,Morning,2,1.1623841059602649,0.0,0.000531229580940112
2025-01-11 17:34:56+00:00,47.81,44.0,7.4,,Building 3,3.8100000000000023,17,5,1,11,1,Afternoon,0,1.0865909090909092,0.0,0.0006236070801186349
2025-02-03 14:55:37+00:00,42.19,39.81,7.4,,Building 3,2.3799999999999955,14,0,2,3,0,Afternoon,0,1.0597839738759105,0.0,0.0010821842561906769
2025-02-16 03:13:53+00:00,37.69,35.19,7.4,,Building 3,2.5,3,6,2,16,1,Night,3,1.0710429099175902,0.0,0.0004744567418203901
2025-02-26 11:04:08+00:00,44.06,38.0,7.4,,Building 3,6.060000000000002,11,2,2,26,0,Morning,2,1.1594736842105264,0.0,0.0006199327859282065
2025-01-24 09:26:48+00:00,45.69,39.44,7.4,,Building 3,6.25,9,4,1,24,0,Morning,2,1.1584685598377282,0.0,0.0006145734646542543
2025-01-31 21:29:21+00:00,35.69,34.31,7.4,,Building 3,1.3799999999999957,21,4,1,31,0,Evening,1,1.0402215097639171,0.0,0.001919763286683529
2024-12-23 03:51:04+00:00,34.12,31.75,7.4,,Building 3,2.3699999999999974,3,0,12,23,0,Night,3,1.0746456692913384,0.0,0.0002719490586963883
2024-12-16 22:31:57+00:00,34.12,32.25,7.4,,Building 3,1.8699999999999977,22,0,12,16,0,Evening,1,1.057984496124031,0.0,0.00025050874049526
2025-02-03 15:05:04+00:00,46.19,39.94,7.4,,Building 3,6.25,15,0,2,3,0,Afternoon,0,1.156484727090636,0.0,0.0008666043642942897
2025-01-24 12:10:00+00:00,46.19,39.94,7.6,1.0,Building 3,6.25,12,4,1,24,0,Afternoon,0,,0.0,0.0024440468561899215
2025-02-25 12:21:44+00:00,35.88,33.31,7.6,,Building 3,2.5700000000000003,12,1,2,25,0,Afternoon,0,1.0771540078054638,0.0,0.0005059563442452846
2024-12-10 04:33:15+00:00,46.62,38.88,7.6,,Building 3,7.739999999999995,4,1,12,10,0,Night,3,1.199074074074074,0.0,0.0009521539553413325
2024-11-25 10:15:24+00:00,42.81,38.88,7.6,,Building 3,3.93,10,0,11,25,0,Morning,2,1.1010802469135803,0.0,0.0007876068787800216
2025-02-10 11:40:05+00:00,39.88,37.62,7.6,,Building 3,2.260000000000005,11,0,2,10,0,Morning,2,1.0600744284954813,0.0,0.0009920680682854056
2024-12-22 00:20:00+00:00,39.88,37.62,4.1,0.0,Building 3,2.260000000000005,0,6,12,22,1,Night,3,,0.0,0.0009580429536295117
2025-01-27 08:20:31+00:00,39.38,37.25,4.1,,Building 3,2.1300000000000026,8,0,1,27,0,Morning,2,1.0571812080536913,0.0,0.0009329170667225637
2025-01-03 05:57:28+00:00,46.06,43.12,4.1,,Building 3,2.940000000000005,5,4,1,3,0,Night,3,1.0681818181818183,0.0,0.000916950051996993
2025-02-17 06:38:09+00:00,47.94,42.94,4.1,,Building 3,5.0,6,0,2,17,0,Morning,2,1.1164415463437354,0.0,0.0009699213467465901
2024-12-04 08:40:00+00:00,47.94,42.94,3.0,1.0,Building 3,5.0,8,2,12,4,0,Morning,2,,0.0,0.0029632637777875235
2024-12-11 10:41:05+00:00,45.0,40.5,3.0,,Building 3,4.5,10,2,12,11,0,Morning,2,1.1111111111111112,0.0,0.0014043452382615997
2024-11-02 07:59:16+00:00,38.44,35.62,3.0,,Building 3,2.8200000000000003,7,5,11,2,1,Morning,2,1.0791690061763055,0.0,0.000702392634280124
2024-11-05 22:41:28+00:00,26.25,25.69,3.0,,Building 3,0.5599999999999987,22,1,11,5,0,Evening,1,1.0217983651226157,0.0,0.00018859207638030045
2025-02-13 14:27:32+00:00,41.94,36.44,3.0,,Building 3,5.5,14,3,2,13,0,Afternoon,0,1.1509330406147091,0.0,0.0007120465734528313
2024-11-22 20:19:30+00:00,47.88,44.38,3.0,,Building 3,3.5,20,4,11,22,0,Evening,1,1.0788643533123028,0.0,0.0007180241428069978
2025-01-15 00:00:00+00:00,47.88,44.38,-5.1,0.0,Building 3,3.5,0,2,1,15,0,Night,3,,0.0,0.0012030841939269143
2024-12-26 14:42:44+00:00,48.56,42.31,-5.1,,Building 3,6.25,14,3,12,26,0,Afternoon,0,1.1477192153155282,0.0,0.0005996378449466081
2024-12-11 16:34:10+00:00,46.0,41.38,-5.1,,Building 3,4.619999999999997,16,2,12,11,0,Afternoon,0,1.11164813919768,0.0,0.0007683906785415728
2025-01-02 12:01:26+00:00,41.0,37.19,-5.1,,Building 3,3.8100000000000023,12,3,1,2,0,Afternoon,0,1.1024468943264318,0.0,0.0006502860186316286
2025-01-09 09:12:10+00:00,38.56,36.25,-5.1,,Building 3,2.3100000000000023,9,3,1,9,0,Morning,2,1.0637241379310345,0.0,0.000780257878442016
2025-02-13 18:53:48+00:00,41.31,39.12,-5.1,,Building 3,2.190000000000005,18,3,2,13,0,Evening,1,1.0559815950920246,0.0,0.0010196957593072555
2024-11-17 20:46:31+00:00,42.19,36.56,-5.1,,Building 3,5.6299999999999955,20,6,11,17,1,Evening,1,1.1539934354485775,0.0,0.0006502457620281057
2025-01-14 21:07:21+00:00,50.75,43.62,-5.1,,Building 3,7.130000000000003,21,1,1,14,0,Evening,1,1.1634571297569922,0.0,0.0006800220000368923
2024-11-15 23:17:01+00:00,32.75,31.44,-5.1,,Building 3,1.3099999999999987,23,4,11,15,0,Evening,1,1.0416666666666665,0.0,0.00019828541630758175
2025-02-08 11:45:15+00:00,47.81,41.44,-5.1,,Building 3,6.3700000000000045,11,5,2,8,1,Morning,2,1.1537162162162162,0.0,0.0007178422943711323
2025-02-28 18:49:32+00:00,44.81,38.81,-5.1,,Building 3,6.0,18,4,2,28,0,Evening,1,1.1545993300695696,0.0,0.0005865046392665056
2025-02-03 12:09:04+00:00,43.69,38.94,-5.1,,Building 3,4.75,12,0,2,3,0,Afternoon,0,1.1219825372367744,0.0,0.000808893015586587
2024-12-06 13:30:00+00:00,43.69,38.94,7.7,1.0,Building 3,4.75,13,4,12,6,0,Afternoon,0,,0.0,0.0021988395765488726
2024-11-23 21:30:37+00:00,36.44,35.06,7.7,,Building 3,1.3799999999999957,21,5,11,23,1,Evening,1,1.0393610952652594,0.0,0.0011020596966426714
2025-02-14 21:15:16+00:00,44.06,42.25,7.7,,Building 3,1.8100000000000025,21,4,2,14,0,Evening,1,1.0428402366863905,0.0,0.0025965248550340776
2024-11-16 09:28:53+00:00,43.06,40.44,7.7,,Building 3,2.6200000000000045,9,5,11,16,1,Morning,2,1.0647873392680516,0.0,0.0008050893483170962
2024-11-06 00:35:40+00:00,26.31,25.5,7.7,,Building 3,0.8099999999999987,0,2,11,6,0,Night,3,1.031764705882353,0.0,0.00019842358741279623
2024-12-21 05:36:08+00:00,44.88,42.31,7.7,,Building 3,2.5700000000000003,5,5,12,21,1,Night,3,1.0607421413377451,0.0,0.002459996086645315
2024-11-22 19:33:06+00:00,49.0,44.19,7.7,,Building 3,4.810000000000002,19,4,11,22,0,Evening,1,1.108848155691333,0.0,0.0007161542889311575
2024-12-14 00:00:00+00:00,49.0,44.19,-0.8,,Building 3,4.810000000000002,0,5,12,14,1,Night,3,,0.0,0.0013918543032009384
2025-01-04 20:29:54+00:00,51.81,44.69,-0.8,,Building 3,7.1200000000000045,20,5,1,4,1,Evening,1,1.1593197583351982,0.0,0.001676449608999624
2024-11-02 06:30:09+00:00,38.88,35.25,-0.8,,Building 3,3.6300000000000026,6,5,11,2,1,Morning,2,1.1029787234042554,0.0,0.0007616980038121054
2025-02-01 08:00:41+00:00,47.19,40.62,-0.8,,Building 3,6.57,8,5,2,1,1,Morning,2,1.1617429837518465,0.0,0.0007218103960137308
2024-12-29 17:52:40+00:00,49.06,41.56,-0.8,,Building 3,7.5,17,6,12,29,1,Afternoon,0,1.1804619826756497,0.0,0.0005024416997937706
2024-12-02 01:17:00+00:00,35.12,32.31,-0.8,,Building 3,2.809999999999995,1,0,12,2,0,Night,3,1.0869699783348807,0.0,0.00018610739670425901
2025-01-23 23:07:23+00:00,36.19,31.56,-0.8,,Building 3,4.629999999999999,23,3,1,23,0,Evening,1,1.1467046894803548,0.0,0.00024434838031741935
2024-11-05 12:11:20+00:00,33.69,32.38,-0.8,,Building 3,1.3099999999999952,12,1,11,5,0,Afternoon,0,1.0404570722668312,0.0,0.0002800121032741165
2025-02-11 17:57:34+00:00,38.69,36.25,-0.8,,Building 3,2.4399999999999977,17,1,2,11,0,Afternoon,0,1.0673103448275862,0.0,0.0008479781805115436
2024-12-26 01:59:23+00:00,37.12,35.19,-0.8,,Building 3,1.9299999999999995,1,3,12,26,0,Night,3,1.0548451264563796,0.0,0.00037842963920699577
2024-11-25 06:49:13+00:00,45.12,42.38,-0.8,,Building 3,2.739999999999995,6,0,11,25,0,Morning,2,1.06465313827277,0.0,0.001085599664729825
2024-12-21 03:52:23+00:00,35.81,33.44,-0.8,,Building 3,2.3700000000000045,3,5,12,21,1,Night,3,1.070873205741627,0.0,0.00018983771769171608
2024-11-12 13:41:53+00:00,39.25,36.25,-0.8,,Building 3,3.0,13,1,11,12,0,Afternoon,0,1.0827586206896551,0.0,0.0006247295259654264
2024-11-20 18:48:49+00:00,42.62,40.31,-0.8,,Building 3,2.309999999999995,18,2,11,20,0,Evening,1,1.0573058794343835,0.0,0.0010146912318264732
2025-02-06 21:03:04+00:00,48.56,41.94,-0.8,,Building 3,6.6200000000000045,21,3,2,6,0,Evening,1,1.1578445398187889,0.0,0.0007404256731176154
2025-01-16 04:20:00+00:00,48.56,41.94,1.0,1.0,Building 3,6.6200000000000045,4,3,1,16,0,Night,3,,0.0,0.002928993636481556
2025-02-28 16:25:31+00:00,41.75,38.69,1.0,,Building 3,3.0600000000000023,16,4,2,28,0,Afternoon,0,1.0790902041871284,0.0,0.0007397397631158326
2024-12-08 07:04:03+00:00,46.62,40.5,1.0,,Building 3,6.119999999999997,7,6,12,8,1,Morning,2,1.151111111111111,0.0,0.0006945376933377163
2025-01-27 20:30:00+00:00,46.62,40.5,5.6,1.0,Building 3,6.119999999999997,20,0,1,27,0,Evening,1,,0.0,0.00240300816403037
2024-11-24 04:10:42+00:00,30.81,29.44,5.6,,Building 3,1.3699999999999974,4,6,11,24,1,Night,3,1.0465353260869565,0.0,0.00020938675186800936
2024-12-17 17:52:17+00:00,42.31,39.56,5.6,,Building 3,2.75,17,1,12,17,0,Afternoon,0,1.069514661274014,0.0,0.000953665474805873
2024-12-23 01:37:18+00:00,36.06,31.81,5.6,,Building 3,4.2500000000000036,1,0,12,23,0,Night,3,1.133605784344546,0.0,0.00034518051372859303
2025-02-11 01:02:00+00:00,30.12,29.0,5.6,,Building 3,1.120000000000001,1,1,2,11,0,Night,3,1.0386206896551724,0.0,0.00019871181921886816
2025-02-24 12:46:32+00:00,34.69,32.44,5.6,,Building 3,2.25,12,0,2,24,0,Afternoon,0,1.0693588162762022,0.0,0.0005058993711007962
2025-02-03 10:55:05+00:00,45.38,39.19,5.6,,Building 3,6.190000000000005,10,0,2,3,0,Morning,2,1.1579484562388365,0.0,0.00047073882602363063
2024-11-29 21:39:18+00:00,35.38,33.94,5.6,,Building 3,1.4400000000000048,21,4,11,29,0,Evening,1,1.0424278137890397,0.0,0.0005379531652838289
2024-12-29 19:05:12+00:00,50.19,43.56,5.6,,Building 3,6.6299999999999955,19,6,12,29,1,Evening,1,1.1522038567493111,0.0,0.0007845457271388072
2025-01-04 09:13:28+00:00,49.25,45.94,5.6,,Building 3,3.3100000000000023,9,5,1,4,1,Morning,2,1.0720505006530257,0.0,0.0010282574290101586
2025-02-26 06:44:41+00:00,41.88,38.81,5.6,,Building 3,3.0700000000000003,6,2,2,26,0,Morning,2,1.0791033238855965,0.0,0.0007443918864894355
2024-11-25 02:26:10+00:00,33.94,32.12,5.6,,Building 3,1.8200000000000005,2,0,11,25,0,Night,3,1.0566625155666252,0.0,0.00025121795908864686
2025-02-22 19:45:29+00:00,39.69,34.38,5.6,,Building 3,5.309999999999995,19,5,2,22,1,Evening,1,1.1544502617801045,0.0,0.0007214817710634863
2024-12-16 06:14:51+00:00,44.38,39.75,5.6,,Building 3,4.630000000000003,6,0,12,16,0,Morning,2,1.1164779874213837,0.0,0.0016246382500411834
2025-01-29 05:34:41+00:00,43.38,38.06,5.6,,Building 3,5.32,5,2,1,29,0,Night,3,1.1397792958486601,0.0,0.0006765021775964971
2024-12-22 17:44:47+00:00,43.69,41.19,5.6,,Building 3,2.5,17,6,12,22,1,Afternoon,0,1.0606943432872056,0.0,0.000824186706435037
2025-02-10 09:28:47+00:00,46.38,40.38,5.6,,Building 3,6.0,9,0,2,10,0,Morning,2,1.1485884101040118,0.0,0.0007436263646662859
2024-12-28 20:02:08+00:00,45.62,42.88,5.6,,Building 3,2.739999999999995,20,5,12,28,1,Evening,1,1.0638992537313432,0.0,0.000932440049571007
2024-12-17 08:51:07+00:00,46.94,40.5,5.6,,Building 3,6.439999999999998,8,1,12,17,0,Morning,2,1.1590123456790122,0.0,0.0008071134621039909
2025-02-09 23:06:00+00:00,35.38,30.94,5.6,,Building 3,4.440000000000001,23,6,2,9,1,Evening,1,1.143503555268261,0.0,0.0003340340889731479
2025-01-31 02:06:52+00:00,29.56,28.44,5.6,,Building 3,1.1199999999999974,2,4,1,31,0,Night,3,1.0393811533052038,0.0,0.00019871181921886816
2025-01-07 02:02:41+00:00,29.38,28.0,5.6,,Building 3,1.379999999999999,2,1,1,7,0,Night,3,1.0492857142857142,0.0,0.00019871181921886816
2025-02-19 13:41:12+00:00,45.38,39.19,5.6,,Building 3,6.190000000000005,13,2,2,19,0,Afternoon,0,1.1579484562388365,0.0,0.0005262960153900381
2025-02-15 02:48:57+00:00,37.44,35.44,5.6,,Building 3,2.0,2,5,2,15,1,Night,3,1.0564334085778782,0.0,0.0005128601679633343
2024-12-30 23:36:48+00:00,36.69,34.69,5.6,,Building 3,2.0,23,0,12,30,0,Evening,1,1.0576535024502738,0.0,0.0005230922285530175
2025-01-30 16:37:55+00:00,39.25,37.19,5.6,,Building 3,2.0600000000000023,16,3,1,30,0,Afternoon,0,1.0553912342027427,0.0,0.0009469599663240634
2025-01-14 04:27:43+00:00,52.56,43.88,5.6,,Building 3,8.68,4,1,1,14,0,Night,3,1.1978122151321786,0.0,0.0008819877670889619
2024-11-29 19:47:26+00:00,48.19,42.31,5.6,,Building 3,5.8799999999999955,19,4,11,29,0,Evening,1,1.1389742377688488,0.0,0.0006135727389961263
2025-01-15 09:53:20+00:00,52.31,45.0,5.6,,Building 3,7.310000000000002,9,2,1,15,0,Morning,2,1.1624444444444444,0.0,0.0012238805185370118
2025-01-30 18:30:13+00:00,41.25,38.88,5.6,,Building 3,2.3699999999999974,18,3,1,30,0,Evening,1,1.0609567901234567,0.0,0.0010294644897219226
2025-02-01 15:57:21+00:00,42.69,40.12,5.6,,Building 3,2.5700000000000003,15,5,2,1,1,Afternoon,0,1.0640578265204388,0.0,0.0011007622923749467
2025-02-26 08:53:33+00:00,41.62,38.25,5.6,,Building 3,3.3699999999999974,8,2,2,26,0,Morning,2,1.0881045751633986,0.0,0.0007403357506510088
2024-11-09 02:13:58+00:00,26.5,25.94,5.6,,Building 3,0.5599999999999987,2,5,11,9,1,Night,3,1.0215882806476484,0.0,0.00019871181921886816
2025-01-10 14:05:37+00:00,45.44,39.5,5.6,,Building 3,5.939999999999998,14,4,1,10,0,Afternoon,0,1.150379746835443,0.0,0.0007267302512395596
2024-12-10 00:09:28+00:00,33.62,31.12,5.6,,Building 3,2.4999999999999964,0,1,12,10,0,Night,3,1.0803341902313623,0.0,0.00021412632402541555
2024-11-03 18:33:17+00:00,36.31,33.88,5.6,,Building 3,2.4299999999999997,18,6,11,3,1,Evening,1,1.07172373081464,0.0,0.0005236864103294868
2024-12-18 12:58:12+00:00,39.25,36.75,5.6,,Building 3,2.5,12,2,12,18,0,Afternoon,0,1.0680272108843538,0.0,0.0009454846014116005
2024-12-09 17:42:14+00:00,45.06,39.75,5.6,,Building 3,5.310000000000002,17,0,12,9,0,Afternoon,0,1.1335849056603775,0.0,0.0014249511540368042
2024-12-19 07:40:33+00:00,44.38,40.25,5.6,,Building 3,4.130000000000003,7,3,12,19,0,Morning,2,1.102608695652174,0.0,0.0011504712018607006
2025-02-03 15:53:26+00:00,44.94,41.0,5.6,,Building 3,3.9399999999999977,15,0,2,3,0,Afternoon,0,1.0960975609756096,0.0,0.0007834294467621037
2024-11-10 17:54:37+00:00,38.25,36.25,5.6,,Building 3,2.0,17,6,11,10,1,Afternoon,0,1.0551724137931036,0.0,0.0010752362279251738
2024-11-04 22:00:37+00:00,28.38,27.69,5.6,,Building 3,0.6899999999999977,22,0,11,4,0,Evening,1,1.0249187432286022,0.0,0.00018859207638030045
2025-01-29 15:20:00+00:00,28.38,27.69,7.8,1.0,Building 3,0.6899999999999977,15,2,1,29,0,Afternoon,0,,0.0,0.0005521890629665759
2024-11-11 00:10:00+00:00,28.38,27.69,5.5,0.0,Building 3,0.6899999999999977,0,0,11,11,0,Night,3,,0.0,0.0003679535307802968
2024-12-01 23:49:13+00:00,33.62,31.88,5.5,,Building 3,1.7399999999999984,23,6,12,1,1,Evening,1,1.0545796737766624,0.0,0.00023985454700620646
2025-01-08 01:14:15+00:00,31.56,30.38,5.5,,Building 3,1.1799999999999995,1,2,1,8,0,Night,3,1.0388413429888084,0.0,0.00019871181921886816
2025-02-23 20:10:00+00:00,31.56,30.38,6.8,1.0,Building 3,1.1799999999999997,20,6,2,23,1,Evening,1,,0.0,0.0006717880950751929
2024-11-05 00:38:35+00:00,24.94,24.25,6.8,,Building 3,0.6900000000000013,0,1,11,5,0,Night,3,1.0284536082474227,0.0,0.00019871181921886816
2024-11-14 09:38:53+00:00,43.12,38.81,6.8,,Building 3,4.309999999999995,9,3,11,14,0,Morning,2,1.1110538520999742,0.0,0.0008787830772016308
2025-02-27 01:17:55+00:00,32.88,31.5,6.8,,Building 3,1.3800000000000026,1,3,2,27,0,Night,3,1.043809523809524,0.0,0.00020892518952599133
2024-12-15 16:50:55+00:00,44.69,40.88,6.8,,Building 3,3.809999999999995,16,6,12,15,1,Afternoon,0,1.0931996086105673,0.0,0.0006049762337497415
2025-02-15 15:49:09+00:00,47.88,41.38,6.8,,Building 3,6.5,15,5,2,15,1,Afternoon,0,1.1570807153214113,0.0,0.0006035150056604533
2025-01-11 06:54:10+00:00,52.31,45.31,6.8,,Building 3,7.0,6,5,1,11,1,Morning,2,1.154491282277643,0.0,0.0007398805860971498
2025-01-16 15:34:32+00:00,45.06,39.31,6.8,,Building 3,5.75,15,3,1,16,0,Afternoon,0,1.1462732129229203,0.0,0.0008438869445376325
2024-12-25 20:22:46+00:00,49.25,43.0,6.8,,Building 3,6.25,20,2,12,25,0,Evening,1,1.1453488372093024,0.0,0.0006418104008905985
2024-11-16 19:27:21+00:00,46.44,40.19,6.8,,Building 3,6.25,19,5,11,16,1,Evening,1,1.1555113212241852,0.0,0.0006046189024750007
2025-02-17 20:52:56+00:00,46.69,40.81,6.8,,Building 3,5.8799999999999955,20,0,2,17,0,Evening,1,1.144082332761578,0.0,0.0007614064171085897
2025-01-02 10:30:30+00:00,41.12,38.81,6.8,,Building 3,2.309999999999995,10,3,1,2,0,Morning,2,1.0595207420767843,0.0,0.0010550056202406806
2025-01-22 01:11:41+00:00,35.12,33.25,6.8,,Building 3,1.8699999999999977,1,2,1,22,0,Night,3,1.0562406015037593,0.0,0.00025101610281664247
2024-11-04 05:55:16+00:00,36.62,35.19,6.8,,Building 3,1.4299999999999995,5,0,11,4,0,Night,3,1.0406365444728616,0.0,0.0010622854697880622
2024-12-14 10:58:17+00:00,43.31,40.88,6.8,,Building 3,2.4299999999999997,10,5,12,14,1,Morning,2,1.0594422700587085,0.0,0.0007923925146111226
2025-02-22 01:15:27+00:00,30.62,29.25,6.8,,Building 3,1.370000000000001,1,5,2,22,1,Night,3,1.0468376068376068,0.0,0.00019871181921886816
2025-02-17 05:20:00+00:00,30.62,29.25,-1.1,1.0,Building 3,1.370000000000001,5,0,2,17,0,Night,3,,0.0,0.0004916437738890308
2024-12-31 16:31:19+00:00,50.06,43.56,-1.1,,Building 3,6.5,16,1,12,31,0,Afternoon,0,1.1492194674012857,0.0,0.000734670641892347
2025-01-19 18:51:58+00:00,48.19,42.0,-1.1,,Building 3,6.189999999999998,18,6,1,19,1,Evening,1,1.1473809523809524,0.0,0.0023925449889377463
2024-11-29 16:15:21+00:00,46.62,40.06,-1.1,,Building 3,6.559999999999995,16,4,11,29,0,Afternoon,0,1.1637543684473288,0.0,0.0005883602950822065
2024-11-25 14:26:20+00:00,37.56,34.56,-1.1,,Building 3,3.0,14,0,11,25,0,Afternoon,0,1.0868055555555556,0.0,0.0005588630656732147
2024-12-07 05:30:55+00:00,43.5,40.31,-1.1,,Building 3,3.1899999999999977,5,5,12,7,1,Night,3,1.079136690647482,0.0,0.0007929085968513481
2025-01-26 08:20:27+00:00,42.94,37.19,-1.1,,Building 3,5.75,8,6,1,26,1,Morning,2,1.1546114546921216,0.0,0.0005681594781075406
2024-11-03 10:24:45+00:00,36.56,34.25,-1.1,,Building 3,2.3100000000000023,10,6,11,3,1,Morning,2,1.0674452554744527,0.0,0.0003849006728489119
2024-12-23 17:28:18+00:00,45.31,40.62,-1.1,,Building 3,4.690000000000005,17,0,12,23,0,Afternoon,0,1.1154603643525358,0.0,0.0006395022345515757
2024-11-08 14:37:14+00:00,32.31,30.38,-1.1,,Building 3,1.9300000000000033,14,4,11,8,0,Afternoon,0,1.0635286372613562,0.0,0.000348048284136374
2025-01-31 19:35:51+00:00,43.25,39.06,-1.1,,Building 3,4.189999999999998,19,4,1,31,0,Evening,1,1.1072708653353813,0.0,0.0007215577107154763
2025-02-13 11:42:13+00:00,38.44,35.81,-1.1,,Building 3,2.6299999999999955,11,3,2,13,0,Morning,2,1.0734431722982405,0.0,0.0006898578652676432
2024-12-12 04:55:01+00:00,45.12,41.5,-1.1,,Building 3,3.6199999999999974,4,3,12,12,0,Night,3,1.0872289156626505,0.0,0.0007081665178826658
2024-12-05 21:45:30+00:00,32.44,31.25,-1.1,,Building 3,1.1899999999999975,21,3,12,5,0,Evening,1,1.03808,0.0,0.00025854198380738115
2025-01-15 04:50:28+00:00,50.88,47.12,-1.1,,Building 3,3.760000000000005,4,2,1,15,0,Night,3,1.0797962648556878,0.0,0.0007322715840337867
2024-12-30 14:28:52+00:00,49.06,42.25,-1.1,,Building 3,6.810000000000002,14,0,12,30,0,Afternoon,0,1.1611834319526628,0.0,0.0006361781950938833
2025-01-09 03:07:06+00:00,29.19,25.88,-1.1,,Building 3,3.3100000000000023,3,3,1,9,0,Night,3,1.1278979907264297,0.0,0.00028518201006427643
2025-02-13 07:04:14+00:00,41.06,36.06,-1.1,,Building 3,5.0,7,3,2,13,0,Morning,2,1.1386577925679424,0.0,0.0006349253560401283
2024-11-07 02:31:59+00:00,24.19,23.62,-1.1,,Building 3,0.5700000000000003,2,3,11,7,0,Night,3,1.0241320914479255,0.0,0.0001859811677032185
2024-12-03 22:00:00+00:00,24.19,23.62,3.8,0.0,Building 3,0.5700000000000003,22,1,12,3,0,Evening,1,,0.0,0.00039301360822382824
2025-01-13 11:27:25+00:00,53.06,44.62,3.8,,Building 3,8.440000000000005,11,0,1,13,0,Morning,2,1.1891528462572838,0.0,0.000581107574782574
2025-02-24 09:39:53+00:00,37.12,35.44,3.8,,Building 3,1.6799999999999995,9,0,2,24,0,Morning,2,1.0474040632054176,0.0,0.0028443910037557227
2025-02-14 01:56:25+00:00,31.56,30.19,3.8,,Building 3,1.3699999999999974,1,4,2,14,0,Night,3,1.0453792646571711,0.0,0.00019871181921886816
2024-11-02 10:51:28+00:00,36.12,33.94,3.8,,Building 3,2.1799999999999997,10,5,11,2,1,Morning,2,1.0642309958750737,0.0,0.0004109201223817506
2025-02-20 23:30:01+00:00,32.56,30.56,3.8,,Building 3,2.0000000000000036,23,3,2,20,0,Evening,1,1.0654450261780106,0.0,0.00019828541630758175
2024-12-15 18:21:15+00:00,46.19,41.56,3.8,,Building 3,4.6299999999999955,18,6,12,15,1,Evening,1,1.111405197305101,0.0,0.0008106059497125824
2024-11-02 19:54:32+00:00,37.75,34.62,3.8,,Building 3,3.1300000000000026,19,5,11,2,1,Evening,1,1.0904101675332178,0.0,0.0006707736911689782
2024-12-21 20:01:24+00:00,43.69,38.38,3.8,,Building 3,5.309999999999995,20,5,12,21,1,Evening,1,1.138353309015112,0.0,0.003679625538279926
2025-01-01 00:37:26+00:00,37.69,35.06,3.8,,Building 3,2.6299999999999955,0,2,1,1,0,Night,3,1.0750142612664004,0.0,0.00037239162103427367
2025-02-26 00:09:36+00:00,27.12,25.81,3.8,,Building 3,1.3100000000000025,0,2,2,26,0,Night,3,1.0507555211158466,0.0,0.00019871181921886816
2025-01-30 04:24:41+00:00,43.75,36.38,3.8,,Building 3,7.369999999999997,4,3,1,30,0,Night,3,1.202583837273227,0.0,0.0029007981251371827
2025-02-19 18:32:53+00:00,45.56,41.06,3.8,,Building 3,4.5,18,2,2,19,0,Evening,1,1.1095957135898684,0.0,0.0008150595627168534
2024-11-17 11:11:23+00:00,43.44,37.38,3.8,,Building 3,6.059999999999995,11,6,11,17,1,Morning,2,1.162118780096308,0.0,0.0033234729202600683
2025-02-17 06:42:18+00:00,47.94,42.94,3.8,,Building 3,5.0,6,0,2,17,0,Morning,2,1.1164415463437354,0.0,0.0009370305661016746
2024-11-30 22:37:39+00:00,35.12,32.94,3.8,,Building 3,2.1799999999999997,22,5,11,30,1,Evening,1,1.066180935033394,0.0,0.00020406951352741317
2025-02-23 16:28:01+00:00,38.25,33.62,3.8,,Building 3,4.630000000000003,16,6,2,23,1,Afternoon,0,1.1377156454491375,0.0,0.0005963390191873351
2024-12-17 20:37:35+00:00,46.5,40.19,3.8,,Building 3,6.310000000000002,20,1,12,17,0,Evening,1,1.1570042299079373,0.0,0.0007317969336018945
2024-12-06 21:00:00+00:00,46.5,40.19,4.6,1.0,Building 3,6.310000000000002,21,4,12,6,0,Evening,1,,0.0,0.004054152952536407
2025-01-18 15:04:13+00:00,48.0,41.38,4.6,,Building 3,6.619999999999997,15,5,1,18,1,Afternoon,0,1.1599806669888835,0.0,0.0008633335881914771
2024-11-07 05:50:00+00:00,48.0,41.38,8.3,1.0,Building 3,6.619999999999997,5,3,11,7,0,Night,3,,0.0,0.009430442061545486
2024-12-24 19:01:35+00:00,46.94,42.38,8.3,,Building 3,4.559999999999995,19,1,12,24,0,Evening,1,1.1075979235488436,0.0,0.002056360893490677
2024-12-26 06:24:13+00:00,49.19,45.94,8.3,,Building 3,3.25,6,3,12,26,0,Morning,2,1.0707444492816718,0.0,0.000980168903218153
2024-12-02 15:53:49+00:00,42.38,38.38,8.3,,Building 3,4.0,15,0,12,2,0,Afternoon,0,1.1042209484106305,0.0,0.013893332423393745
2024-11-13 14:08:59+00:00,42.81,38.88,8.3,,Building 3,3.93,14,2,11,13,0,Afternoon,0,1.1010802469135803,0.0,0.003282536849175208
2024-12-24 14:48:59+00:00,44.44,40.06,8.3,,Building 3,4.3799999999999955,14,1,12,24,0,Afternoon,0,1.109335996005991,0.0,0.0023437628648376786
2024-12-12 12:38:45+00:00,43.31,39.19,8.3,,Building 3,4.1200000000000045,12,3,12,12,0,Afternoon,0,1.105128859402909,0.0,0.021477523816949493
2024-11-23 08:43:55+00:00,50.56,43.5,8.3,,Building 3,7.060000000000002,8,5,11,23,1,Morning,2,1.1622988505747127,0.0,0.0006381608231467199
2024-11-22 07:36:29+00:00,48.69,43.31,8.3,,Building 3,5.3799999999999955,7,4,11,22,0,Morning,2,1.1242207342415145,0.0,0.000689232957551313
2024-11-08 10:32:52+00:00,33.56,32.31,8.3,,Building 3,1.25,10,4,11,8,0,Morning,2,1.0386877127824203,0.0,0.0004792970221107204
2025-02-07 17:10:00+00:00,33.56,32.31,2.0,1.0,Building 3,1.25,17,4,2,7,0,Afternoon,0,,0.0,0.0012211795290224773
2024-12-04 12:42:58+00:00,43.44,37.38,2.0,,Building 3,6.059999999999995,12,2,12,4,0,Afternoon,0,1.162118780096308,0.0,0.0007141269462569517
2025-01-01 08:54:42+00:00,53.06,46.44,2.0,,Building 3,6.6200000000000045,8,2,1,1,0,Morning,2,1.1425495262704566,0.0,0.0005721870213588644
2025-02-09 08:29:40+00:00,46.0,39.88,2.0,,Building 3,6.119999999999997,8,6,2,9,1,Morning,2,1.1534603811434303,0.0,0.0007266597928422492
2025-01-02 01:08:34+00:00,32.31,30.94,2.0,,Building 3,1.370000000000001,1,3,1,2,0,Night,3,1.0442792501616032,0.0,0.00020172758127842818
2025-02-25 13:50:34+00:00,35.31,33.81,2.0,,Building 3,1.5,13,1,2,25,0,Afternoon,0,1.044365572315883,0.0,0.0004497848380039801
2025-02-05 12:50:00+00:00,35.31,33.81,-1.0,1.0,Building 3,1.5,12,2,2,5,0,Afternoon,0,,0.0,0.0009844323504235167
2025-01-31 10:27:21+00:00,43.06,37.12,-1.0,,Building 3,5.940000000000005,10,4,1,31,0,Morning,2,1.1600215517241381,0.0,0.0005854079712160652
2025-02-05 07:32:28+00:00,50.12,44.75,-1.0,,Building 3,5.369999999999997,7,2,2,5,0,Morning,2,1.1199999999999999,0.0,0.00043381682269282224
2025-01-08 00:30:00+00:00,50.12,44.75,2.3,0.0,Building 3,5.369999999999997,0,2,1,8,0,Night,3,,0.0,0.0007375309719687726
2025-02-06 08:51:14+00:00,45.81,41.75,2.3,,Building 3,4.060000000000002,8,3,2,6,0,Morning,2,1.0972455089820359,0.0,0.0007841988102271577
2025-01-06 18:58:50+00:00,38.62,35.06,2.3,,Building 3,3.559999999999995,18,0,1,6,0,Evening,1,1.1015402167712491,0.0,0.014858202067817464
2024-12-04 12:07:01+00:00,43.25,37.12,2.3,,Building 3,6.130000000000003,12,2,12,4,0,Afternoon,0,1.1651400862068966,0.0,0.0007141269462569517
2024-12-10 09:40:00+00:00,43.25,37.12,1.7,1.0,Building 3,6.130000000000003,9,1,12,10,0,Morning,2,,0.0,0.00263012623576993
2024-11-15 06:04:26+00:00,44.25,41.69,1.7,,Building 3,2.5600000000000023,6,4,11,15,0,Morning,2,1.0614056128568004,0.0,0.0009901709551702147
2024-11-18 05:17:48+00:00,39.5,37.31,1.7,,Building 3,2.1899999999999977,5,0,11,18,0,Night,3,1.0586974001608147,0.0,0.0009481784511976473
2025-01-28 16:55:59+00:00,41.19,37.81,1.7,,Building 3,3.3799999999999955,16,1,1,28,0,Afternoon,0,1.0893943401216608,0.0,0.0007183767621902552
2025-02-24 16:41:06+00:00,36.81,34.31,1.7,,Building 3,2.5,16,0,2,24,0,Afternoon,0,1.0728650539201399,0.0,0.0005595284110321682
2025-01-08 00:10:42+00:00,32.25,30.19,1.7,,Building 3,2.0599999999999987,0,2,1,8,0,Night,3,1.06823451473998,0.0,0.0001859811677032185
2025-01-31 14:30:44+00:00,40.56,37.12,1.7,,Building 3,3.440000000000005,14,4,1,31,0,Afternoon,0,1.0926724137931036,0.0,0.0007057885376887316
2025-02-25 02:24:31+00:00,27.69,26.69,1.7,,Building 3,1.0,2,1,2,25,0,Night,3,1.0374672161858374,0.0,0.0001859811677032185
2024-12-21 13:16:00+00:00,43.62,39.38,1.7,,Building 3,4.239999999999995,13,5,12,21,1,Afternoon,0,1.1076688674454036,0.0,0.0010408744043739946
2024-12-03 07:04:13+00:00,39.19,36.88,1.7,,Building 3,2.309999999999995,7,1,12,3,0,Morning,2,1.06263557483731,0.0,0.0008614128417887149
2024-12-04 23:15:13+00:00,32.81,31.25,1.7,,Building 3,1.5600000000000025,23,2,12,4,0,Evening,1,1.04992,0.0,0.0001932320229421687
2024-11-13 07:17:30+00:00,42.0,38.19,1.7,,Building 3,3.8100000000000023,7,2,11,13,0,Morning,2,1.0997643362136686,0.0,0.0026393988683558875
2025-02-21 10:34:17+00:00,42.5,37.56,1.7,,Building 3,4.939999999999998,10,4,2,21,0,Morning,2,1.1315228966986155,0.0,0.0025669148427871716
2024-11-19 21:42:38+00:00,28.88,28.06,1.7,,Building 3,0.8200000000000003,21,1,11,19,0,Evening,1,1.029223093371347,0.0,0.00020162434709086277
2024-11-13 01:05:13+00:00,31.5,27.88,1.7,,Building 3,3.620000000000001,1,2,11,13,0,Night,3,1.129842180774749,0.0,0.0004431006140360807
2025-01-13 22:17:33+00:00,41.06,38.62,1.7,,Building 3,2.440000000000005,22,0,1,13,0,Evening,1,1.0631796996374936,0.0,0.00040863730312656345
2025-01-22 20:53:46+00:00,47.0,43.75,1.7,,Building 3,3.25,20,2,1,22,0,Evening,1,1.0742857142857143,0.0,0.0007966030322578773
2024-11-08 19:43:41+00:00,38.62,35.12,1.7,,Building 3,3.5,19,4,11,8,0,Evening,1,1.0996583143507972,0.0,0.001891593084062985
2024-11-15 22:01:49+00:00,33.0,31.12,1.7,,Building 3,1.879999999999999,22,4,11,15,0,Evening,1,1.0604113110539846,0.0,0.00019828541630758175
2024-12-09 14:03:13+00:00,43.88,39.12,1.7,,Building 3,4.760000000000005,14,0,12,9,0,Afternoon,0,1.121676891615542,0.0,0.0009523423833607465
2025-02-11 11:45:54+00:00,42.69,37.0,1.7,,Building 3,5.689999999999998,11,1,2,11,0,Morning,2,1.1537837837837837,0.0,0.0011051003151467658
2024-11-10 17:07:01+00:00,37.94,36.12,1.7,,Building 3,1.8200000000000005,17,6,11,10,1,Afternoon,0,1.050387596899225,0.0,0.000749019816873757
2024-11-10 20:39:55+00:00,38.75,35.88,1.7,,Building 3,2.8699999999999974,20,6,11,10,1,Evening,1,1.079988851727982,0.0,0.000687135656835764
2025-01-30 15:26:56+00:00,39.75,36.5,1.7,,Building 3,3.25,15,3,1,30,0,Afternoon,0,1.0890410958904109,0.0,0.0006810710664433031
2025-02-21 22:19:52+00:00,28.88,27.62,1.7,,Building 3,1.259999999999998,22,4,2,21,0,Evening,1,1.0456191165821866,0.0,0.00018859207638030045
2025-01-03 09:31:03+00:00,46.62,43.38,1.7,,Building 3,3.239999999999995,9,4,1,3,0,Morning,2,1.0746887966804979,0.0,0.0008506371109180095
2024-12-12 18:29:31+00:00,44.0,41.31,1.7,,Building 3,2.6899999999999977,18,3,12,12,0,Evening,1,1.065117404986686,0.0,0.0010197428781196672
2025-02-04 21:18:09+00:00,40.94,39.12,1.7,,Building 3,1.8200000000000005,21,1,2,4,0,Evening,1,1.046523517382413,0.0,0.00078442436541224
2024-12-09 04:15:40+00:00,33.88,28.88,1.7,,Building 3,5.0000000000000036,4,0,12,9,0,Night,3,1.1731301939058174,0.0,0.001147271797228505
2024-11-22 02:43:09+00:00,35.38,33.62,1.7,,Building 3,1.7600000000000051,2,4,11,22,0,Night,3,1.052349791790601,0.0,0.00020138641500825325
2024-12-11 18:41:42+00:00,45.25,40.75,1.7,,Building 3,4.5,18,2,12,11,0,Evening,1,1.1104294478527608,0.0,0.0015451440982419747
2025-01-07 14:08:32+00:00,44.19,38.31,1.7,,Building 3,5.8799999999999955,14,1,1,7,0,Afternoon,0,1.153484729835552,0.0,0.0011764974668988504
2024-11-28 06:30:07+00:00,38.88,35.25,1.7,,Building 3,3.6300000000000026,6,3,11,28,0,Morning,2,1.1029787234042554,0.0,0.0006502406527790205
2025-02-23 11:30:00+00:00,38.88,35.25,9.2,1.0,Building 3,3.6300000000000026,11,6,2,23,1,Morning,2,,0.0,0.002265912846702663
2025-01-11 19:33:00+00:00,47.44,43.25,9.2,,Building 3,4.189999999999998,19,5,1,11,1,Evening,1,1.096878612716763,0.0,0.000604082607962123
2025-01-13 08:51:09+00:00,49.88,46.5,9.2,,Building 3,3.3800000000000026,8,0,1,13,0,Morning,2,1.0726881720430108,0.0,0.000659017882306846
2024-11-18 10:31:42+00:00,37.5,34.94,9.2,,Building 3,2.5600000000000023,10,0,11,18,0,Morning,2,1.0732684602175158,0.0,0.0008106662846231115
2024-12-02 05:40:00+00:00,37.5,34.94,3.1,1.0,Building 3,2.5600000000000023,5,0,12,2,0,Night,3,,0.0,0.0021589167952883823
2025-02-26 23:11:54+00:00,33.0,30.94,3.1,,Building 3,2.0599999999999987,23,2,2,26,0,Evening,1,1.0665804783451842,0.0,0.00019828541630758175
2025-01-26 14:30:59+00:00,33.38,31.94,3.1,,Building 3,1.4400000000000013,14,6,1,26,1,Afternoon,0,1.0450845335003132,0.0,0.00041983896834304763
2025-02-27 03:00:13+00:00,34.81,32.62,3.1,,Building 3,2.190000000000005,3,3,2,27,0,Night,3,1.0671367259350093,0.0,0.00021545282241041357
2024-12-07 10:04:38+00:00,41.0,37.38,3.1,,Building 3,3.6199999999999974,10,5,12,7,1,Morning,2,1.0968432316746923,0.0,0.0007357472246631408
2025-02-26 02:51:52+00:00,26.94,25.94,3.1,,Building 3,1.0,2,2,2,26,0,Night,3,1.038550501156515,0.0,0.0001968836769374701
2025-02-22 00:41:49+00:00,31.81,28.56,3.1,,Building 3,3.25,0,5,2,22,1,Night,3,1.113795518207283,0.0,0.0002587998131681998
2025-01-29 07:09:14+00:00,42.62,36.94,3.1,,Building 3,5.68,7,2,1,29,0,Morning,2,1.1537628586897672,0.0,0.0006078726064992143
2025-01-20 21:45:52+00:00,37.19,34.19,3.1,,Building 3,3.0,21,0,1,20,0,Evening,1,1.0877449546651068,0.0,0.0003377452854820562
2025-01-10 15:01:34+00:00,45.62,39.62,3.1,,Building 3,6.0,15,4,1,10,0,Afternoon,0,1.1514386673397274,0.0,0.0007048450599645823
2025-01-26 17:41:06+00:00,38.44,35.62,3.1,,Building 3,2.8200000000000003,17,6,1,26,1,Afternoon,0,1.0791690061763055,0.0,0.00070605150619457
2025-02-22 00:50:08+00:00,29.69,28.69,3.1,,Building 3,1.0,0,5,2,22,1,Night,3,1.0348553502962705,0.0,0.0001968836769374701
2025-01-08 19:50:00+00:00,38.38,36.25,6.0,1.0,Building 3,2.1300000000000026,19,2,1,8,0,Evening,1,1.0587586206896553,0.0,0.0010412482328173431
2025-01-25 13:48:00+00:00,35.12,30.94,6.0,,Building 3,4.179999999999996,13,5,1,25,1,Afternoon,0,1.1351001939237233,0.0,0.0006388483243095628
2024-11-27 04:54:06+00:00,41.88,39.5,6.0,,Building 3,2.3800000000000026,4,2,11,27,0,Night,3,1.0602531645569622,0.0,0.0007467266333327595
2025-02-12 18:42:42+00:00,39.31,34.25,6.0,,Building 3,5.060000000000002,18,2,2,12,0,Evening,1,1.1477372262773724,0.0,0.0007635423147703612
2025-01-19 21:00:59+00:00,50.0,42.94,6.0,,Building 3,7.060000000000002,21,6,1,19,1,Evening,1,1.1644154634373545,0.0,0.0032434080649229907
2025-01-03 07:11:15+00:00,48.56,42.12,6.0,,Building 3,6.440000000000005,7,4,1,3,0,Morning,2,1.1528964862298197,0.0,0.0008620703466253595
2024-11-26 04:01:26+00:00,26.12,25.19,6.0,,Building 3,0.9299999999999996,4,1,11,26,0,Night,3,1.036919412465264,0.0,0.00020938675186800936
2024-12-07 04:22:06+00:00,39.44,32.25,6.0,,Building 3,7.189999999999998,4,5,12,7,1,Night,3,1.2229457364341085,0.0,0.0007483046417074647
2025-02-09 14:01:44+00:00,42.44,37.06,6.0,,Building 3,5.3799999999999955,14,6,2,9,1,Afternoon,0,1.1451699946033458,0.0,0.0008209661133923766
2025-02-07 17:19:03+00:00,44.56,41.44,6.0,,Building 3,3.1200000000000045,17,4,2,7,0,Afternoon,0,1.0752895752895755,0.0,0.0008955951404989864
2024-11-02 13:35:21+00:00,35.19,33.81,6.0,,Building 3,1.3799999999999957,13,5,11,2,1,Afternoon,0,1.040816326530612,0.0,0.000553070017624516
2024-11-13 23:10:00+00:00,35.19,33.81,1.5,0.0,Building 3,1.3799999999999955,23,2,11,13,0,Evening,1,,0.0,0.0006729211243065996
2025-01-18 03:52:48+00:00,35.38,32.25,1.5,,Building 3,3.1300000000000026,3,5,1,18,1,Night,3,1.0970542635658915,0.0,0.0001933973116721712
2024-11-07 21:31:12+00:00,30.25,29.56,1.5,,Building 3,0.6900000000000013,21,3,11,7,0,Evening,1,1.023342354533153,0.0,0.00019287045990780367
2025-01-24 00:52:06+00:00,33.19,31.56,1.5,,Building 3,1.629999999999999,0,4,1,24,0,Night,3,1.0516476552598226,0.0,0.00020356919144449469
2024-11-06 05:04:38+00:00,37.94,35.31,1.5,,Building 3,2.6299999999999955,5,2,11,6,0,Night,3,1.0744831492495042,0.0,0.0010887767993391893
2025-02-03 08:16:34+00:00,44.31,41.25,1.5,,Building 3,3.0600000000000023,8,0,2,3,0,Morning,2,1.0741818181818181,0.0,0.0010628166619171607
2024-11-28 18:47:52+00:00,43.94,38.12,1.5,,Building 3,5.82,18,3,11,28,0,Evening,1,1.152675760755509,0.0,0.0006021895666121531
2024-11-03 00:28:51+00:00,25.81,25.25,1.5,,Building 3,0.5599999999999987,0,6,11,3,1,Night,3,1.0221782178217822,0.0,0.0001859811677032185
2024-11-17 20:11:40+00:00,40.62,36.81,1.5,,Building 3,3.809999999999995,20,6,11,17,1,Evening,1,1.1035044824775875,0.0,0.0007771739855722624
2024-12-28 00:15:48+00:00,35.31,33.62,1.5,,Building 3,1.6900000000000048,0,5,12,28,1,Night,3,1.0502676977989294,0.0,0.00018983771769171608
2024-12-06 22:45:22+00:00,31.38,30.0,1.5,,Building 3,1.379999999999999,22,4,12,6,0,Evening,1,1.046,0.0,0.00018859207638030045
2025-02-18 11:36:53+00:00,46.62,40.81,1.5,,Building 3,5.809999999999995,11,1,2,18,0,Morning,2,1.1423670668953687,0.0,0.0008172869768872628
2024-11-28 18:31:04+00:00,43.81,38.19,1.5,,Building 3,5.6200000000000045,18,3,11,28,0,Evening,1,1.147158942131448,0.0,0.0006021895666121531
2024-11-29 12:56:10+00:00,44.06,39.0,1.5,,Building 3,5.060000000000002,12,4,11,29,0,Afternoon,0,1.12974358974359,0.0,0.0006730935850834364
2024-12-03 23:26:47+00:00,30.75,29.44,1.5,,Building 3,1.3099999999999987,23,1,12,3,0,Evening,1,1.0444972826086956,0.0,0.00018859207638030045
2024-12-04 07:18:01+00:00,42.5,39.06,1.5,,Building 3,3.4399999999999977,7,2,12,4,0,Morning,2,1.0880696364567333,0.0,0.0007644012337230565
2025-01-07 06:23:10+00:00,41.19,39.06,1.5,,Building 3,2.1299999999999955,6,1,1,7,0,Morning,2,1.0545314900153608,0.0,0.0009427867013936858
2024-11-10 20:30:00+00:00,41.19,39.06,5.9,1.0,Building 3,2.1299999999999955,20,6,11,10,1,Evening,1,,0.0,0.0024774358796643553
2024-11-15 09:36:58+00:00,43.94,38.44,5.9,,Building 3,5.5,9,4,11,15,0,Morning,2,1.1430801248699272,0.0,0.0007414487096041214
2024-11-01 23:42:53+00:00,25.06,24.56,5.9,,Building 3,0.5,23,4,11,1,0,Evening,1,1.020358306188925,0.0,0.00018909266718806876
2024-12-21 19:47:46+00:00,45.62,39.38,5.9,,Building 3,6.239999999999995,19,5,12,21,1,Evening,1,1.158456069070594,0.0,0.0007571336723611209
2024-12-23 16:40:00+00:00,45.62,39.38,1.0,1.0,Building 3,6.239999999999995,16,0,12,23,0,Afternoon,0,,0.0,0.002079557979802635
2025-02-03 16:44:10+00:00,45.69,40.44,1.0,,Building 3,5.25,16,0,2,3,0,Afternoon,0,1.1298219584569733,0.0,0.0007653523231475626
2024-12-17 08:30:04+00:00,48.44,42.19,1.0,,Building 3,6.25,8,1,12,17,0,Morning,2,1.1481393695188433,0.0,0.000769726348625957
2024-12-08 04:20:00+00:00,38.44,31.5,3.2,,Building 3,6.939999999999998,4,6,12,8,1,Night,3,1.2203174603174602,0.0,0.0006523319257728858
2025-02-19 23:32:13+00:00,35.19,33.38,3.2,,Building 3,1.8099999999999952,23,2,2,19,0,Evening,1,1.054224086279209,0.0,0.00021837165317055123
2024-12-14 19:00:09+00:00,45.44,40.88,3.2,,Building 3,4.559999999999995,19,5,12,14,1,Evening,1,1.111545988258317,0.0,0.0008003151298404555
2024-12-11 20:58:41+00:00,43.5,40.12,3.2,,Building 3,3.3800000000000026,20,2,12,11,0,Evening,1,1.0842472582253242,0.0,0.0007698018982095769
2025-02-04 22:29:02+00:00,35.81,33.5,3.2,,Building 3,2.3100000000000023,22,1,2,4,0,Evening,1,1.068955223880597,0.0,0.00019968643108321597
2024-11-02 20:01:51+00:00,37.62,35.12,3.2,,Building 3,2.5,20,5,11,2,1,Evening,1,1.0711845102505695,0.0,0.0007635596532636263
2024-11-06 04:18:08+00:00,26.31,25.19,3.2,,Building 3,1.1199999999999974,4,2,11,6,0,Night,3,1.0444620881302102,0.0,0.00021177268682547057
2024-11-29 15:39:20+00:00,45.31,40.5,3.2,,Building 3,4.810000000000002,15,4,11,29,0,Afternoon,0,1.1187654320987654,0.0,0.0004940621678070096
2025-01-19 11:10:00+00:00,45.31,40.5,-1.2,1.0,Building 3,4.810000000000002,11,6,1,19,1,Morning,2,,0.0,0.006520741278691649
2024-12-01 11:21:44+00:00,46.62,41.44,-1.2,,Building 3,5.18,11,6,12,1,1,Morning,2,1.125,0.0,0.0008147606016349388
2024-11-12 12:46:05+00:00,39.31,36.75,-1.2,,Building 3,2.5600000000000023,12,1,11,12,0,Afternoon,0,1.0696598639455783,0.0,0.0008250202324471874
2024-11-22 07:33:22+00:00,46.88,44.25,-1.2,,Building 3,2.6300000000000026,7,4,11,22,0,Morning,2,1.0594350282485876,0.0,0.0010355927126943052
2024-12-05 18:00:28+00:00,43.0,40.38,-1.2,,Building 3,2.6199999999999974,18,3,12,5,0,Evening,1,1.0648836057454185,0.0,0.0010813677282423145
2024-11-12 06:01:23+00:00,38.75,37.0,-1.2,,Building 3,1.75,6,1,11,12,0,Morning,2,1.0472972972972974,0.0,0.0008700063076749495
2024-12-25 14:46:33+00:00,46.25,40.62,-1.2,,Building 3,5.630000000000003,14,2,12,25,0,Afternoon,0,1.1386016740521911,0.0,0.0005996378449466081
2024-11-23 12:36:30+00:00,42.88,40.5,-1.2,,Building 3,2.3800000000000026,12,5,11,23,1,Afternoon,0,1.0587654320987654,0.0,0.0010112391850244334
2025-02-23 05:24:54+00:00,39.62,36.06,-1.2,,Building 3,3.559999999999995,5,6,2,23,1,Night,3,1.0987243483083748,0.0,0.0005688026288064227
2024-11-17 05:02:45+00:00,45.38,41.69,-1.2,,Building 3,3.690000000000005,5,6,11,17,1,Night,3,1.0885104341568723,0.0,0.0007179198273665094
2025-01-28 23:46:47+00:00,28.94,27.12,-1.2,,Building 3,1.8200000000000005,23,1,1,28,0,Evening,1,1.067109144542773,0.0,0.00018859604312665613
2025-02-25 10:58:11+00:00,38.56,33.62,-1.2,,Building 3,4.940000000000005,10,1,2,25,0,Morning,2,1.1469363474122547,0.0,0.0005044420364990894
2025-01-25 09:50:31+00:00,37.81,35.19,-1.2,,Building 3,2.6200000000000045,9,5,1,25,1,Morning,2,1.0744529695936347,0.0,0.0006073036115741264
2024-12-01 00:57:22+00:00,37.12,31.94,-1.2,,Building 3,5.179999999999996,0,6,12,1,1,Night,3,1.1621790857858483,0.0,0.00027434397082276433
2025-02-26 00:16:57+00:00,27.12,26.0,-1.2,,Building 3,1.120000000000001,0,2,2,26,0,Night,3,1.043076923076923,0.0,0.0001859811677032185
2025-02-28 00:11:25+00:00,31.94,30.62,-1.2,,Building 3,1.3200000000000005,0,4,2,28,0,Night,3,1.0431090790333115,0.0,0.0001859811677032185
2025-02-08 12:27:31+00:00,44.88,40.56,-1.2,,Building 3,4.32,12,5,2,8,1,Afternoon,0,1.106508875739645,0.0,0.00162696034317888
2025-01-13 07:34:10+00:00,51.5,45.0,-1.2,,Building 3,6.5,7,0,1,13,0,Morning,2,1.1444444444444444,0.0,0.0027064467063037667
2024-12-19 02:20:07+00:00,33.0,30.62,-1.2,,Building 3,2.379999999999999,2,3,12,19,0,Night,3,1.077726975832789,0.0,0.00019554033722387333
2025-01-18 14:03:03+00:00,44.25,40.75,-1.2,,Building 3,3.5,14,5,1,18,1,Afternoon,0,1.0858895705521472,0.0,0.000780401700439902
2024-12-29 21:10:06+00:00,48.06,42.88,-1.2,,Building 3,5.18,21,6,12,29,1,Evening,1,1.1208022388059702,0.0,0.0006344659596501475
2025-01-02 17:08:17+00:00,41.06,38.81,-1.2,,Building 3,2.25,17,3,1,2,0,Afternoon,0,1.0579747487760887,0.0,0.000922124312354326
2024-11-12 23:10:29+00:00,30.69,28.88,-1.2,,Building 3,1.8100000000000025,23,1,11,12,0,Evening,1,1.0626731301939059,0.0,0.00018859207638030045
2025-02-20 15:28:57+00:00,37.5,34.12,-1.2,,Building 3,3.3800000000000026,15,3,2,20,0,Afternoon,0,1.0990621336459556,0.0,0.0018893445870726056
2025-02-22 00:59:39+00:00,29.19,27.94,-1.2,,Building 3,1.25,0,5,2,22,1,Night,3,1.044738725841088,0.0,0.0001859811677032185
2025-02-14 19:41:10+00:00,48.06,42.31,-1.2,,Building 3,5.75,19,4,2,14,0,Evening,1,1.135901678090286,0.0,0.0007275788371559293
2024-12-25 11:06:29+00:00,47.56,42.38,-1.2,,Building 3,5.18,11,2,12,25,0,Morning,2,1.122227465785748,0.0,0.0006146573046899874
2025-02-01 05:09:28+00:00,46.25,40.81,-1.2,,Building 3,5.439999999999998,5,5,2,1,1,Night,3,1.1333006616025483,0.0,0.0008643985517120923
2025-01-07 01:06:21+00:00,28.69,27.56,-1.2,,Building 3,1.1300000000000026,1,1,1,7,0,Night,3,1.04100145137881,0.0,0.0001859811677032185
2025-01-07 04:23:42+00:00,34.0,28.81,-1.2,,Building 3,5.190000000000001,4,1,1,7,0,Night,3,1.1801457827143353,0.0,0.00040258188195939993
2025-01-21 06:35:23+00:00,47.81,43.94,-1.2,,Building 3,3.870000000000005,6,1,1,21,0,Morning,2,1.088074647246245,0.0,0.0007902150993293426
2024-11-13 23:29:35+00:00,33.06,30.31,-1.2,,Building 3,2.7500000000000036,23,2,11,13,0,Evening,1,1.0907291322995711,0.0,0.00020278316057718686
2024-12-25 08:33:26+00:00,49.12,43.75,-1.2,,Building 3,5.369999999999997,8,2,12,25,0,Morning,2,1.122742857142857,0.0,0.0006732469869282128
2025-01-06 21:20:00+00:00,35.62,34.31,5.5,1.0,Building 3,1.3099999999999952,21,0,1,6,0,Evening,1,1.0381812882541532,0.0,0.14119731016546286
2025-01-10 05:07:28+00:00,47.69,41.69,5.5,,Building 3,6.0,5,4,1,10,0,Night,3,1.1439194051331254,0.0,0.0007296636340903263
2024-11-13 19:02:07+00:00,45.06,39.0,5.5,,Building 3,6.060000000000002,19,2,11,13,0,Evening,1,1.1553846153846155,0.0,0.0006510451455558693
2024-12-03 19:43:19+00:00,39.44,37.25,5.5,,Building 3,2.1899999999999977,19,1,12,3,0,Evening,1,1.0587919463087248,0.0,0.0010474896053144147
2024-11-03 04:06:24+00:00,27.38,24.75,5.5,,Building 3,2.629999999999999,4,6,11,3,1,Night,3,1.1062626262626263,0.0,0.0003661904913425435
2025-02-14 06:55:12+00:00,47.19,42.44,5.5,,Building 3,4.75,6,4,2,14,0,Morning,2,1.111922714420358,0.0,0.0008832072535907728
2025-01-18 02:51:46+00:00,35.69,33.5,5.5,,Building 3,2.1899999999999977,2,5,1,18,1,Night,3,1.0653731343283581,0.0,0.0002480906317232666
2024-11-05 18:18:38+00:00,35.81,34.38,5.5,,Building 3,1.4299999999999995,18,1,11,5,0,Evening,1,1.0415939499709133,0.0,0.0010478342248777272
2024-12-30 01:35:59+00:00,39.56,35.38,5.5,,Building 3,4.18,1,0,12,30,0,Night,3,1.1181458451102317,0.0,0.000319383256074972
2024-12-13 03:30:06+00:00,35.12,32.62,5.5,,Building 3,2.5,3,4,12,13,0,Night,3,1.0766400980993256,0.0,0.00023231050358070419
2025-02-28 18:32:27+00:00,43.56,38.94,5.5,,Building 3,4.6200000000000045,18,4,2,28,0,Evening,1,1.1186440677966103,0.0,0.0006502995775933101
2025-01-01 12:38:41+00:00,50.19,43.75,5.5,,Building 3,6.439999999999998,12,2,1,1,0,Afternoon,0,1.1472,0.0,0.001005732309208684
2025-01-27 11:30:18+00:00,39.62,35.62,5.5,,Building 3,4.0,11,0,1,27,0,Morning,2,1.1122964626614262,0.0,0.000680146303808725
2024-11-08 22:01:55+00:00,28.75,28.06,5.5,,Building 3,0.6900000000000013,22,4,11,8,0,Evening,1,1.0245901639344264,0.0,0.00018859207638030045
2024-11-23 13:09:28+00:00,45.75,40.38,5.5,,Building 3,5.369999999999997,13,5,11,23,1,Afternoon,0,1.1329866270430906,0.0,0.00023852792108836865
2024-11-03 22:40:56+00:00,26.12,25.62,5.5,,Building 3,0.5,22,6,11,3,1,Evening,1,1.0195160031225605,0.0,0.00018859207638030045
2024-12-20 18:10:42+00:00,48.19,41.69,5.5,,Building 3,6.5,18,4,12,20,0,Evening,1,1.1559126888942193,0.0,0.0007423647023188619
2024-12-20 10:45:17+00:00,45.88,40.44,5.5,,Building 3,5.440000000000005,10,4,12,20,0,Morning,2,1.1345202769535114,0.0,0.0009016923893732052
2025-02-18 05:09:32+00:00,48.06,43.25,5.5,,Building 3,4.810000000000002,5,1,2,18,0,Night,3,1.11121387283237,0.0,0.0009699213467465901
2025-02-18 02:17:04+00:00,37.12,32.44,5.5,,Building 3,4.68,2,1,2,18,0,Night,3,1.1442663378545006,0.0,0.0005035580581006783
2024-12-16 23:34:28+00:00,35.19,32.56,5.5,,Building 3,2.6299999999999955,23,0,12,16,0,Evening,1,1.0807739557739555,0.0,0.00022336680049484135
2024-12-11 14:48:23+00:00,45.88,39.5,5.5,,Building 3,6.380000000000003,14,2,12,11,0,Afternoon,0,1.1615189873417722,0.0,0.0007010414662306974
2025-02-26 17:40:44+00:00,42.69,36.75,5.5,,Building 3,5.939999999999998,17,2,2,26,0,Afternoon,0,1.1616326530612244,0.0,0.0006239864872152662
2024-11-27 20:56:12+00:00,40.5,36.69,5.5,,Building 3,3.8100000000000023,20,2,11,27,0,Evening,1,1.1038430089942763,0.0,0.0007263717154730669
2024-12-19 21:06:00+00:00,42.12,38.38,5.5,,Building 3,3.739999999999995,21,3,12,19,0,Evening,1,1.0974465867639394,0.0,0.0008185826438874182
2025-02-22 18:30:00+00:00,42.12,38.38,9.4,1.0,Building 3,3.739999999999995,18,5,2,22,1,Evening,1,,0.0,0.002362600124707452
2025-02-02 07:15:49+00:00,45.31,42.25,9.4,,Building 3,3.0600000000000023,7,6,2,2,1,Morning,2,1.0724260355029587,0.0,0.0009590622323764157
2024-11-30 07:12:01+00:00,46.38,40.69,9.4,,Building 3,5.690000000000005,7,5,11,30,1,Morning,2,1.139837797984763,0.0,0.00039550216498959766
2025-01-19 01:30:00+00:00,46.38,40.69,-2.4,0.0,Building 3,5.690000000000005,1,6,1,19,1,Night,3,,0.0,0.0010475797443932737
2024-12-12 22:50:00+00:00,46.38,40.69,0.1,0.0,Building 3,5.690000000000005,22,3,12,12,0,Evening,1,,0.0,0.0010256338013108208
2024-12-17 08:06:46+00:00,47.62,43.38,0.1,,Building 3,4.239999999999995,8,1,12,17,0,Morning,2,1.0977408944213922,0.0,0.0007626049829149626
2025-01-08 20:22:51+00:00,39.5,37.38,0.1,,Building 3,2.1199999999999974,20,2,1,8,0,Evening,1,1.0567148207597645,0.0,0.0008252806621406824
2024-12-14 21:07:58+00:00,46.88,40.81,0.1,,Building 3,6.07,21,5,12,14,1,Evening,1,1.1487380543984318,0.0,0.0006593489372566705
2024-12-01 09:02:21+00:00,45.12,40.25,0.1,,Building 3,4.869999999999997,9,6,12,1,1,Morning,2,1.1209937888198758,0.0,0.0008865644289894196
2024-11-27 00:28:38+00:00,28.25,27.19,0.1,,Building 3,1.0599999999999987,0,2,11,27,0,Night,3,1.0389849209268114,0.0,0.0001859811677032185
2024-12-22 17:43:47+00:00,44.25,41.5,0.1,,Building 3,2.75,17,6,12,22,1,Afternoon,0,1.0662650602409638,0.0,0.0011075607956551692
2025-01-17 13:50:00+00:00,44.25,41.5,0.4,1.0,Building 3,2.75,13,4,1,17,0,Afternoon,0,,0.0,0.0028746323177887513
2024-12-31 10:47:54+00:00,50.0,43.25,0.4,,Building 3,6.75,10,1,12,31,0,Morning,2,1.1560693641618498,0.0,0.0006241980362774794
2025-01-20 06:20:46+00:00,49.0,45.38,0.4,,Building 3,3.6199999999999974,6,0,1,20,0,Morning,2,1.0797708241516086,0.0,0.0009083193437189102
2024-12-19 08:07:09+00:00,41.56,37.88,0.4,,Building 3,3.68,8,3,12,19,0,Morning,2,1.0971488912354805,0.0,0.0007326625860035199
2025-02-24 07:57:02+00:00,40.25,37.12,0.4,,Building 3,3.1300000000000026,7,0,2,24,0,Morning,2,1.0843211206896552,0.0,0.0007122657660583354
2025-01-27 14:54:06+00:00,41.38,36.06,0.4,,Building 3,5.32,14,0,1,27,0,Afternoon,0,1.1475318912922907,0.0,0.0006405860008018985
2024-12-19 20:46:02+00:00,43.25,39.06,0.4,,Building 3,4.189999999999998,20,3,12,19,0,Evening,1,1.1072708653353813,0.0,0.0009625017150904384
2025-02-26 07:48:16+00:00,40.69,37.19,0.4,,Building 3,3.5,7,2,2,26,0,Morning,2,1.0941113202473782,0.0,0.0007155367896611793
2025-01-09 06:36:52+00:00,43.44,38.06,0.4,,Building 3,5.3799999999999955,6,3,1,9,0,Morning,2,1.141355754072517,0.0,0.0007185870223575318
2025-01-17 21:23:27+00:00,39.31,37.62,0.4,,Building 3,1.6900000000000048,21,4,1,17,0,Evening,1,1.0449229133439661,0.0,0.0007592238116076842
2025-01-28 04:53:29+00:00,43.88,38.62,0.4,,Building 3,5.260000000000005,4,1,1,28,0,Night,3,1.136198860693941,0.0,0.0005086404289244953
2024-12-18 03:36:19+00:00,33.44,31.81,0.4,,Building 3,1.629999999999999,3,2,12,18,0,Night,3,1.0512417478780258,0.0,0.00020352224893087104
2025-02-02 23:17:19+00:00,33.12,31.5,0.4,,Building 3,1.6199999999999974,23,6,2,2,1,Evening,1,1.0514285714285714,0.0,0.0001932320229421687
2025-02-13 06:09:01+00:00,38.0,35.75,0.4,,Building 3,2.25,6,3,2,13,0,Morning,2,1.062937062937063,0.0,0.0007516756127847452
2025-01-05 08:28:43+00:00,48.69,42.38,0.4,,Building 3,6.309999999999995,8,6,1,5,1,Morning,2,1.148890986314299,0.0,0.0015706757061842806
2024-11-03 15:15:56+00:00,35.69,33.19,0.4,,Building 3,2.5,15,6,11,3,1,Afternoon,0,1.0753238927387767,0.0,0.0002800436446769684
2025-01-06 22:22:19+00:00,28.94,27.88,0.4,,Building 3,1.0600000000000025,22,0,1,6,0,Evening,1,1.0380200860832138,0.0,0.0002047690099118659
2025-02-04 20:05:16+00:00,44.44,41.56,0.4,,Building 3,2.8799999999999955,20,1,2,4,0,Evening,1,1.0692974013474494,0.0,0.0009782135807375014
2025-01-22 23:21:49+00:00,35.06,32.88,0.4,,Building 3,2.1799999999999997,23,2,1,22,0,Evening,1,1.066301703163017,0.0,0.00020638369918042596
2024-12-02 10:35:59+00:00,43.94,38.94,0.4,,Building 3,5.0,10,0,12,2,0,Morning,2,1.1284026707755521,0.0,0.0008972541936399106
2025-02-22 22:48:41+00:00,27.19,26.25,0.4,,Building 3,0.9400000000000012,22,5,2,22,1,Evening,1,1.035809523809524,0.0,0.00018859207638030045
2024-11-15 02:13:33+00:00,35.88,31.88,0.4,,Building 3,4.0000000000000036,2,4,11,15,0,Night,3,1.1254705144291093,0.0,0.00031459130656741417
2025-02-17 07:48:00+00:00,45.06,42.25,0.4,,Building 3,2.8100000000000023,7,0,2,17,0,Morning,2,1.066508875739645,0.0,0.0012442010516416576
2024-11-03 05:56:55+00:00,37.56,35.88,0.4,,Building 3,1.6799999999999995,5,6,11,3,1,Night,3,1.0468227424749164,0.0,0.0006569618667996489
2025-02-13 04:08:08+00:00,25.12,24.5,0.4,,Building 3,0.620000000000001,4,3,2,13,0,Night,3,1.0253061224489797,0.0,0.0001876675741611756
2025-02-14 17:26:51+00:00,50.0,43.19,0.4,,Building 3,6.810000000000002,17,4,2,14,0,Afternoon,0,1.157675387821255,0.0,0.0007441773839911757
2024-12-12 22:40:11+00:00,34.88,30.5,0.4,,Building 3,4.380000000000003,22,3,12,12,0,Evening,1,1.1436065573770493,0.0,0.0003089138764893436
2024-11-24 09:38:33+00:00,39.56,37.5,0.4,,Building 3,2.0600000000000023,9,6,11,24,1,Morning,2,1.0549333333333335,0.0,0.0008845729426400662
2024-11-06 00:10:22+00:00,26.62,25.62,0.4,,Building 3,1.0,0,2,11,6,0,Night,3,1.039032006245121,0.0,0.0001859811677032185
2024-11-24 05:07:47+00:00,45.31,38.88,0.4,,Building 3,6.43,5,6,11,24,1,Night,3,1.165380658436214,0.0,0.0005784408672404001
2024-11-04 14:00:36+00:00,33.94,31.69,0.4,,Building 3,2.2499999999999964,14,0,11,4,0,Afternoon,0,1.0710003155569578,0.0,0.0002731104288993126
2024-12-15 07:34:14+00:00,46.81,40.5,0.4,,Building 3,6.310000000000002,7,6,12,15,1,Morning,2,1.1558024691358024,0.0,0.000664727890665503
2024-11-02 21:04:25+00:00,36.12,34.81,0.4,,Building 3,1.3099999999999952,21,5,11,2,1,Evening,1,1.0376328641195058,0.0,0.0004312543597361899
2025-01-22 10:14:08+00:00,47.25,43.31,0.4,,Building 3,3.9399999999999977,10,2,1,22,0,Morning,2,1.0909720618794736,0.0,0.000790767324935766
2025-01-27 12:15:00+00:00,39.88,34.0,0.4,,Building 3,5.880000000000003,12,0,1,27,0,Afternoon,0,1.1729411764705884,0.0,0.0005769225732161658
2025-02-10 18:50:19+00:00,40.5,38.31,0.4,,Building 3,2.1899999999999977,18,0,2,10,0,Evening,1,1.05716523101018,0.0,0.0009281694686800145
2024-11-29 06:48:31+00:00,47.12,41.31,0.4,,Building 3,5.809999999999995,6,4,11,29,0,Morning,2,1.1406439118857419,0.0,0.0005883095712766626
2025-02-11 08:40:03+00:00,39.75,36.94,0.4,,Building 3,2.8100000000000023,8,1,2,11,0,Morning,2,1.0760693015701137,0.0,0.0008068014259403437
2024-11-11 11:30:00+00:00,39.75,36.94,5.7,,Building 3,2.8100000000000023,11,0,11,11,0,Morning,2,,0.0,0.002304145580057426
2025-01-12 03:25:25+00:00,40.19,36.38,5.7,,Building 3,3.809999999999995,3,6,1,12,1,Night,3,1.1047278724573941,0.0,0.0004405612206141215
2025-01-06 16:20:25+00:00,37.12,35.44,5.7,,Building 3,1.6799999999999995,16,0,1,6,0,Afternoon,0,1.0474040632054176,0.0,0.001079910213842392
2025-01-27 11:32:26+00:00,38.44,35.81,5.7,,Building 3,2.6299999999999955,11,0,1,27,0,Morning,2,1.0734431722982405,0.0,0.0008188139286401976
2024-11-18 15:57:50+00:00,38.19,35.56,5.7,,Building 3,2.6299999999999955,15,0,11,18,0,Afternoon,0,1.073959505061867,0.0,0.0008175128489258569
2025-01-26 02:55:49+00:00,28.0,26.75,5.7,,Building 3,1.25,2,6,1,26,1,Night,3,1.0467289719626167,0.0,0.00019871181921886816
2024-11-28 09:50:54+00:00,39.44,36.19,5.7,,Building 3,3.25,9,3,11,28,0,Morning,2,1.0898038132080685,0.0,0.0007351083560383811
2024-12-18 00:36:06+00:00,31.88,30.44,5.7,,Building 3,1.4399999999999975,0,2,12,18,0,Night,3,1.0473061760840998,0.0,0.00019871181921886816
2024-11-25 18:47:18+00:00,38.88,35.38,5.7,,Building 3,3.5,18,0,11,25,0,Evening,1,1.0989259468626342,0.0,0.0062436919959515304
2024-11-26 08:30:00+00:00,38.88,35.38,8.3,1.0,Building 3,3.5,8,1,11,26,0,Morning,2,,0.0,0.0023180876101539035
2024-12-22 08:42:28+00:00,45.44,40.56,8.3,,Building 3,4.8799999999999955,8,6,12,22,1,Morning,2,1.1203155818540433,0.0,0.0005200541176882183
2025-01-24 22:34:51+00:00,30.44,26.75,8.3,,Building 3,3.6900000000000017,22,4,1,24,0,Evening,1,1.137943925233645,0.0,0.0002471670192080222
2024-11-30 00:30:00+00:00,30.44,26.75,0.6,0.0,Building 3,3.6900000000000013,0,5,11,30,1,Night,3,,0.0,0.0003723041152714279
2025-02-12 10:50:40+00:00,39.62,34.94,0.6,,Building 3,4.68,10,2,2,12,0,Morning,2,1.133943903835146,0.0,0.0006704150707356079
2024-12-07 00:20:00+00:00,39.62,34.94,3.4,0.0,Building 3,4.68,0,5,12,7,1,Night,3,,0.0,0.0014335515751961283
2024-12-25 00:48:39+00:00,37.88,32.88,3.4,,Building 3,5.0,0,2,12,25,0,Night,3,1.1520681265206814,0.0,0.00036664749932667306
2025-01-28 22:21:07+00:00,29.0,27.38,3.4,,Building 3,1.620000000000001,22,1,1,28,0,Evening,1,1.0591672753834915,0.0,0.00018859604312665613
2025-02-23 23:21:53+00:00,27.12,26.31,3.4,,Building 3,0.8100000000000023,23,6,2,23,1,Evening,1,1.03078677309008,0.0,0.00018859207638030045
2024-12-26 14:34:12+00:00,47.44,41.62,3.4,,Building 3,5.82,14,3,12,26,0,Afternoon,0,1.1398366170110523,0.0,0.0006213952527138576
2024-12-12 21:49:14+00:00,33.81,31.31,3.4,,Building 3,2.5000000000000036,21,3,12,12,0,Evening,1,1.079846694346854,0.0,0.0002710906142030318
2025-01-20 04:33:44+00:00,51.62,44.19,3.4,,Building 3,7.43,4,0,1,20,0,Night,3,1.1681375876895226,0.0,0.0012560154037465979
2025-01-16 21:34:07+00:00,35.12,33.62,3.4,,Building 3,1.5,21,3,1,16,0,Evening,1,1.0446162998215347,0.0,0.00031729165392232106
2024-12-09 15:54:22+00:00,42.56,38.69,3.4,,Building 3,3.870000000000005,15,0,12,9,0,Afternoon,0,1.1000258464719568,0.0,0.0028988960422333533
2025-02-13 12:33:10+00:00,40.56,37.81,3.4,,Building 3,2.75,12,3,2,13,0,Afternoon,0,1.0727320814599313,0.0,0.000809645816282217
2025-01-24 07:45:05+00:00,47.06,41.44,3.4,,Building 3,5.6200000000000045,7,4,1,24,0,Morning,2,1.1356177606177607,0.0,0.0006234893315399592
2025-01-18 22:23:55+00:00,38.62,33.62,3.4,,Building 3,5.0,22,5,1,18,1,Evening,1,1.148720999405116,0.0,0.0003215978715909975
2025-01-04 14:27:15+00:00,51.31,44.38,3.4,,Building 3,6.93,14,5,1,4,1,Afternoon,0,1.1561514195583595,0.0,0.0012809479860276922
2025-01-21 13:21:46+00:00,48.31,43.12,3.4,,Building 3,5.190000000000005,13,1,1,21,0,Afternoon,0,1.1203617810760669,0.0,0.0009119486260030734
2024-11-28 16:00:56+00:00,41.25,37.06,3.4,,Building 3,4.189999999999998,16,3,11,28,0,Afternoon,0,1.1130599028602266,0.0,0.0006158871263862464
2024-11-13 09:56:15+00:00,40.62,38.38,3.4,,Building 3,2.239999999999995,9,2,11,13,0,Morning,2,1.058363731109953,0.0,0.0009166581225488988
2024-12-28 11:51:32+00:00,49.25,42.88,3.4,,Building 3,6.369999999999997,11,5,12,28,1,Morning,2,1.148554104477612,0.0,0.0006159817859049275
2025-01-02 10:41:00+00:00,42.56,36.94,3.4,,Building 3,5.6200000000000045,10,3,1,2,0,Morning,2,1.1521386031402274,0.0,0.0007574711280713281
2025-02-07 19:04:34+00:00,48.12,41.69,3.4,,Building 3,6.43,19,4,2,7,0,Evening,1,1.154233629167666,0.0,0.000760116090637118
2024-12-03 02:10:51+00:00,28.38,26.38,3.4,,Building 3,2.0,2,1,12,3,0,Night,3,1.0758150113722518,0.0,0.0001968836769374701
2025-02-16 19:15:37+00:00,46.0,42.94,3.4,,Building 3,3.0600000000000023,19,6,2,16,1,Evening,1,1.0712622263623661,0.0,0.0009022575155118438
2025-01-11 09:38:46+00:00,47.38,44.38,3.4,,Building 3,3.0,9,5,1,11,1,Morning,2,1.067598017124831,0.0,0.001009680158828426
2024-11-20 13:28:54+00:00,42.62,37.81,3.4,,Building 3,4.809999999999995,13,2,11,20,0,Afternoon,0,1.127215022480825,0.0,0.0009352906119290304
2025-01-07 16:18:54+00:00,42.19,39.75,3.4,,Building 3,2.4399999999999977,16,1,1,7,0,Afternoon,0,1.0613836477987422,0.0,0.000976819524869592
2024-12-07 23:34:19+00:00,32.94,29.75,3.4,,Building 3,3.1899999999999977,23,5,12,7,1,Evening,1,1.1072268907563025,0.0,0.0003197314897829086
2025-01-15 12:18:02+00:00,50.19,43.31,3.4,,Building 3,6.8799999999999955,12,2,1,15,0,Afternoon,0,1.158854767951974,0.0,0.0008847838977914964
2024-11-22 07:57:43+00:00,49.94,43.06,3.4,,Building 3,6.8799999999999955,7,4,11,22,0,Morning,2,1.1597770552717137,0.0,0.0006709636951202899
2024-12-16 05:54:02+00:00,42.94,39.81,3.4,,Building 3,3.1299999999999955,5,0,12,16,0,Night,3,1.0786234614418486,0.0,0.0007435511352402517
2025-02-15 03:28:18+00:00,37.75,35.62,3.4,,Building 3,2.1300000000000026,3,5,2,15,1,Night,3,1.0597978663672094,0.0,0.0004146226551352283
2024-12-20 08:16:19+00:00,46.69,40.44,3.4,,Building 3,6.25,8,4,12,20,0,Morning,2,1.1545499505440158,0.0,0.0007884948647828727
2025-01-12 16:08:35+00:00,49.5,43.5,3.4,,Building 3,6.0,16,6,1,12,1,Afternoon,0,1.1379310344827587,0.0,0.0008029221769350851
2025-01-03 11:41:59+00:00,45.62,41.25,3.4,,Building 3,4.369999999999997,11,4,1,3,0,Morning,2,1.1059393939393938,0.0,0.0009814709719156935
2024-12-21 11:10:01+00:00,46.19,40.06,3.4,,Building 3,6.1299999999999955,11,5,12,21,1,Morning,2,1.1530204692960557,0.0,0.0008162784336817289
2024-11-18 00:17:23+00:00,28.88,27.31,3.4,,Building 3,1.5700000000000005,0,0,11,18,0,Night,3,1.0574880995972171,0.0,0.0001968836769374701
2024-11-25 01:05:57+00:00,33.94,31.38,3.4,,Building 3,2.5599999999999987,1,0,11,25,0,Night,3,1.081580624601657,0.0,0.0002176130270514253
2024-12-20 13:59:06+00:00,46.44,40.12,3.4,,Building 3,6.32,13,4,12,20,0,Afternoon,0,1.1575274177467598,0.0,0.0008140237931329314
2024-11-26 02:10:36+00:00,26.06,25.06,3.4,,Building 3,1.0,2,1,11,26,0,Night,3,1.0399042298483638,0.0,0.0001968836769374701
2025-02-16 11:03:29+00:00,45.56,41.88,3.4,,Building 3,3.68,11,6,2,16,1,Morning,2,1.087870105062082,0.0,0.0007247622261565798
2025-01-02 23:01:31+00:00,34.0,31.75,3.4,,Building 3,2.25,23,3,1,2,0,Evening,1,1.0708661417322836,0.0,0.0002069624883336384
2025-02-01 16:47:53+00:00,47.12,40.56,3.4,,Building 3,6.559999999999995,16,5,2,1,1,Afternoon,0,1.1617357001972386,0.0,0.000805509068932998
2024-12-01 06:20:57+00:00,47.5,41.31,3.4,,Building 3,6.189999999999998,6,6,12,1,1,Morning,2,1.149842653110627,0.0,0.0008070702719925503
2025-02-15 01:09:03+00:00,37.12,34.56,3.4,,Building 3,2.559999999999995,1,5,2,15,1,Night,3,1.074074074074074,0.0,0.00034871402326530117
2025-01-02 17:23:08+00:00,43.31,39.62,3.4,,Building 3,3.690000000000005,17,3,1,2,0,Afternoon,0,1.0931347804139324,0.0,0.0007595135053608431
2024-12-04 06:55:48+00:00,44.94,38.75,3.4,,Building 3,6.189999999999998,6,2,12,4,0,Morning,2,1.159741935483871,0.0,0.0006924642327024009
2024-11-09 00:15:09+00:00,26.56,25.38,3.4,,Building 3,1.1799999999999995,0,5,11,9,1,Night,3,1.0464933018124507,0.0,0.0001968836769374701
2025-02-22 17:20:16+00:00,34.62,33.0,3.4,,Building 3,1.6199999999999974,17,5,2,22,1,Afternoon,0,1.049090909090909,0.0,0.000444701871064395
2024-12-09 04:49:17+00:00,45.38,39.81,3.4,,Building 3,5.57,4,0,12,9,0,Night,3,1.1399145943230344,0.0,0.002848859952441863
2025-02-20 12:01:44+00:00,42.31,39.94,3.4,,Building 3,2.3700000000000045,12,3,2,20,0,Afternoon,0,1.0593390085127692,0.0,0.0010039154907335098
2024-12-08 17:25:45+00:00,40.5,37.94,3.4,,Building 3,2.5600000000000023,17,6,12,8,1,Afternoon,0,1.0674749604638905,0.0,0.0009333644079369438
2024-11-20 23:58:03+00:00,32.81,31.38,3.4,,Building 3,1.4300000000000033,23,2,11,20,0,Evening,1,1.045570427023582,0.0,0.00019828541630758175
2024-12-26 22:36:35+00:00,38.44,36.12,3.4,,Building 3,2.3200000000000003,22,3,12,26,0,Evening,1,1.0642303433001108,0.0,0.00041118152279953467
2024-12-08 13:40:41+00:00,41.0,38.69,3.4,,Building 3,2.3100000000000023,13,6,12,8,1,Afternoon,0,1.0597053502196951,0.0,0.0009303322382629959
2024-12-26 00:25:18+00:00,38.12,35.88,3.4,,Building 3,2.239999999999995,0,3,12,26,0,Night,3,1.0624303232998884,0.0,0.0004248801059454651
2024-12-04 16:44:25+00:00,42.5,39.88,3.4,,Building 3,2.6199999999999974,16,2,12,4,0,Afternoon,0,1.0656970912738215,0.0,0.0013166727304751106
2024-11-25 20:13:59+00:00,39.94,36.62,3.4,,Building 3,3.3200000000000003,20,0,11,25,0,Evening,1,1.0906608410704532,0.0,0.000723449768112182
2025-02-15 11:20:22+00:00,47.5,43.5,3.4,,Building 3,4.0,11,5,2,15,1,Morning,2,1.0919540229885059,0.0,0.0007718742883834851
2024-12-25 17:38:31+00:00,49.44,43.56,3.4,,Building 3,5.8799999999999955,17,2,12,25,0,Afternoon,0,1.1349862258953167,0.0,0.0006594138420359237
2024-12-12 19:50:00+00:00,49.44,43.56,0.2,1.0,Building 3,5.8799999999999955,19,3,12,12,0,Evening,1,,0.0,0.0021822856451013425
2024-12-26 23:18:59+00:00,38.5,35.31,0.2,,Building 3,3.1899999999999977,23,3,12,26,0,Evening,1,1.0903426791277258,0.0,0.0003130397624548968
2025-01-07 18:37:04+00:00,42.31,40.0,0.2,,Building 3,2.3100000000000023,18,1,1,7,0,Evening,1,1.05775,0.0,0.0009333947209809959
2024-11-16 11:18:01+00:00,44.69,38.56,0.2,,Building 3,6.1299999999999955,11,5,11,16,1,Morning,2,1.158973029045643,0.0,0.0008421329520377567
2024-11-05 13:07:12+00:00,33.44,32.31,0.2,,Building 3,1.1299999999999957,13,1,11,5,0,Afternoon,0,1.034973692355308,0.0,0.000281139479012575
2024-12-13 01:22:40+00:00,33.94,32.25,0.2,,Building 3,1.6899999999999975,1,4,12,13,0,Night,3,1.0524031007751937,0.0,0.00020612011245018917
2025-01-31 09:40:00+00:00,33.94,32.25,2.4,1.0,Building 3,1.6899999999999977,9,4,1,31,0,Morning,2,,0.0,0.0016824494115088072
2025-01-18 17:41:49+00:00,46.12,42.31,2.4,,Building 3,3.809999999999995,17,5,1,18,1,Afternoon,0,1.0900496336563459,0.0,0.0007339546245812206
2024-12-13 23:53:43+00:00,36.81,32.88,2.4,,Building 3,3.93,23,4,12,13,0,Evening,1,1.1195255474452555,0.0,0.00029153234389228146
2025-01-10 11:19:44+00:00,42.12,39.94,2.4,,Building 3,2.1799999999999997,11,4,1,10,0,Morning,2,1.0545818728092138,0.0,0.0010157418019836647
2025-01-19 13:58:44+00:00,49.12,42.94,2.4,,Building 3,6.18,13,6,1,19,1,Afternoon,0,1.143921751280857,0.0,0.0008354768383960207
2025-01-10 10:48:32+00:00,46.19,41.5,2.4,,Building 3,4.689999999999998,10,4,1,10,0,Morning,2,1.113012048192771,0.0,0.0008443420097886487
2025-01-05 04:21:18+00:00,49.62,40.19,2.4,,Building 3,9.43,4,6,1,5,1,Night,3,1.2346354814630505,0.0,0.0007825250640904704
2025-01-31 02:58:41+00:00,30.25,28.31,2.4,,Building 3,1.9400000000000013,2,4,1,31,0,Night,3,1.0685270222536207,0.0,0.0001968836769374701
2025-02-27 03:10:00+00:00,30.25,28.31,1.1,0.0,Building 3,1.9400000000000013,3,3,2,27,0,Night,3,,0.0,0.00043207862332101597
2024-12-21 12:00:31+00:00,41.94,39.38,1.1,,Building 3,2.559999999999995,12,5,12,21,1,Afternoon,0,1.0650076180802437,0.0,0.0009772363389029084
2025-02-12 01:02:37+00:00,29.19,26.5,1.1,,Building 3,2.6900000000000013,1,2,2,12,0,Night,3,1.1015094339622642,0.0,0.00029760762431938614
2024-11-15 22:12:31+00:00,35.38,30.62,1.1,,Building 3,4.760000000000002,22,4,11,15,0,Evening,1,1.1554539516655782,0.0,0.0002843636736825549
2024-11-01 17:49:53+00:00,33.94,32.69,1.1,,Building 3,1.25,17,4,11,1,0,Afternoon,0,1.0382379932701131,0.0,0.0002862849826446414
2024-12-11 22:07:17+00:00,32.75,30.62,1.1,,Building 3,2.129999999999999,22,2,12,11,0,Evening,1,1.0695623775310255,0.0,0.00020278316057718686
2025-02-07 19:34:17+00:00,43.44,41.0,1.1,,Building 3,2.4399999999999977,19,4,2,7,0,Evening,1,1.0595121951219513,0.0,0.000856492901307542
2025-01-30 00:39:39+00:00,31.56,30.19,1.1,,Building 3,1.3699999999999974,0,3,1,30,0,Night,3,1.0453792646571711,0.0,0.0001859811677032185
2025-02-09 18:00:00+00:00,31.56,30.19,3.3,1.0,Building 3,1.3699999999999974,18,6,2,9,1,Evening,1,,0.0,0.00070818916628175
2024-11-01 00:30:46+00:00,24.62,24.12,3.3,,Building 3,0.5,0,4,11,1,0,Night,3,1.0207296849087895,0.0,0.0001968836769374701
2025-01-03 03:59:01+00:00,34.75,32.75,3.3,,Building 3,2.0,3,4,1,3,0,Night,3,1.0610687022900764,0.0,0.00020615990697033177
2025-01-24 21:42:57+00:00,30.81,29.69,3.3,,Building 3,1.1199999999999974,21,4,1,24,0,Evening,1,1.0377231391040753,0.0,0.0002427011967702538
2025-01-12 06:40:24+00:00,54.38,46.94,3.3,,Building 3,7.440000000000005,6,6,1,12,1,Morning,2,1.158500213037921,0.0,0.0007304970132617572
2024-11-24 19:40:59+00:00,44.0,39.38,3.3,,Building 3,4.619999999999997,19,6,11,24,1,Evening,1,1.1173184357541899,0.0,0.0006632371876250289
2024-11-21 04:20:33+00:00,43.88,36.38,3.3,,Building 3,7.5,4,3,11,21,0,Night,3,1.206157229246839,0.0,0.001309262787203081
2024-11-29 13:14:17+00:00,43.25,39.38,3.3,,Building 3,3.8699999999999974,13,4,11,29,0,Afternoon,0,1.0982732351447435,0.0,0.0007254133500424538
2025-01-05 03:23:54+00:00,35.88,34.12,3.3,,Building 3,1.7600000000000051,3,6,1,5,1,Night,3,1.0515826494724503,0.0,0.00020571156912166011
2024-11-18 21:44:03+00:00,30.25,29.38,3.3,,Building 3,0.870000000000001,21,0,11,18,0,Evening,1,1.0296119809394146,0.0,0.0002134436883907464
2025-01-15 10:22:59+00:00,47.31,43.94,3.3,,Building 3,3.3700000000000045,10,2,1,15,0,Morning,2,1.0766954938552573,0.0,0.0008627473864688348
2024-12-09 17:13:52+00:00,43.81,39.38,3.3,,Building 3,4.43,17,0,12,9,0,Afternoon,0,1.1124936515997967,0.0,0.0011103035123067153
2025-01-14 13:38:28+00:00,52.75,45.38,3.3,,Building 3,7.369999999999997,13,1,1,14,0,Afternoon,0,1.1624063464081091,0.0,0.0008961426688090825
2024-12-06 14:00:00+00:00,52.75,45.38,7.3,1.0,Building 3,7.369999999999997,14,4,12,6,0,Afternoon,0,,0.0,0.010214790848882518
2024-11-10 20:31:23+00:00,38.81,35.31,7.3,,Building 3,3.5,20,6,11,10,1,Evening,1,1.0991220617388842,0.0,0.006494854809459594
2024-12-06 06:04:53+00:00,43.88,37.75,7.3,,Building 3,6.130000000000003,6,4,12,6,0,Morning,2,1.1623841059602649,0.0,0.0008007095776908842
2025-01-19 05:02:34+00:00,49.88,42.56,7.3,,Building 3,7.32,5,6,1,19,1,Night,3,1.1719924812030076,0.0,0.003973473053369098
2025-02-25 10:37:57+00:00,38.31,33.5,7.3,,Building 3,4.810000000000002,10,1,2,25,0,Morning,2,1.1435820895522388,0.0,0.0006434418273188312
2024-11-21 01:42:05+00:00,35.5,32.06,7.3,,Building 3,3.4399999999999977,1,3,11,21,0,Night,3,1.1072988147223954,0.0,0.0005686812946197954
2025-01-20 18:49:03+00:00,50.69,43.06,7.3,,Building 3,7.6299999999999955,18,0,1,20,0,Evening,1,1.1771946121690664,0.0,0.003990046467371221
2025-02-26 21:42:21+00:00,33.62,32.44,7.3,,Building 3,1.1799999999999995,21,2,2,26,0,Evening,1,1.0363748458692972,0.0,0.0004741461394050736
2024-12-29 10:01:08+00:00,50.12,43.88,7.3,,Building 3,6.239999999999995,10,6,12,29,1,Morning,2,1.1422060164083865,0.0,0.0005181687155213542
2025-01-10 19:35:04+00:00,46.94,41.75,7.3,,Building 3,5.189999999999998,19,4,1,10,0,Evening,1,1.124311377245509,0.0,0.0008189390037794282
2024-11-28 00:29:54+00:00,27.5,26.56,7.3,,Building 3,0.9400000000000012,0,3,11,28,0,Night,3,1.0353915662650603,0.0,0.00019842358741279623
2025-02-26 00:08:36+00:00,27.12,25.75,7.3,,Building 3,1.370000000000001,0,2,2,26,0,Night,3,1.0532038834951456,0.0,0.00019842358741279623
2025-02-09 16:44:42+00:00,39.5,37.44,7.3,,Building 3,2.0600000000000023,16,6,2,9,1,Afternoon,0,1.0550213675213675,0.0,0.0010866096449317192
2024-11-06 15:56:26+00:00,33.75,32.5,7.3,,Building 3,1.25,15,2,11,6,0,Afternoon,0,1.0384615384615385,0.0,0.0005530077421866406
2024-11-10 04:27:56+00:00,35.19,26.19,7.3,,Building 3,8.999999999999996,4,6,11,10,1,Night,3,1.3436426116838487,0.0,0.0009951345940944095
2024-12-06 16:02:47+00:00,40.12,36.56,7.3,,Building 3,3.559999999999995,16,4,12,6,0,Afternoon,0,1.097374179431072,0.0,0.0007669135486330909
2024-12-19 05:21:27+00:00,46.81,40.5,7.3,,Building 3,6.310000000000002,5,3,12,19,0,Night,3,1.1558024691358024,0.0,0.0008071134621039909
2024-12-21 16:35:36+00:00,44.0,40.81,7.3,,Building 3,3.1899999999999977,16,5,12,21,1,Afternoon,0,1.0781671159029649,0.0,0.0006575950501621676
2025-02-16 15:00:00+00:00,44.0,40.81,1.2,1.0,Building 3,3.1899999999999977,15,6,2,16,1,Afternoon,0,,0.0,0.0022063544151469596
2024-12-10 04:45:46+00:00,46.94,42.0,1.2,,Building 3,4.939999999999998,4,1,12,10,0,Night,3,1.1176190476190475,0.0,0.0006534828444125677
2025-01-23 10:37:49+00:00,45.62,40.31,1.2,,Building 3,5.309999999999995,10,3,1,23,0,Morning,2,1.1317290994790374,0.0,0.0002852252103843101
2025-01-21 19:59:58+00:00,48.62,44.62,1.2,,Building 3,4.0,19,1,1,21,0,Evening,1,1.0896458987001345,0.0,0.0007660132554251056
2024-12-17 11:05:08+00:00,45.62,39.56,1.2,,Building 3,6.059999999999995,11,1,12,17,0,Morning,2,1.153185035389282,0.0,0.0007937058459636028
2025-02-09 15:33:43+00:00,37.62,34.75,1.2,,Building 3,2.8699999999999974,15,6,2,9,1,Afternoon,0,1.082589928057554,0.0,0.0005808182823206628
2024-11-11 01:35:50+00:00,27.38,25.69,1.2,,Building 3,1.6899999999999975,1,0,11,11,0,Night,3,1.065784351887894,0.0,0.0001859811677032185
2025-02-26 20:47:13+00:00,42.38,38.75,1.2,,Building 3,3.6300000000000026,20,2,2,26,0,Evening,1,1.0936774193548389,0.0,0.0007341922107602457
2024-12-05 14:58:10+00:00,45.12,40.19,1.2,,Building 3,4.93,14,3,12,5,0,Afternoon,0,1.1226673301816372,0.0,0.0008901336088412478
2024-12-29 07:59:24+00:00,50.12,43.19,1.2,,Building 3,6.93,7,6,12,29,1,Morning,2,1.160453808752026,0.0,0.0007473483028143095
2024-12-04 06:09:15+00:00,41.5,39.12,1.2,,Building 3,2.3800000000000026,6,2,12,4,0,Morning,2,1.060838445807771,0.0,0.0009246391376034371
2024-11-16 07:46:24+00:00,43.44,39.88,1.2,,Building 3,3.559999999999995,7,5,11,16,1,Morning,2,1.0892678034102306,0.0,0.0007477433276654747
2024-11-23 17:50:00+00:00,43.44,39.88,1.5,1.0,Building 3,3.559999999999995,17,5,11,23,1,Afternoon,0,,0.0,0.0018765112461432963
2024-11-17 12:48:39+00:00,40.06,36.81,1.5,,Building 3,3.25,12,6,11,17,1,Afternoon,0,1.0882912252105406,0.0,0.000659925639992378
2024-11-03 03:16:55+00:00,25.31,24.69,1.5,,Building 3,0.6199999999999974,3,6,11,3,1,Night,3,1.0251113811259618,0.0,0.0001859811677032185
2024-11-29 01:01:20+00:00,32.62,31.12,1.5,,Building 3,1.4999999999999964,1,4,11,29,0,Night,3,1.0482005141388173,0.0,0.00019554033722387333
2025-01-23 11:30:00+00:00,32.62,31.12,4.4,1.0,Building 3,1.4999999999999964,11,3,1,23,0,Morning,2,,0.0,0.0012833831169654442
2024-11-24 06:22:40+00:00,46.19,39.62,4.4,,Building 3,6.57,6,6,11,24,1,Morning,2,1.1658253407370016,0.0,0.0006435781833029394
2025-01-30 14:30:31+00:00,39.44,36.06,4.4,,Building 3,3.3799999999999955,14,3,1,30,0,Afternoon,0,1.093732667775929,0.0,0.0007205865294263045
2024-12-21 19:29:53+00:00,45.81,39.94,4.4,,Building 3,5.8700000000000045,19,5,12,21,1,Evening,1,1.1469704556835254,0.0,0.000778714671206484
2025-01-24 21:24:59+00:00,34.12,32.81,4.4,,Building 3,1.3099999999999952,21,4,1,24,0,Evening,1,1.0399268515696432,0.0,0.0003108379146274503
2024-12-13 10:42:50+00:00,47.38,40.81,4.4,,Building 3,6.57,10,4,12,13,0,Morning,2,1.1609899534427837,0.0,0.0006439289056050611
2025-02-07 09:20:00+00:00,47.38,40.81,1.0,1.0,Building 3,6.57,9,4,2,7,0,Morning,2,,0.0,0.003267669645795289
2024-12-20 01:33:40+00:00,32.31,30.38,1.0,,Building 3,1.9300000000000033,1,4,12,20,0,Night,3,1.0635286372613562,0.0,0.00019554033722387333
2025-02-07 14:57:37+00:00,43.38,39.12,1.0,,Building 3,4.260000000000005,14,4,2,7,0,Afternoon,0,1.1088957055214725,0.0,0.0008329672023900778
2024-11-29 13:21:43+00:00,46.56,40.12,1.0,,Building 3,6.440000000000005,13,4,11,29,0,Afternoon,0,1.1605184446660022,0.0,0.0005883602950822065
2024-11-07 23:26:38+00:00,24.19,23.75,1.0,,Building 3,0.4400000000000013,23,3,11,7,0,Evening,1,1.0185263157894737,0.0,0.00018859207638030045
2024-12-13 15:32:36+00:00,46.31,42.56,1.0,,Building 3,3.75,15,4,12,13,0,Afternoon,0,1.088110902255639,0.0,0.000742505833466514
2025-02-27 17:41:54+00:00,44.06,37.88,1.0,,Building 3,6.18,17,3,2,27,0,Afternoon,0,1.1631467793030623,0.0,0.0005920239088963362
2025-01-04 22:34:50+00:00,39.12,34.5,1.0,,Building 3,4.619999999999997,22,5,1,4,1,Evening,1,1.1339130434782607,0.0,0.00035254683364313214
2024-11-20 09:05:22+00:00,42.62,40.0,1.0,,Building 3,2.6199999999999974,9,2,11,20,0,Morning,2,1.0655,0.0,0.0011035064500595924
2025-02-16 15:10:03+00:00,45.12,39.19,1.0,,Building 3,5.93,15,6,2,16,1,Afternoon,0,1.1513141107425364,0.0,0.0008125457435257598
2024-12-24 21:04:15+00:00,48.88,42.25,1.0,,Building 3,6.630000000000003,21,1,12,24,0,Evening,1,1.156923076923077,0.0,0.0006082224033706102
2024-11-08 10:19:10+00:00,34.62,32.31,1.0,,Building 3,2.309999999999995,10,4,11,8,0,Morning,2,1.0714948932219126,0.0,0.00032062864959574996
2025-01-29 07:54:31+00:00,41.62,38.38,1.0,,Building 3,3.239999999999995,7,2,1,29,0,Morning,2,1.0844189682126106,0.0,0.0007338287248698366
2024-11-01 22:22:26+00:00,26.75,26.12,1.0,,Building 3,0.629999999999999,22,4,11,1,0,Evening,1,1.0241194486983154,0.0,0.00018909266718806876
2024-12-04 00:54:50+00:00,32.81,28.5,1.0,,Building 3,4.310000000000002,0,2,12,4,0,Night,3,1.1512280701754387,0.0,0.0002871956995592253
2025-02-03 11:24:51+00:00,42.56,39.88,1.0,,Building 3,2.6799999999999997,11,0,2,3,0,Morning,2,1.0672016048144433,0.0,0.0012451615021972298
2025-02-23 01:20:20+00:00,26.25,25.19,1.0,,Building 3,1.0599999999999987,1,6,2,23,1,Night,3,1.0420801905518062,0.0,0.0001859811677032185
2024-12-29 16:37:46+00:00,49.25,43.81,1.0,,Building 3,5.439999999999998,16,6,12,29,1,Afternoon,0,1.1241725633417028,0.0,0.0006738297092237322
2025-02-08 03:06:54+00:00,37.25,33.94,1.0,,Building 3,3.3100000000000023,3,5,2,8,1,Night,3,1.0975250441956395,0.0,0.00020126562976804084
2025-01-19 08:18:07+00:00,48.62,44.75,1.0,,Building 3,3.8699999999999974,8,6,1,19,1,Morning,2,1.0864804469273743,0.0,0.0007674132873475766
2025-01-17 23:40:16+00:00,34.31,32.5,1.0,,Building 3,1.8100000000000025,23,4,1,17,0,Evening,1,1.0556923076923077,0.0,0.00020438207316056384
2025-01-08 13:34:03+00:00,41.19,35.88,1.0,,Building 3,5.309999999999995,13,2,1,8,0,Afternoon,0,1.1479933110367893,0.0,0.0006895406100698684
2025-01-20 04:44:06+00:00,50.0,45.56,1.0,,Building 3,4.439999999999998,4,0,1,20,0,Night,3,1.0974539069359086,0.0,0.000841722981476292
2024-12-21 16:46:17+00:00,44.56,38.81,1.0,,Building 3,5.75,16,5,12,21,1,Afternoon,0,1.148157691316671,0.0,0.0007748859392490683
2024-11-12 00:20:00+00:00,44.56,38.81,4.2,0.0,Building 3,5.75,0,1,11,12,0,Night,3,,0.0,0.00206399186686927
2024-12-24 08:35:35+00:00,47.44,41.12,4.2,,Building 3,6.32,8,1,12,24,0,Morning,2,1.1536964980544748,0.0,0.000625351143410739
2024-11-24 23:53:13+00:00,35.44,30.44,4.2,,Building 3,4.9999999999999964,23,6,11,24,1,Evening,1,1.164257555847569,0.0,0.00023369808498384276
2024-12-06 17:39:54+00:00,41.81,36.12,4.2,,Building 3,5.690000000000005,17,4,12,6,0,Afternoon,0,1.157530454042082,0.0,0.000610735596864241
2025-02-06 10:27:08+00:00,46.94,42.19,4.2,,Building 3,4.75,10,3,2,6,0,Morning,2,1.112585920834321,0.0,0.0008575206802843477
2024-12-02 02:50:10+00:00,33.56,32.0,4.2,,Building 3,1.5600000000000025,2,0,12,2,0,Night,3,1.04875,0.0,0.00020896221569400412
2024-12-03 14:45:20+00:00,41.75,36.62,4.2,,Building 3,5.130000000000003,14,1,12,3,0,Afternoon,0,1.1400873839432004,0.0,0.0006349856230633963
2025-02-12 21:30:00+00:00,41.75,36.62,7.3,0.0,Building 3,5.130000000000003,21,2,2,12,0,Evening,1,,0.0,0.0025713340265753823
2025-01-17 11:59:21+00:00,45.06,40.62,7.3,,Building 3,4.440000000000005,11,4,1,17,0,Morning,2,1.1093057607090104,0.0,0.0009346446425386065
2025-01-16 23:24:17+00:00,34.0,31.56,7.3,,Building 3,2.4400000000000013,23,3,1,16,0,Evening,1,1.0773130544993663,0.0,0.00023887665036921154
2024-12-16 23:00:00+00:00,34.0,31.56,2.6,0.0,Building 3,2.4400000000000013,23,0,12,16,0,Evening,1,,0.0,0.0008028534799541379
2024-11-17 13:46:09+00:00,37.62,35.69,2.6,,Building 3,1.9299999999999995,13,6,11,17,1,Afternoon,0,1.0540767722050994,0.0,0.0008264629957880993
2024-11-18 19:44:02+00:00,38.75,35.38,2.6,,Building 3,3.3699999999999974,19,0,11,18,0,Evening,1,1.0952515545505934,0.0,0.0007153414054410894
2024-11-10 17:56:43+00:00,37.62,36.0,2.6,,Building 3,1.6199999999999974,17,6,11,10,1,Afternoon,0,1.045,0.0,0.0007929023637322915
2024-12-10 13:10:00+00:00,37.62,36.0,2.0,1.0,Building 3,1.6199999999999974,13,1,12,10,0,Afternoon,0,,0.0,0.0015786797133100902
2025-02-03 15:13:24+00:00,43.56,40.75,2.0,,Building 3,2.8100000000000023,15,0,2,3,0,Afternoon,0,1.068957055214724,0.0,0.0010290651035616933
2025-02-03 03:04:21+00:00,33.69,31.12,2.0,,Building 3,2.5699999999999967,3,0,2,3,0,Night,3,1.0825835475578405,0.0,0.00019899270476199995
2024-12-08 10:13:30+00:00,41.81,39.12,2.0,,Building 3,2.690000000000005,10,6,12,8,1,Morning,2,1.0687627811860942,0.0,0.0009136354539830926
2025-02-16 12:45:07+00:00,44.5,40.38,2.0,,Building 3,4.119999999999997,12,6,2,16,1,Afternoon,0,1.1020307082714214,0.0,0.0011100723811249132
2024-12-13 15:19:47+00:00,45.12,40.25,2.0,,Building 3,4.869999999999997,15,4,12,13,0,Afternoon,0,1.1209937888198758,0.0,0.0007037615039931038
2025-02-18 19:16:33+00:00,46.81,40.81,2.0,,Building 3,6.0,19,1,2,18,0,Evening,1,1.1470227885322224,0.0,0.000732048226621283
2025-02-25 23:00:00+00:00,46.81,40.81,6.6,0.0,Building 3,6.0,23,1,2,25,0,Evening,1,,0.0,0.0011276421065361676
2025-02-18 06:37:09+00:00,45.5,42.81,6.6,,Building 3,2.6899999999999977,6,1,2,18,0,Morning,2,1.0628357860313011,0.0,0.0009754889824188166
2025-02-16 06:40:00+00:00,45.5,42.81,-2.9,1.0,Building 3,2.6899999999999977,6,6,2,16,1,Morning,2,,0.0,0.0024074345553495493
2024-12-05 13:57:07+00:00,45.0,38.69,-2.9,,Building 3,6.310000000000002,13,3,12,5,0,Afternoon,0,1.1630912380460068,0.0,0.0006562700222952533
2025-01-10 18:36:50+00:00,45.69,41.81,-2.9,,Building 3,3.879999999999995,18,4,1,10,0,Evening,1,1.092800765367137,0.0,0.0007505254332264756
2024-11-15 00:13:02+00:00,32.81,31.5,-2.9,,Building 3,1.3100000000000025,0,4,11,15,0,Night,3,1.0415873015873016,0.0,0.00019554033722387333
2025-02-01 14:05:28+00:00,43.38,39.31,-2.9,,Building 3,4.07,14,5,2,1,1,Afternoon,0,1.1035359959297888,0.0,0.0028116090932578
2025-01-21 04:47:40+00:00,50.06,44.5,-2.9,,Building 3,5.560000000000002,4,1,1,21,0,Night,3,1.124943820224719,0.0,0.0009505548732701368
2025-01-18 00:51:12+00:00,34.06,32.12,-2.9,,Building 3,1.9400000000000048,0,5,1,18,1,Night,3,1.0603985056039853,0.0,0.0001899903863068972
2025-01-13 10:43:40+00:00,51.81,46.94,-2.9,,Building 3,4.8700000000000045,10,0,1,13,0,Morning,2,1.1037494674051982,0.0,0.004298708638695575
2025-01-14 22:31:40+00:00,43.5,37.62,-2.9,,Building 3,5.880000000000003,22,1,1,14,0,Evening,1,1.1562998405103668,0.0,0.000315068376763038
2024-11-19 17:14:51+00:00,38.19,33.88,-2.9,,Building 3,4.309999999999995,17,1,11,19,0,Afternoon,0,1.1272136953955134,0.0,0.0006891241476252568
2025-02-17 19:40:04+00:00,48.0,42.44,-2.9,,Building 3,5.560000000000002,19,0,2,17,0,Evening,1,1.1310084825636193,0.0,0.0007921486915650971
2024-11-12 16:35:11+00:00,38.94,36.94,-2.9,,Building 3,2.0,16,1,11,12,0,Afternoon,0,1.0541418516513266,0.0,0.0008231807510252041
2025-01-06 09:20:52+00:00,45.75,39.94,-2.9,,Building 3,5.810000000000002,9,0,1,6,0,Morning,2,1.1454682023034553,0.0,0.0006778104933407909
2025-01-29 00:34:20+00:00,28.94,27.75,-2.9,,Building 3,1.1900000000000013,0,2,1,29,0,Night,3,1.0428828828828829,0.0,0.0001859811677032185
2024-12-29 00:23:11+00:00,38.88,33.5,-2.9,,Building 3,5.380000000000003,0,6,12,29,1,Night,3,1.1605970149253733,0.0,0.0002961738455890476
2024-11-05 15:00:12+00:00,32.69,30.31,-2.9,,Building 3,2.379999999999999,15,1,11,5,0,Afternoon,0,1.0785219399538106,0.0,0.0003675336053239174
2024-12-21 03:59:49+00:00,35.19,32.69,-2.9,,Building 3,2.5,3,5,12,21,1,Night,3,1.0764759865402265,0.0,0.0001899903863068972
2025-01-13 15:16:55+00:00,48.38,44.62,-2.9,,Building 3,3.760000000000005,15,0,1,13,0,Afternoon,0,1.0842671447781265,0.0,0.0007873999368300169
2024-11-12 14:26:25+00:00,37.75,35.75,-2.9,,Building 3,2.0,14,1,11,12,0,Afternoon,0,1.055944055944056,0.0,0.0007087119958239471
2024-12-01 06:01:00+00:00,48.0,41.31,-2.9,,Building 3,6.689999999999998,6,6,12,1,1,Morning,2,1.1619462599854755,0.0,0.0006976842227656562
2025-02-24 16:23:02+00:00,35.38,33.75,-2.9,,Building 3,1.6300000000000026,16,0,2,24,0,Afternoon,0,1.0482962962962963,0.0,0.0003870698688250139
2024-12-30 21:46:47+00:00,36.44,34.12,-2.9,,Building 3,2.3200000000000003,21,0,12,30,0,Evening,1,1.0679953106682298,0.0,0.0002739808635657577
2025-01-26 19:34:14+00:00,38.25,35.75,-2.9,,Building 3,2.5,19,6,1,26,1,Evening,1,1.06993006993007,0.0,0.0007907988869324478
2025-02-25 10:06:08+00:00,36.81,35.12,-2.9,,Building 3,1.6900000000000048,10,1,2,25,0,Morning,2,1.048120728929385,0.0,0.0006748137018238628
2025-01-10 16:44:44+00:00,43.25,39.56,-2.9,,Building 3,3.6899999999999977,16,4,1,10,0,Afternoon,0,1.0932760364004044,0.0,0.0007644999162089714
2024-11-24 23:34:55+00:00,35.31,30.75,-2.9,,Building 3,4.560000000000002,23,6,11,24,1,Evening,1,1.1482926829268294,0.0,0.00023218799030586072
2025-01-05 08:24:29+00:00,47.69,41.38,-2.9,,Building 3,6.309999999999995,8,6,1,5,1,Morning,2,1.1524891251812468,0.0,0.0006778104933407909
2025-02-27 02:17:51+00:00,35.0,32.62,-2.9,,Building 3,2.3800000000000026,2,3,2,27,0,Night,3,1.072961373390558,0.0,0.00020352224893087104
2024-11-05 08:21:31+00:00,36.25,33.38,-2.9,,Building 3,2.8699999999999974,8,1,11,5,0,Morning,2,1.0859796285200718,0.0,0.00036551177499582067
2024-12-08 12:32:11+00:00,41.0,36.62,-2.9,,Building 3,4.380000000000003,12,6,12,8,1,Afternoon,0,1.119606772255598,0.0,0.0006390348422914052
2025-01-05 06:43:52+00:00,49.19,43.44,-2.9,,Building 3,5.75,6,6,1,5,1,Morning,2,1.132366482504604,0.0,0.0007996804030720954
2025-01-13 10:57:40+00:00,48.75,43.44,-2.9,,Building 3,5.310000000000002,10,0,1,13,0,Morning,2,1.1222375690607735,0.0,0.0008197110885724568
2025-01-14 05:05:02+00:00,54.19,46.0,-2.9,,Building 3,8.189999999999998,5,1,1,14,0,Night,3,1.1780434782608695,0.0,0.0008399585174555163
2025-01-03 03:28:32+00:00,36.19,31.44,-2.9,,Building 3,4.7499999999999964,3,4,1,3,0,Night,3,1.1510814249363865,0.0,0.0002770944748712585
2024-12-04 15:18:52+00:00,40.31,38.06,-2.9,,Building 3,2.25,15,2,12,4,0,Afternoon,0,1.05911718339464,0.0,0.0008335037509650446
2024-11-30 22:51:18+00:00,37.0,31.75,-2.9,,Building 3,5.25,22,5,11,30,1,Evening,1,1.1653543307086613,0.0,0.00023218799030586072
2024-11-24 02:56:51+00:00,33.5,30.44,-2.9,,Building 3,3.0599999999999987,2,6,11,24,1,Night,3,1.1005256241787122,0.0,0.00026693775563101996
2024-11-28 12:00:00+00:00,33.5,30.44,5.2,1.0,Building 3,3.0599999999999987,12,3,11,28,0,Afternoon,0,,0.0,0.0016330058931199097
2024-11-05 07:08:26+00:00,35.75,34.44,5.2,,Building 3,1.3100000000000025,7,1,11,5,0,Morning,2,1.0380371660859466,0.0,0.0028329456631385037
2024-12-03 19:56:00+00:00,41.0,38.12,5.2,,Building 3,2.8800000000000026,19,1,12,3,0,Evening,1,1.0755508919202519,0.0,0.0008264462276446865
2025-01-12 18:51:40+00:00,48.25,45.06,5.2,,Building 3,3.1899999999999977,18,6,1,12,1,Evening,1,1.0707944962272524,0.0,0.0006685961514409548
2024-12-28 19:47:22+00:00,48.69,42.31,5.2,,Building 3,6.3799999999999955,19,5,12,28,1,Evening,1,1.150791774994091,0.0,0.0005858640162774634
2024-11-29 01:23:40+00:00,33.25,30.44,5.2,,Building 3,2.8099999999999987,1,4,11,29,0,Night,3,1.0923127463863338,0.0,0.00021750350403103294
2025-01-16 02:29:39+00:00,33.88,31.94,5.2,,Building 3,1.9400000000000013,2,3,1,16,0,Night,3,1.060738885410144,0.0,0.00023250168460098685
2025-01-26 12:54:42+00:00,36.75,35.0,5.2,,Building 3,1.75,12,6,1,26,1,Afternoon,0,1.05,0.0,0.0010200722554456006
2025-01-08 06:55:16+00:00,44.56,38.81,5.2,,Building 3,5.75,6,2,1,8,0,Morning,2,1.148157691316671,0.0,0.0007810412667445059
2025-01-25 22:27:21+00:00,27.56,26.56,5.2,,Building 3,1.0,22,5,1,25,1,Evening,1,1.0376506024096386,0.0,0.00018859604312665613
2024-11-13 18:24:54+00:00,43.5,38.06,5.2,,Building 3,5.439999999999998,18,2,11,13,0,Evening,1,1.142932212296374,0.0,0.0007863139983525606
2025-01-24 13:54:08+00:00,40.31,37.06,5.2,,Building 3,3.25,13,4,1,24,0,Afternoon,0,1.0876956287101998,0.0,0.0006985284790337754
2024-12-04 21:39:24+00:00,33.31,32.0,5.2,,Building 3,1.3100000000000025,21,2,12,4,0,Evening,1,1.0409375,0.0,0.0003992290345789443
2025-01-29 15:35:38+00:00,36.94,35.25,5.2,,Building 3,1.6899999999999975,15,2,1,29,0,Afternoon,0,1.0479432624113474,0.0,0.0009899614239787888
2024-11-08 20:18:38+00:00,38.94,36.25,5.2,,Building 3,2.6899999999999977,20,4,11,8,0,Evening,1,1.074206896551724,0.0,0.0008568927729365462
2024-11-04 12:10:00+00:00,38.94,36.25,7.6,1.0,Building 3,2.6899999999999977,12,0,11,4,0,Afternoon,0,,0.0,0.0025362884430807455
2025-01-26 02:30:00+00:00,38.94,36.25,5.0,0.0,Building 3,2.6899999999999977,2,6,1,26,1,Night,3,,0.0,0.0010591557582985893
2025-02-02 15:45:51+00:00,45.88,40.88,5.0,,Building 3,5.0,15,6,2,2,1,Afternoon,0,1.1223091976516635,0.0,0.0009623833368000987
2025-02-07 03:20:30+00:00,36.94,32.12,5.0,,Building 3,4.82,3,4,2,7,0,Night,3,1.1500622665006226,0.0,0.00048389616178907946
2024-11-05 11:52:22+00:00,34.38,32.88,5.0,,Building 3,1.5,11,1,11,5,0,Morning,2,1.0456204379562044,0.0,0.0004851409052698644
2024-12-30 08:04:05+00:00,51.19,44.56,5.0,,Building 3,6.6299999999999955,8,0,12,30,0,Morning,2,1.1487881508078994,0.0,0.001023105978613301
2025-02-01 21:02:08+00:00,46.12,40.0,5.0,,Building 3,6.119999999999997,21,5,2,1,1,Evening,1,1.153,0.0,0.005027265333197214
2024-11-27 06:50:00+00:00,46.12,40.0,3.6,1.0,Building 3,6.119999999999997,6,2,11,27,0,Morning,2,,0.0,0.0021488406098299348
2024-11-01 01:36:32+00:00,24.19,23.75,3.6,,Building 3,0.4400000000000013,1,4,11,1,0,Night,3,1.0185263157894737,0.0,0.0001968836769374701
2024-11-17 04:32:02+00:00,47.0,39.25,3.6,,Building 3,7.75,4,6,11,17,1,Night,3,1.197452229299363,0.0,0.0016442174910835789
2025-01-09 12:59:22+00:00,35.81,34.12,3.6,,Building 3,1.6900000000000048,12,3,1,9,0,Afternoon,0,1.0495310668229778,0.0,0.0004250949749062166
2025-01-18 04:31:50+00:00,48.81,40.88,3.6,,Building 3,7.93,4,5,1,18,1,Night,3,1.1939823874755382,0.0,0.004653356826925527
2025-01-10 14:32:00+00:00,42.94,40.44,3.6,,Building 3,2.5,14,4,1,10,0,Afternoon,0,1.0618199802176063,0.0,0.001468556796412752
2024-11-15 21:25:06+00:00,36.5,35.19,3.6,,Building 3,1.3100000000000025,21,4,11,15,0,Evening,1,1.0372264847968173,0.0,0.0021043886484056465
2025-02-10 23:51:05+00:00,29.31,28.31,3.6,,Building 3,1.0,23,0,2,10,0,Evening,1,1.0353232073472272,0.0,0.00018859207638030045
2024-11-06 03:24:10+00:00,26.19,25.62,3.6,,Building 3,0.5700000000000003,3,2,11,6,0,Night,3,1.0222482435597189,0.0,0.0001968836769374701
2024-11-19 16:26:12+00:00,36.19,34.38,3.6,,Building 3,1.8099999999999952,16,1,11,19,0,Afternoon,0,1.0526468877254216,0.0,0.0027060714541094744
2024-12-20 21:57:30+00:00,34.25,32.69,3.6,,Building 3,1.5600000000000025,21,4,12,20,0,Evening,1,1.0477210156011014,0.0,0.00031034374840646764
2025-01-18 20:03:03+00:00,47.69,41.81,3.6,,Building 3,5.8799999999999955,20,5,1,18,1,Evening,1,1.1406362114326716,0.0,0.0007122542803073995
2024-11-20 16:14:08+00:00,44.75,40.25,3.6,,Building 3,4.5,16,2,11,20,0,Afternoon,0,1.1118012422360248,0.0,0.0009779484106352573
2025-02-27 11:31:45+00:00,42.88,39.75,3.6,,Building 3,3.1300000000000026,11,3,2,27,0,Morning,2,1.07874213836478,0.0,0.0007755253731767023
2024-12-20 21:52:12+00:00,35.5,33.31,3.6,,Building 3,2.1899999999999977,21,4,12,20,0,Evening,1,1.0657460222155508,0.0,0.0003137151848526103
2025-01-23 11:02:11+00:00,43.69,40.69,3.6,,Building 3,3.0,11,3,1,23,0,Morning,2,1.0737281887441632,0.0,0.0008738351314798739
2025-02-21 08:53:46+00:00,42.56,40.12,3.6,,Building 3,2.440000000000005,8,4,2,21,0,Morning,2,1.0608175473579264,0.0,0.0010239120556366024
2025-01-13 10:21:20+00:00,52.12,46.88,3.6,,Building 3,5.239999999999995,10,0,1,13,0,Morning,2,1.1117747440273036,0.0,0.018989295059021246
2025-01-19 19:46:22+00:00,49.19,44.0,3.6,,Building 3,5.189999999999998,19,6,1,19,1,Evening,1,1.1179545454545454,0.0,0.00238976829715245
2025-02-13 10:34:30+00:00,37.5,35.69,3.6,,Building 3,1.8100000000000025,10,3,2,13,0,Morning,2,1.0507144858503783,0.0,0.0027829729123082553
2025-02-27 16:12:05+00:00,40.56,36.81,3.6,,Building 3,3.75,16,3,2,27,0,Afternoon,0,1.1018744906275468,0.0,0.0006970977943750552
2024-12-23 23:15:29+00:00,33.31,31.81,3.6,,Building 3,1.5000000000000036,23,0,12,23,0,Evening,1,1.0471549827098399,0.0,0.00021860392771979884
2024-12-28 05:32:00+00:00,47.94,44.56,3.6,,Building 3,3.3799999999999955,5,5,12,28,1,Night,3,1.0758527827648114,0.0,0.0008112741925633344
2025-02-22 04:02:03+00:00,30.75,29.69,3.6,,Building 3,1.0599999999999987,4,5,2,22,1,Night,3,1.0357022566520713,0.0,0.00020938675186800936
2024-12-19 16:14:39+00:00,42.94,37.0,3.6,,Building 3,5.939999999999998,16,3,12,19,0,Afternoon,0,1.1605405405405405,0.0,0.0010336717841139145
2025-02-01 05:39:57+00:00,45.19,40.75,3.6,,Building 3,4.439999999999998,5,5,2,1,1,Night,3,1.1089570552147239,0.0,0.0010245504708499896
2024-11-06 00:58:16+00:00,26.31,25.5,3.6,,Building 3,0.8099999999999987,0,2,11,6,0,Night,3,1.031764705882353,0.0,0.0001968836769374701
2024-11-23 01:55:55+00:00,37.44,33.94,3.6,,Building 3,3.5,1,5,11,23,1,Night,3,1.1031231585150265,0.0,0.00029969377351080426
2024-12-17 14:54:36+00:00,42.38,38.06,3.6,,Building 3,4.32,14,1,12,17,0,Afternoon,0,1.113504992117709,0.0,0.0017501140449053627
2025-01-08 07:56:21+00:00,45.25,39.5,3.6,,Building 3,5.75,7,2,1,8,0,Morning,2,1.1455696202531647,0.0,0.0008211207638084526
2024-12-30 19:38:58+00:00,49.38,42.75,3.6,,Building 3,6.630000000000003,19,0,12,30,0,Evening,1,1.1550877192982456,0.0,0.0018841382297443167
2024-12-22 22:58:39+00:00,33.44,31.94,3.6,,Building 3,1.4999999999999964,22,6,12,22,1,Evening,1,1.0469630557294927,0.0,0.00020406951352741317
2025-02-26 13:59:40+00:00,43.0,37.06,3.6,,Building 3,5.939999999999998,13,2,2,26,0,Afternoon,0,1.1602806260118725,0.0,0.0005680606122957667
2024-12-12 19:26:34+00:00,46.06,41.25,3.6,,Building 3,4.810000000000002,19,3,12,12,0,Evening,1,1.1166060606060606,0.0,0.0008604268678847995
2025-01-04 13:31:09+00:00,50.19,45.88,3.6,,Building 3,4.309999999999995,13,5,1,4,1,Afternoon,0,1.0939407149084568,0.0,0.0007979424873456105
2024-11-19 11:30:47+00:00,35.69,34.06,3.6,,Building 3,1.6299999999999957,11,1,11,19,0,Morning,2,1.0478567234292424,0.0,0.00043968985328499176
2024-12-22 23:40:00+00:00,35.69,34.06,-0.1,0.0,Building 3,1.6299999999999955,23,6,12,22,1,Evening,1,,0.0,0.00043262005097492306
2024-11-02 01:20:17+00:00,26.88,25.75,-0.1,,Building 3,1.129999999999999,1,5,11,2,1,Night,3,1.043883495145631,0.0,0.0001859811677032185
2025-01-02 12:46:44+00:00,38.25,36.0,-0.1,,Building 3,2.25,12,3,1,2,0,Afternoon,0,1.0625,0.0,0.0005575263109670204
2025-02-12 11:34:00+00:00,36.31,32.5,-0.1,,Building 3,3.8100000000000023,11,2,2,12,0,Morning,2,1.1172307692307692,0.0,0.0005191953587686666
2024-12-06 09:11:08+00:00,39.56,37.31,-0.1,,Building 3,2.25,9,4,12,6,0,Morning,2,1.0603055481104262,0.0,0.0008781338220292655
2025-01-15 11:39:03+00:00,48.81,43.38,-0.1,,Building 3,5.43,11,2,1,15,0,Morning,2,1.1251728907330567,0.0,0.0006386776437919116
2024-12-20 18:56:01+00:00,47.62,42.81,-0.1,,Building 3,4.809999999999995,18,4,12,20,0,Evening,1,1.1123569259518802,0.0,0.002938713108950864
2025-02-08 22:50:34+00:00,32.75,31.25,-0.1,,Building 3,1.5,22,5,2,8,1,Evening,1,1.048,0.0,0.0001932320229421687
2025-02-18 00:00:49+00:00,33.81,32.19,-0.1,,Building 3,1.6200000000000043,0,1,2,18,0,Night,3,1.0503261882572228,0.0,0.00020352224893087104
2025-01-18 21:07:10+00:00,47.69,42.25,-0.1,,Building 3,5.439999999999998,21,5,1,18,1,Evening,1,1.1287573964497042,0.0,0.0007285819640813102
2024-12-24 17:09:35+00:00,45.31,40.56,-0.1,,Building 3,4.75,17,1,12,24,0,Afternoon,0,1.1171104536489151,0.0,0.0006395022345515757
2025-01-18 23:40:55+00:00,37.44,34.25,-0.1,,Building 3,3.1899999999999977,23,5,1,18,1,Evening,1,1.0931386861313868,0.0,0.00019829115867185277
2024-11-08 20:07:02+00:00,36.5,35.12,-0.1,,Building 3,1.3800000000000026,20,4,11,8,0,Evening,1,1.0392938496583144,0.0,0.0006269840015744218
2024-11-04 10:50:18+00:00,37.56,33.19,-0.1,,Building 3,4.3700000000000045,10,0,11,4,0,Morning,2,1.1316661645073818,0.0,0.0005527696652833971
2024-12-12 23:25:46+00:00,34.94,32.31,-0.1,,Building 3,2.6299999999999955,23,3,12,12,0,Evening,1,1.081398947694212,0.0,0.00021106066025953642
2025-01-23 11:23:07+00:00,44.81,39.44,-0.1,,Building 3,5.3700000000000045,11,3,1,23,0,Morning,2,1.1361561866125762,0.0,0.00031289839379908615
2025-01-10 21:12:03+00:00,42.94,40.75,-0.1,,Building 3,2.1899999999999977,21,4,1,10,0,Evening,1,1.0537423312883436,0.0,0.0008736332719984583
2024-12-13 00:44:31+00:00,33.94,32.12,-0.1,,Building 3,1.8200000000000005,0,4,12,13,0,Night,3,1.0566625155666252,0.0,0.00020612011245018917
2024-12-27 08:54:56+00:00,49.88,44.06,-0.1,,Building 3,5.82,8,4,12,27,0,Morning,2,1.1320926009986383,0.0,0.0006243051564867432
2025-02-09 13:40:00+00:00,49.88,44.06,6.2,1.0,Building 3,5.82,13,6,2,9,1,Afternoon,0,,0.0,0.002831649976133155
2024-11-21 21:20:00+00:00,49.88,44.06,-1.3,1.0,Building 3,5.82,21,3,11,21,0,Evening,1,,0.0,0.002733516846595702
2024-11-28 22:31:16+00:00,33.81,30.94,-1.3,,Building 3,2.870000000000001,22,3,11,28,0,Evening,1,1.0927601809954752,0.0,0.00020844860829758385
2025-02-06 17:30:02+00:00,48.75,42.56,-1.3,,Building 3,6.189999999999998,17,3,2,6,0,Afternoon,0,1.1454417293233081,0.0,0.000788311655672015
2025-01-24 14:02:40+00:00,37.5,35.56,-1.3,,Building 3,1.9399999999999975,14,4,1,24,0,Afternoon,0,1.0545556805399325,0.0,0.0007557082336599661
2024-12-10 01:11:54+00:00,33.19,31.31,-1.3,,Building 3,1.879999999999999,1,1,12,10,0,Night,3,1.0600447141488343,0.0,0.00021022564320300683
2024-12-13 14:24:07+00:00,46.69,40.19,-1.3,,Building 3,6.5,14,4,12,13,0,Afternoon,0,1.1617317740731525,0.0,0.0006396713896225541
2024-11-19 07:50:00+00:00,38.69,36.62,6.5,,Building 3,2.0700000000000003,7,1,11,19,0,Morning,2,1.0565264882577827,0.0,0.0010222529453770362
2024-12-13 22:48:00+00:00,35.06,33.12,6.5,,Building 3,1.9400000000000048,22,4,12,13,0,Evening,1,1.0585748792270533,0.0,0.00022419463585351192
2025-02-15 07:40:00+00:00,35.06,33.12,-3.5,1.0,Building 3,1.9400000000000048,7,5,2,15,1,Morning,2,,0.0,0.001045006824423164
2024-12-29 07:24:33+00:00,47.94,42.75,-3.5,,Building 3,5.189999999999998,7,6,12,29,1,Morning,2,1.1214035087719298,0.0,0.0006104339980852409
2024-12-06 16:46:07+00:00,40.75,35.62,-3.5,,Building 3,5.130000000000003,16,4,12,6,0,Afternoon,0,1.144020213363279,0.0,0.0006475661412052099
2024-11-20 16:50:00+00:00,40.75,35.62,2.5,,Building 3,5.130000000000003,16,2,11,20,0,Afternoon,0,,0.0,0.002312307009170786
2024-11-19 21:23:38+00:00,31.12,30.19,2.5,,Building 3,0.9299999999999996,21,1,11,19,0,Evening,1,1.030804902285525,0.0,0.0002427011967702538
2024-12-21 19:48:46+00:00,45.81,39.69,2.5,,Building 3,6.1200000000000045,19,5,12,21,1,Evening,1,1.1541950113378685,0.0,0.000709298152502934
2024-12-27 15:40:00+00:00,45.81,39.69,-1.7,1.0,Building 3,6.1200000000000045,15,4,12,27,0,Afternoon,0,,0.0,0.002063734535759798
2025-02-10 18:12:21+00:00,42.88,38.75,-1.7,,Building 3,4.130000000000003,18,0,2,10,0,Evening,1,1.1065806451612903,0.0,0.00088384934113854
2024-12-05 04:47:44+00:00,48.5,41.88,-1.7,,Building 3,6.619999999999997,4,3,12,5,0,Night,3,1.1580706781279846,0.0,0.0006822242931974096
2024-12-01 19:56:34+00:00,48.75,42.88,-1.7,,Building 3,5.869999999999997,19,6,12,1,1,Evening,1,1.1368936567164178,0.0,0.0009652176037035121
2024-11-15 21:55:36+00:00,33.38,31.31,-1.7,,Building 3,2.070000000000004,21,4,11,15,0,Evening,1,1.0661130629191953,0.0,0.0002591488224664892
2025-01-30 08:16:52+00:00,47.69,41.19,-1.7,,Building 3,6.5,8,3,1,30,0,Morning,2,1.1578052925467346,0.0,0.0006005406051554441
2025-01-07 10:34:13+00:00,38.75,36.88,-1.7,,Building 3,1.8699999999999977,10,1,1,7,0,Morning,2,1.050704989154013,0.0,0.0008766788615845556
2024-11-05 17:36:26+00:00,37.81,33.5,-1.7,,Building 3,4.310000000000002,17,1,11,5,0,Afternoon,0,1.1286567164179104,0.0,0.0004338375782835015
2025-01-31 16:29:23+00:00,42.44,39.12,-1.7,,Building 3,3.3200000000000003,16,4,1,31,0,Afternoon,0,1.0848670756646217,0.0,0.0007533318378865227
2025-02-11 01:13:38+00:00,30.12,28.19,-1.7,,Building 3,1.9299999999999995,1,1,2,11,0,Night,3,1.0684639943242284,0.0,0.0001859811677032185
2024-12-27 11:40:00+00:00,30.12,28.19,-1.8,1.0,Building 3,1.9299999999999997,11,4,12,27,0,Morning,2,,0.0,0.0004420541507580668
2025-02-23 06:10:36+00:00,36.94,35.25,-1.8,,Building 3,1.6899999999999975,6,6,2,23,1,Morning,2,1.0479432624113474,0.0,0.0006585263320782131
2024-12-31 05:22:38+00:00,50.81,44.44,-1.8,,Building 3,6.3700000000000045,5,1,12,31,0,Night,3,1.1433393339333935,0.0,0.0007323400234769413
2024-12-09 05:31:30+00:00,46.0,39.69,-1.8,,Building 3,6.310000000000002,5,0,12,9,0,Night,3,1.1589821113630638,0.0,0.0006752868095753581
2025-01-08 00:07:35+00:00,32.0,30.19,-1.8,,Building 3,1.8099999999999987,0,2,1,8,0,Night,3,1.0599536270288175,0.0,0.0001859811677032185
2025-01-10 14:25:37+00:00,46.0,40.0,-1.8,,Building 3,6.0,14,4,1,10,0,Afternoon,0,1.15,0.0,0.0006644339914695304
2025-01-15 21:09:02+00:00,49.88,43.06,-1.8,,Building 3,6.82,21,2,1,15,0,Evening,1,1.1583836507199257,0.0,0.0008870585093870795
2025-02-05 23:08:50+00:00,38.44,33.88,-1.8,,Building 3,4.559999999999995,23,2,2,5,0,Evening,1,1.1345926800472252,0.0,0.00031487017539045463
2024-12-05 09:13:09+00:00,46.25,40.44,-1.8,,Building 3,5.810000000000002,9,3,12,5,0,Morning,2,1.143669634025717,0.0,0.000704092473411174
2024-11-06 09:56:22+00:00,36.56,32.88,-1.8,,Building 3,3.68,9,2,11,6,0,Morning,2,1.1119221411192215,0.0,0.0005573670567603654
2024-11-28 23:08:20+00:00,34.62,31.25,-1.8,,Building 3,3.3699999999999974,23,3,11,28,0,Evening,1,1.10784,0.0,0.00027568383801300446
2024-12-01 16:58:11+00:00,45.88,42.69,-1.8,,Building 3,3.190000000000005,16,6,12,1,1,Afternoon,0,1.0747247598969314,0.0,0.0009104352248026308
2025-01-08 19:40:00+00:00,45.88,42.69,6.7,1.0,Building 3,3.190000000000005,19,2,1,8,0,Evening,1,,0.0,0.0028861095011937722
2024-12-09 12:34:52+00:00,40.81,38.44,6.7,,Building 3,2.3700000000000045,12,0,12,9,0,Afternoon,0,1.0616545265348596,0.0,0.0009997221522230408
2025-01-30 04:43:33+00:00,48.94,42.12,6.7,,Building 3,6.82,4,3,1,30,0,Night,3,1.1619183285849952,0.0,0.0027397692824925528
2025-02-03 03:54:04+00:00,34.12,31.94,6.7,,Building 3,2.179999999999996,3,0,2,3,0,Night,3,1.0682529743268627,0.0,0.0002690468859346717
2025-01-06 02:45:45+00:00,32.56,31.0,6.7,,Building 3,1.5600000000000025,2,0,1,6,0,Night,3,1.0503225806451613,0.0,0.00021383906585841048
2024-12-28 04:01:58+00:00,39.62,33.38,6.7,,Building 3,6.239999999999995,4,5,12,28,1,Night,3,1.1869382863990412,0.0,0.0006648136971311706
2024-12-06 00:40:23+00:00,30.69,29.38,6.7,,Building 3,1.3100000000000025,0,4,12,6,0,Night,3,1.0445881552076244,0.0,0.00019871181921886816
2024-12-20 00:22:38+00:00,34.88,30.06,6.7,,Building 3,4.820000000000004,0,4,12,20,0,Night,3,1.1603459747172324,0.0,0.0004014713038904459
2025-02-15 16:39:06+00:00,46.75,41.69,6.7,,Building 3,5.060000000000002,16,5,2,15,1,Afternoon,0,1.1213720316622693,0.0,0.0006702362836346385
2024-12-29 17:50:40+00:00,48.62,41.19,6.7,,Building 3,7.43,17,6,12,29,1,Afternoon,0,1.1803835882495752,0.0,0.00042688545068047195
2025-02-27 03:41:14+00:00,36.12,31.69,6.7,,Building 3,4.429999999999996,3,3,2,27,0,Night,3,1.1397917324076994,0.0,0.0003263062961519645
2024-11-06 13:41:26+00:00,35.25,31.0,6.7,,Building 3,4.25,13,2,11,6,0,Afternoon,0,1.1370967741935485,0.0,0.0007711889467963885
2024-11-15 17:07:26+00:00,43.94,38.06,6.7,,Building 3,5.8799999999999955,17,4,11,15,0,Afternoon,0,1.1544929059379925,0.0,0.0007405258524421191
2025-02-18 09:40:00+00:00,43.94,38.06,-0.8,1.0,Building 3,5.8799999999999955,9,1,2,18,0,Morning,2,,0.0,0.0024575752364231662
2025-01-23 06:09:11+00:00,48.94,42.44,-0.8,,Building 3,6.5,6,3,1,23,0,Morning,2,1.1531573986804902,0.0,0.0006371359320599127
2025-02-03 01:04:01+00:00,35.0,30.5,-0.8,,Building 3,4.5,1,0,2,3,0,Night,3,1.1475409836065573,0.0,0.0002977838270921153
2024-12-27 03:00:20+00:00,37.25,35.31,-0.8,,Building 3,1.9399999999999975,3,4,12,27,0,Night,3,1.05494194279241,0.0,0.00039175469767057796
2025-01-04 19:39:00+00:00,51.5,45.44,-0.8,,Building 3,6.060000000000002,19,5,1,4,1,Evening,1,1.133362676056338,0.0,0.01579304584866133
2025-01-12 08:06:03+00:00,50.19,47.0,-0.8,,Building 3,3.1899999999999977,8,6,1,12,1,Morning,2,1.067872340425532,0.0,0.0010117844087721322
2024-12-19 01:52:46+00:00,34.56,30.12,-0.8,,Building 3,4.440000000000001,1,3,12,19,0,Night,3,1.1474103585657371,0.0,0.0003445601530972556
2024-12-09 21:10:25+00:00,41.94,39.94,-0.8,,Building 3,2.0,21,0,12,9,0,Evening,1,1.0500751126690036,0.0,0.0010519855554630719
2024-12-03 16:23:39+00:00,42.81,36.81,-0.8,,Building 3,6.0,16,1,12,3,0,Afternoon,0,1.162999185004075,0.0,0.0007252270279579661
2024-12-28 09:55:14+00:00,49.38,42.62,-0.8,,Building 3,6.760000000000005,9,5,12,28,1,Morning,2,1.1586109807602065,0.0,0.0006173336524940007
2025-02-18 23:04:04+00:00,33.94,32.38,-0.8,,Building 3,1.5599999999999952,23,1,2,18,0,Evening,1,1.0481778875849288,0.0,0.00020637935838298222
2025-02-24 08:09:49+00:00,39.25,36.25,-0.8,,Building 3,3.0,8,0,2,24,0,Morning,2,1.0827586206896551,0.0,0.0006176343807609952
2025-02-26 07:32:20+00:00,42.88,37.0,-0.8,,Building 3,5.880000000000003,7,2,2,26,0,Morning,2,1.158918918918919,0.0,0.0005698514647398186
2024-11-03 23:05:17+00:00,25.19,24.81,-0.8,,Building 3,0.3800000000000025,23,6,11,3,1,Evening,1,1.015316404675534,0.0,0.00018859207638030045
2025-01-01 07:10:42+00:00,53.31,46.62,-0.8,,Building 3,6.690000000000005,7,2,1,1,0,Morning,2,1.1435006435006436,0.0,0.0005911075505403199
2025-02-23 01:47:48+00:00,26.69,25.94,-0.8,,Building 3,0.75,1,6,2,23,1,Night,3,1.0289128758673862,0.0,0.0001859811677032185
2025-02-04 10:00:00+00:00,26.69,25.94,0.8,1.0,Building 3,0.75,10,1,2,4,0,Morning,2,,0.0,0.0003996536724961054
2025-02-05 00:17:44+00:00,36.31,34.38,0.8,,Building 3,1.9299999999999995,0,2,2,5,0,Night,3,1.0561372891215823,0.0,0.0003310309753471873
2025-02-09 23:57:44+00:00,33.88,32.06,0.8,,Building 3,1.8200000000000005,23,6,2,9,1,Evening,1,1.056768558951965,0.0,0.00021704902426797056
2025-01-03 22:17:33+00:00,39.81,35.31,0.8,,Building 3,4.5,22,4,1,3,0,Evening,1,1.1274426508071367,0.0,0.00034620779292809196
2025-02-15 18:18:45+00:00,47.75,42.0,0.8,,Building 3,5.75,18,5,2,15,1,Evening,1,1.1369047619047619,0.0,0.0008167540111753993
2024-12-24 05:35:46+00:00,48.75,42.38,0.8,,Building 3,6.369999999999997,5,1,12,24,0,Night,3,1.1503067484662577,0.0,0.0006125063298889954
2024-12-27 20:41:57+00:00,47.5,42.31,0.8,,Building 3,5.189999999999998,20,4,12,27,0,Evening,1,1.1226660363980145,0.0,0.0006406467436257647
2024-12-19 22:09:34+00:00,31.12,29.62,0.8,,Building 3,1.5,22,3,12,19,0,Evening,1,1.050641458474004,0.0,0.00018859207638030045
2024-12-29 14:11:39+00:00,47.94,41.69,0.8,,Building 3,6.25,14,6,12,29,1,Afternoon,0,1.1499160470136724,0.0,0.000581925220901844
2025-02-02 20:42:17+00:00,42.38,39.44,0.8,,Building 3,2.940000000000005,20,6,2,2,1,Evening,1,1.0745436105476676,0.0,0.0008280688852291306
2025-01-21 17:55:45+00:00,49.25,42.62,0.8,,Building 3,6.630000000000003,17,1,1,21,0,Afternoon,0,1.1555607695917411,0.0,0.0008563486152560226
2025-01-12 16:03:17+00:00,48.31,45.0,0.8,,Building 3,3.3100000000000023,16,6,1,12,1,Afternoon,0,1.0735555555555556,0.0,0.000879412188795354
2025-02-03 08:32:21+00:00,46.62,41.38,0.8,,Building 3,5.239999999999995,8,0,2,3,0,Morning,2,1.126631222812953,0.0,0.0007915545605869458
2025-01-17 13:59:42+00:00,47.06,40.69,0.8,,Building 3,6.3700000000000045,13,4,1,17,0,Afternoon,0,1.1565495207667733,0.0,0.0007867772440487683
2025-02-06 05:50:00+00:00,47.06,40.69,-0.6,1.0,Building 3,6.3700000000000045,5,3,2,6,0,Night,3,,0.0,0.003176465804950011
2024-12-01 23:33:37+00:00,37.12,32.06,-0.6,,Building 3,5.059999999999995,23,6,12,1,1,Evening,1,1.1578290704928258,0.0,0.00026924286252009695
2025-01-23 08:47:37+00:00,46.06,40.0,-0.6,,Building 3,6.060000000000002,8,3,1,23,0,Morning,2,1.1515,0.0,0.0006005406051554441
2025-02-02 10:52:47+00:00,45.81,41.38,-0.6,,Building 3,4.43,10,6,2,2,1,Morning,2,1.1070565490575157,0.0,0.0009100728825291149
2025-02-17 18:13:07+00:00,47.31,42.0,-0.6,,Building 3,5.310000000000002,18,0,2,17,0,Evening,1,1.1264285714285716,0.0,0.0008004636112381474
2025-01-29 08:13:29+00:00,42.56,38.12,-0.6,,Building 3,4.440000000000005,8,2,1,29,0,Morning,2,1.1164742917103885,0.0,0.0006359755878708348
2024-11-24 19:38:59+00:00,44.12,39.25,-0.6,,Building 3,4.869999999999997,19,6,11,24,1,Evening,1,1.1240764331210191,0.0,0.0006889617449417159
2025-01-18 04:11:48+00:00,42.69,35.62,-0.6,,Building 3,7.07,4,5,1,18,1,Night,3,1.1984839977540707,0.0,0.0011870640034136316
2024-11-26 16:20:00+00:00,42.69,35.62,6.9,1.0,Building 3,7.07,16,1,11,26,0,Afternoon,0,,0.0,0.0008380433881140536
2024-12-21 09:19:17+00:00,46.69,41.69,6.9,,Building 3,5.0,9,5,12,21,1,Morning,2,1.1199328376109379,0.0,0.0007292043559968197
2025-02-28 10:10:00+00:00,46.69,41.69,3.7,,Building 3,5.0,10,4,2,28,0,Morning,2,,0.0,0.002593464727747234
2024-11-27 03:32:39+00:00,29.38,28.12,3.7,,Building 3,1.259999999999998,3,2,11,27,0,Night,3,1.0448079658605973,0.0,0.00019871181921886816
2025-01-14 18:50:36+00:00,53.94,46.81,3.7,,Building 3,7.1299999999999955,18,1,1,14,0,Evening,1,1.1523178807947019,0.0,0.0008328018726083329
2025-01-13 23:36:57+00:00,41.44,37.75,3.7,,Building 3,3.6899999999999977,23,0,1,13,0,Evening,1,1.0977483443708609,0.0,0.0003085035041134048
2024-12-22 12:59:11+00:00,44.81,38.88,3.7,,Building 3,5.93,12,6,12,22,1,Afternoon,0,1.1525205761316872,0.0,0.0005463165122793351
2025-02-21 05:18:19+00:00,46.31,41.69,3.7,,Building 3,4.6200000000000045,5,4,2,21,0,Night,3,1.1108179419525066,0.0,0.0009290656797959591
2024-12-07 11:44:15+00:00,42.94,36.88,3.7,,Building 3,6.059999999999995,11,5,12,7,1,Morning,2,1.1643167028199566,0.0,0.0007241292110489289
2024-12-09 09:37:11+00:00,44.25,39.62,3.7,,Building 3,4.630000000000003,9,0,12,9,0,Morning,2,1.1168601716304898,0.0,0.004633193801227175
2024-12-15 08:12:20+00:00,47.25,41.06,3.7,,Building 3,6.189999999999998,8,6,12,15,1,Morning,2,1.1507549926936191,0.0,0.0007002901418561193
2024-12-24 16:17:51+00:00,47.62,41.38,3.7,,Building 3,6.239999999999995,16,1,12,24,0,Afternoon,0,1.1507974867085546,0.0,0.0006286409311179625
2025-02-04 19:37:34+00:00,47.31,42.56,3.7,,Building 3,4.75,19,1,2,4,0,Evening,1,1.1116071428571428,0.0,0.0008930700992016775
2025-02-20 18:18:24+00:00,39.75,37.56,3.7,,Building 3,2.1899999999999977,18,3,2,20,0,Evening,1,1.0583067092651757,0.0,0.0009394561169618284
2025-02-08 08:20:31+00:00,49.06,43.31,3.7,,Building 3,5.75,8,5,2,8,1,Morning,2,1.1327637958900947,0.0,0.0008445521458254297
2024-12-13 18:48:32+00:00,48.0,41.38,3.7,,Building 3,6.619999999999997,18,4,12,13,0,Evening,1,1.1599806669888835,0.0,0.0006541684088467542
2024-11-11 23:30:48+00:00,28.12,26.75,3.7,,Building 3,1.370000000000001,23,0,11,11,0,Evening,1,1.051214953271028,0.0,0.00018859207638030045
2024-11-12 11:17:52+00:00,37.88,35.38,3.7,,Building 3,2.5,11,1,11,12,0,Morning,2,1.0706613906161673,0.0,0.0007822624374267563
2024-12-03 11:41:46+00:00,38.0,36.0,3.7,,Building 3,2.0,11,1,12,3,0,Morning,2,1.0555555555555556,0.0,0.0008161233231253936
2024-12-02 21:10:00+00:00,38.0,36.0,7.7,1.0,Building 3,2.0,21,0,12,2,0,Evening,1,,0.0,0.0030326071224933446
2024-11-11 14:01:32+00:00,36.38,34.88,7.7,,Building 3,1.5,14,0,11,11,0,Afternoon,0,1.0430045871559632,0.0,0.0009082242995392043
2024-12-03 07:01:06+00:00,39.94,37.75,7.7,,Building 3,2.1899999999999977,7,1,12,3,0,Morning,2,1.0580132450331126,0.0,0.0010404593517402993
2024-12-09 10:35:08+00:00,45.25,39.12,7.7,,Building 3,6.130000000000003,10,0,12,9,0,Morning,2,1.1566973415132924,0.0,0.0006455181237398931
2025-01-02 16:36:47+00:00,42.88,37.38,7.7,,Building 3,5.5,16,3,1,2,0,Afternoon,0,1.1471375066880685,0.0,0.0007746497889761179
2024-12-18 15:54:39+00:00,43.5,37.62,7.7,,Building 3,5.880000000000003,15,2,12,18,0,Afternoon,0,1.1562998405103668,0.0,0.0008506714665614825
2024-11-25 05:12:47+00:00,46.88,41.0,7.7,,Building 3,5.880000000000003,5,0,11,25,0,Night,3,1.1434146341463416,0.0,0.000625351143410739
2025-02-01 19:53:23+00:00,45.06,41.88,7.7,,Building 3,3.1799999999999997,19,5,2,1,1,Evening,1,1.0759312320916905,0.0,0.0008012591090507728
2025-02-25 22:27:20+00:00,26.62,25.81,7.7,,Building 3,0.8100000000000023,22,1,2,25,0,Evening,1,1.0313831848120885,0.0,0.00018831852051229902
2025-02-14 23:15:50+00:00,38.81,34.19,7.7,,Building 3,4.6200000000000045,23,4,2,14,0,Evening,1,1.1351272301842645,0.0,0.00041178424388926284
2024-12-04 09:30:00+00:00,38.81,34.19,3.0,1.0,Building 3,4.6200000000000045,9,2,12,4,0,Morning,2,,0.0,0.002465941894016057
2024-12-27 15:53:42+00:00,49.94,44.38,3.0,,Building 3,5.559999999999995,15,4,12,27,0,Afternoon,0,1.1252816584046867,0.0,0.0006276784458629341
2025-02-04 23:59:49+00:00,35.81,33.94,3.0,,Building 3,1.8700000000000043,23,1,2,4,0,Evening,1,1.0550972304066,0.0,0.00018851954925225208
2025-02-23 17:17:52+00:00,35.12,33.62,3.0,,Building 3,1.5,17,6,2,23,1,Afternoon,0,1.0446162998215347,0.0,0.00041988625364793524
2024-11-28 07:37:39+00:00,38.62,36.19,3.0,,Building 3,2.4299999999999997,7,3,11,28,0,Morning,2,1.0671456203371097,0.0,0.0009377356369380896
2024-12-14 02:34:08+00:00,33.69,32.12,3.0,,Building 3,1.5700000000000005,2,5,12,14,1,Night,3,1.0488792029887921,0.0,0.00020112787497667176
2024-11-26 18:11:12+00:00,38.5,35.56,3.0,,Building 3,2.9399999999999977,18,1,11,26,0,Evening,1,1.0826771653543306,0.0,0.0007223637092255718
2025-01-05 04:46:57+00:00,48.94,43.44,3.0,,Building 3,5.5,4,6,1,5,1,Night,3,1.1266114180478821,0.0,0.0008591900090132989
2025-01-19 02:16:15+00:00,36.12,32.81,3.0,,Building 3,3.309999999999995,2,6,1,19,1,Night,3,1.1008838768668088,0.0,0.0003833312343279339
2025-01-22 20:01:00+00:00,48.5,42.0,3.0,,Building 3,6.5,20,2,1,22,0,Evening,1,1.1547619047619047,0.0,0.0006051919904501564
2024-11-28 10:59:08+00:00,40.75,36.25,3.0,,Building 3,4.5,10,3,11,28,0,Morning,2,1.1241379310344828,0.0,0.0006165825899776923
2025-01-01 21:05:56+00:00,49.56,45.38,3.0,,Building 3,4.18,21,2,1,1,0,Evening,1,1.0921110621419128,0.0,0.0009016761581389891
2025-02-14 09:10:00+00:00,49.56,45.38,-2.0,1.0,Building 3,4.18,9,4,2,14,0,Morning,2,,0.0,0.0027792633769779455
2024-12-16 13:45:11+00:00,39.25,37.25,-2.0,,Building 3,2.0,13,0,12,16,0,Afternoon,0,1.0536912751677852,0.0,0.0008465717583048941
