tree
version=v4
num_class=1
num_tree_per_iteration=1
label_index=0
max_feature_idx=10
objective=binary sigmoid:1
feature_names=SupplyTemp ReturnTemp OutsideTemp SupplyTempReturnTempDerivation Hour DayOfWeek Month DayOfMonth IsWeekend TimeOfDay_Encoded SupplyReturnRatio
feature_infos=[22.75:56.560000000000002] [22.440000000000001:48.380000000000003] [-6.0999999999999996:15.1] [0.30999999999999872:12.319999999999997] [0:23] [0:6] [1:12] [1:31] [0:1] [0:3] [0.98239130434782607:1.4839984195969973]
tree_sizes=3280 3308 3329 3336 3401 3344 3407 3342 3347 3347 3345 3413 3405 3339 3350 3345 3454 3343 3333 3349 3428 3380 3421 3373 3382 3368 3371 3366 3370 3378 3377 3375 3376 3376 3378 3368 3372 3378 3374 3363 3375 3377 3383 3422 3375 3364 3340 3358 3387 3367 3381 3382 3372 3386 3382 3378 3387 3373 3396 3380 3396 3402 3383 3417 3386 3376 3383 3417 3422 3383 3383 3377 3393 3387 3383 3406 3401 3407 3430 3414 3384 3399 3408 3398 3398 3392 3385 3430 3425 3400 3432 3401 3421 3435 3417 3422 3418 3425 3408 3429 3382 3389 3381 3395 3427 3422 3426 3412 3416 3446 3431 3428 3440 3413 3424 3409 3415 3414 3421 3436 3439 3430 3420 3411 3431 3437 3425 3407 3408 3418 3399 3392 3422 3398 3424

Tree=0
num_leaves=31
num_cat=0
split_feature=10 10 1 2 4 0 4 4 0 0 2 2 0 2 2 2 1 0 2 0 2 1 7 0 1 2 2 2 4 0
split_gain=6539.21 65496.1 17647.2 3968.05 3549.92 2266.6 1645.71 377.957 335.272 242.106 196.599 170.061 622.891 53.0986 50.8022 31.9662 28.709 24.3135 270.151 22.379 26.1634 45.7788 18.3212 13.5543 11.9646 11.8368 11.5921 10.3017 7.42463 19.0055
threshold=1.0991991879725476 1.0992168415445007 34.155000000000008 7.4500000000000011 3.5000000000000004 30.345000000000002 21.500000000000004 20.500000000000004 39.655000000000008 39.155000000000008 5.0500000000000007 6.6500000000000012 33.030000000000008 -1.6499999999999997 9.9500000000000011 1.2500000000000002 30.530000000000005 35.910000000000004 3.2500000000000004 37.410000000000004 7.5500000000000007 34.470000000000006 10.500000000000002 37.030000000000008 40.720000000000006 1.7500000000000002 -0.74999999999999989 0.75000000000000011 4.5000000000000009 45.410000000000004
decision_type=2 2 2 2 2 2 2 2 2 2 2 2 2 2 2 2 2 2 2 2 2 2 2 2 2 2 2 2 2 2
left_child=-1 2 3 8 -4 14 7 19 11 10 15 17 -13 -11 -5 -9 -7 -2 27 20 21 -6 -23 -22 25 -15 -8 -19 29 -21
right_child=1 -3 4 5 6 16 26 9 -10 13 -12 12 -14 24 -16 -17 -18 18 -20 28 23 22 -24 -25 -26 -27 -28 -29 -30 -31
leaf_value=-2.7802649986790673 -2.7760162486879607 -2.780061592782975 -2.7807309150561754 -2.7807309150561754 -2.3901443797814412 -2.1821308609952803 -2.7807309150561754 -2.7807309150561754 -1.982198442938941 -2.2880992489438978 -1.9850916765335693 -2.7807309150561754 -1.9747586994098985 -2.1425176221236031 -2.4335428837008561 -2.4788282790950285 -1.9693324432667421 -2.7807309150561754 -2.0259743251533076 -2.0705735781930223 -1.9297798578127456 -1.972620842073967 -2.1731518601843671 -2.0769713920386366 -1.9127608366678777 -1.9762708424036066 -2.6071368993785158 -2.6634376612199189 -1.9633573887569895 -1.9507741247724741
leaf_weight=3112.1464637108147 106.0520433075726 2838.6923357471824 14.747052192687987 12.327613942325113 1.152113452553748 1.6705645062029351 5.8181729353964329 2.592255268245935 1.4401418156921852 2.1314098872244349 1.3825361430644987 9.3321189656853658 3.2259176671504965 1.9585928693413723 1.152113452553748 1.3249304704368112 30.934246201068163 15.380714591592556 1.3249304704368103 5.7029615901410562 5.8757786080241186 3.3411290124058723 1.7281701788306234 2.1314098872244358 2.4194382503628731 2.3618325777351856 1.152113452553748 2.1314098872244349 344.88516202196479 7.8919771499931812
leaf_count=54025 1841 49278 256 214 20 29 101 45 25 37 24 162 56 34 20 23 537 267 23 99 102 58 30 37 42 41 20 37 5987 137
internal_value=-2.72778 -2.68018 -2.20253 -2.60773 -2.0191 -2.2057 -1.99058 -1.97686 -2.74113 -2.23031 -2.4977 -2.74908 -2.57369 -2.07057 -2.75106 -2.67862 -1.98024 -2.76672 -2.71437 -1.96723 -2.02872 -2.10564 -2.04098 -1.96896 -2.00178 -2.05164 -2.75204 -2.76646 -1.96479 -2.00103
internal_weight=6544.41 3432.26 593.569 184.972 408.597 46.0845 393.85 386.88 138.887 14.171 5.29972 137.447 12.558 8.87127 13.4797 3.91719 32.6048 124.889 18.8371 372.709 14.2286 6.22141 5.0693 8.00719 6.73986 4.32043 6.97029 17.5121 358.48 13.5949
internal_count=113607 59582 10304 3211 7093 800 6837 6716 2411 246 92 2386 218 154 234 68 566 2168 327 6470 247 108 88 139 117 75 121 304 6223 236
is_linear=0
shrinkage=1


Tree=1
num_leaves=31
num_cat=0
split_feature=10 10 4 4 0 2 4 1 2 2 0 3 2 0 7 4 0 2 3 0 2 0 3 2 1 7 2 7 1 4
split_gain=5664.55 35856.6 5095.67 3179.65 414.86 354.458 109.821 115.628 164.747 43.3846 55.1839 23.2538 19.2718 44.1761 18.8953 16.1665 72.0779 93.587 11.7929 7.31565 5.91858 5.57667 3.92477 37.3176 3.81183 3.74516 3.63908 3.52911 3.11016 2.79932
threshold=1.0991991879725476 1.0992168415445007 3.5000000000000004 21.500000000000004 34.155000000000008 8.4500000000000011 20.500000000000004 36.970000000000006 4.6500000000000012 7.1500000000000012 32.280000000000008 1.1899999999999997 8.2500000000000018 28.410000000000004 1.5000000000000002 4.5000000000000009 39.655000000000008 2.1500000000000008 1.750000000000002 36.780000000000008 9.1500000000000004 32.090000000000011 4.2399999999999975 3.6500000000000008 39.590000000000011 10.500000000000002 -1.9499999999999997 13.500000000000002 40.655000000000008 19.500000000000004
decision_type=2 2 2 2 2 2 2 2 2 2 2 2 2 2 2 2 2 2 2 2 2 2 2 2 2 2 2 2 2 2
left_child=-1 2 12 4 5 9 11 8 -8 -4 -11 -6 22 -14 -5 16 17 -13 -9 -10 -7 -22 -2 -24 -20 -18 -26 -27 -28 -17
right_child=1 -3 3 14 6 20 7 18 19 10 -12 15 13 -15 -16 29 25 -19 24 -21 21 -23 23 -25 26 27 28 -29 -30 -31
leaf_value=-0.052613021224337836 -0.049339646152982385 -0.052400692073339965 -0.043888030435782037 0.1167302454757559 0.11744288295301047 0.30150078240352463 -0.035878342965856187 0.27281394312246182 0.4553410457193719 -0.053751636591693297 0.32523563435606312 -0.035045924340040287 -0.053099659926324816 0.32188363962315708 -0.050052318281235755 0.37995064914270477 0.40864485533032113 0.36651193069060062 0.32010199238828829 0.31951867237324072 0.45673491124691179 0.36728334463225043 -0.045144833590280389 0.25482135381121984 0.45739755609054522 0.3068325202699424 0.4217288416323986 0.37399012111483015 0.35624108002796451 0.36686873982484525
leaf_weight=2970.8036101423204 79.017496675252914 2710.2556568160653 10.751688778400423 1.7603185735642899 0.85997672379016776 2.5127360299229613 5.7258217297494429 3.34911124408245 1.8569526672363283 1.7746605053544038 2.0937047153711319 2.6570677235722533 2.3086055964231487 1.1904228404164312 48.134653113782406 675.81191798299551 7.1984672769904163 3.1965454258024693 2.2562195137143126 2.1269593834877014 2.2452334538102132 7.7793824002146721 12.522099103778599 1.1304347328841675 1.756198614835738 2.2001981213688877 2.7186355739831907 17.640309475362301 5.44261085242033 43.52692024409771
leaf_count=54025 1428 49278 193 29 8 25 99 38 20 29 20 43 42 13 864 6273 69 37 22 21 26 73 226 16 21 21 27 167 50 404
internal_value=-0.00131257 0.0403073 0.304364 0.343161 0.367154 0.175053 0.373857 0.27125 0.135917 0.00777603 0.151371 0.377295 -0.0407132 0.0744754 -0.0441681 0.377592 0.343313 0.184237 0.355902 0.382827 0.370119 0.387318 -0.0450625 -0.0203075 0.378761 0.377751 0.392106 0.366543 0.378056 0.379159
internal_weight=6632.6 3661.8 951.545 855.376 805.481 27.1574 778.324 25.2325 9.70973 14.6201 3.86837 753.091 96.1691 3.49903 49.895 752.231 32.8926 5.85361 15.5228 3.98391 12.5374 10.0246 92.67 13.6525 12.1737 27.039 9.91745 19.8405 8.16125 719.339
internal_count=113607 59582 10304 8579 7686 366 7320 298 140 242 49 7022 1725 55 893 7014 337 80 158 41 124 99 1670 242 120 257 98 188 77 6677
is_linear=0
shrinkage=0.05


Tree=2
num_leaves=31
num_cat=0
split_feature=10 10 4 4 0 2 4 1 2 1 2 1 2 0 0 2 6 2 1 3 6 5 2 3 2 1 2 0 1 3
split_gain=5123.11 25894.4 2934.98 1763.94 196.473 116.255 87.8052 92.2927 123.42 19.325 56.4532 19.7547 17.4242 39.2379 12.2396 10.2768 4.66524 16.3889 44.9184 4.46174 4.17466 4.04524 11.7919 4.58876 7.384 3.58834 14.4841 7.4517 3.52072 3.08334
threshold=1.0991991879725476 1.0992168415445007 3.5000000000000004 21.500000000000004 32.280000000000008 9.0500000000000025 20.500000000000004 36.910000000000004 4.9500000000000011 32.780000000000008 3.7500000000000004 32.655000000000008 8.2500000000000018 31.720000000000002 36.655000000000008 -2.4499999999999997 1.5000000000000002 4.4500000000000011 28.345000000000002 1.1899999999999997 1.5000000000000002 1.0000000180025095e-35 6.3500000000000005 3.6199999999999997 0.65000000000000002 40.720000000000006 0.25000000000000006 42.220000000000006 30.655000000000005 4.6799999999999988
decision_type=2 2 2 2 2 2 2 2 2 2 2 2 2 2 2 2 2 2 2 2 2 2 2 2 2 2 2 2 2 2
left_child=-1 2 12 4 5 -4 9 8 -8 10 14 20 21 -14 -6 -9 17 -5 -19 -11 -12 22 23 -2 -25 26 -17 -28 -22 -30
right_child=1 -3 3 16 6 -7 7 15 -10 19 11 -13 13 -15 -16 25 -18 18 -20 -21 28 -23 -24 24 -26 -27 27 -29 29 -31
leaf_value=-0.052430785962501586 -0.052962183814183286 -0.052209031393051268 -0.05314160174286834 -0.052966327745642743 -0.053441730936728687 0.29355996097812581 -0.040500231549873152 0.15387809769328667 0.25900392062003919 0.18950716366617021 0.32051054683449953 0.14487594853061389 -0.053059682694571668 0.28773979745185346 0.15225354251156012 0.13357678826560182 -0.053017763894843285 -0.053103362444773372 0.32471163088574828 0.27275029411825835 0.2079059159459733 -0.049057140226464596 0.11331434927761093 -0.052959744940482723 0.11442780784385687 0.29672435082354931 0.33031987839855742 0.2374410608381585 0.27381159846137365 0.22119432534502931
leaf_weight=2835.4900679551065 9.0291156806051713 2587.3007066398859 7.5846416018903238 9.1413301117718202 1.8135288245975965 3.5494449809193611 7.8382129706442338 2.1286982893943813 6.1295648999512196 1.6124071925878514 3.2915965840220478 3.6908173002302638 2.4202514067292209 1.2973177805542944 1.2028820589184759 2.095807850360873 35.33129371330142 2.3394736461341377 1.1852610670030115 962.10803328454494 2.8109596483409431 75.874854944646358 1.4921178966760624 1.4773700274527066 1.1891707293689249 7.4283359199762335 3.9860917553305608 4.7127946838736534 21.418289192020897 3.2002308815717688
leaf_count=54025 171 49278 139 173 31 29 140 19 51 13 26 37 45 10 17 20 661 43 16 6840 24 1427 24 28 20 54 33 35 155 23
internal_value=-0.00164334 0.0365075 0.229821 0.252707 0.2663 0.0573837 0.268546 0.189907 0.090933 0.271242 0.235992 0.254173 -0.0401877 0.0658689 0.0285853 0.257834 -0.0436844 -0.0176494 0.0739443 0.272611 0.267304 -0.0446146 -0.0190548 -0.0359423 0.0216884 0.269978 0.251572 0.280001 0.260919 0.266972
internal_weight=6610.17 3774.68 1187.38 1094.6 1046.6 11.1341 1035.47 34.3195 13.9678 1001.15 37.4283 34.4119 92.7802 3.71757 3.01641 20.3517 47.9974 12.6661 3.52473 963.72 30.7211 89.0626 13.1878 11.6957 2.66654 18.223 10.7947 8.69889 27.4295 24.6185
internal_count=113607 59582 10304 8579 7686 168 7518 352 191 7166 313 265 1725 55 48 161 893 232 59 6853 228 1670 243 219 48 142 88 68 202 178
is_linear=0
shrinkage=0.05


Tree=3
num_leaves=31
num_cat=0
split_feature=10 10 4 4 0 2 4 1 2 2 0 7 1 2 3 2 0 2 0 0 4 4 7 2 3 4 0 7 7 7
split_gain=4692.67 20341.5 1987.56 1172.3 121.407 85.349 51.4949 57.4675 90.9814 15.9348 28.8965 15.3662 11.2861 37.3631 40.3677 6.24616 5.87526 4.04497 96.3168 3.25763 3.04065 3.37222 3.24065 2.69483 2.6512 2.38302 38.3996 1.97594 8.48236 14.4436
threshold=1.0991991879725476 1.0992168415445007 3.5000000000000004 21.500000000000004 32.280000000000008 9.0500000000000025 20.500000000000004 36.910000000000004 4.6500000000000012 8.2500000000000018 31.720000000000002 1.5000000000000002 32.780000000000008 6.4500000000000011 6.1800000000000024 -1.6499999999999997 35.030000000000008 4.8500000000000005 33.530000000000008 34.910000000000004 9.5000000000000018 14.500000000000002 4.5000000000000009 9.7500000000000018 1.1899999999999997 4.5000000000000009 39.655000000000008 13.500000000000002 10.500000000000002 11.500000000000002
decision_type=2 2 2 2 2 2 2 2 2 2 2 2 2 2 2 2 2 2 2 2 2 2 2 2 2 2 2 2 2 2
left_child=-1 2 9 4 5 -4 12 8 -8 17 -11 -5 13 14 16 -9 -6 -2 -19 -10 -15 22 -22 -24 -14 26 -26 28 -27 -30
right_child=1 -3 3 11 6 -7 7 15 19 10 -12 -13 24 20 -16 -17 -18 18 -20 -21 21 -23 23 -25 25 27 -28 -29 29 -31
leaf_value=-0.052256029428866195 -0.050502278335869261 -0.052024312214436458 -0.052979577414927204 0.089824478093764815 -0.053491045858258805 0.22789021310357419 -0.046114219751788914 0.15550509381598929 0.14949672972005715 -0.052901818362687793 0.22540206897058701 -0.049495151397050741 0.15760110566863317 0.25750487137746653 0.22673872728163277 0.21878624802280405 0.066875238494207553 -0.05285649950350494 0.37943449292790737 0.22217070448950432 0.23313951745089151 0.23050638450203148 0.16501159815770772 0.20509152671293107 -0.026472094266112189 0.21951687583281343 0.21578274240921547 0.22002231584311535 0.17809518475153169 0.21634421316119942
leaf_weight=2705.9943141415715 63.841627880930901 2469.6349151954055 7.2362409643828851 2.0721146166324607 2.7275010906159869 4.3191801682114601 7.2329083792865259 4.8938787132501629 2.1502249352633953 2.3089107647538181 1.5648501515388487 44.118318177759647 1.8352573513984669 3.4398030936717978 3.133378379046917 19.190569415688515 1.6135799549520013 20.393980607390407 1.3754161037504662 5.4513146355748177 4.7286000400781658 11.075800046324728 7.8977425172925022 8.9427028596401197 1.7030173614621151 353.94877424836159 41.423347011208534 630.73926410079002 36.862294629216194 74.694656983017921
leaf_count=54025 1255 49278 139 29 46 29 136 39 19 45 10 864 13 22 25 122 20 400 15 36 29 68 49 54 20 2122 253 3776 222 447
internal_value=-0.00182391 0.0337098 0.188155 0.204065 0.213313 0.0520038 0.214836 0.158244 0.0808277 -0.0396676 0.0595222 -0.0432452 0.216695 0.191716 0.089969 0.205928 -0.00875089 -0.0441558 -0.0255438 0.201614 0.212792 0.208081 0.196565 0.186295 0.217648 0.217745 0.206216 0.218199 0.215728 0.203705
internal_weight=6546.54 3840.55 1370.92 1281.43 1235.24 11.5554 1223.68 38.9189 14.8344 89.4848 3.87376 46.1904 1184.77 43.5591 7.47446 24.0844 4.34108 85.611 21.7694 7.60154 36.0846 32.6448 21.569 16.8404 1141.21 1139.37 43.1264 1096.24 465.506 111.557
internal_count=113607 59582 10304 8579 7686 168 7518 352 191 1725 55 893 7166 313 91 161 66 1670 415 55 222 200 132 103 6853 6840 273 6567 2791 669
is_linear=0
shrinkage=0.05


Tree=4
num_leaves=31
num_cat=0
split_feature=1 9 4 4 2 0 3 3 2 0 2 4 2 0 3 1 2 2 4 3 1 0 2 3 0 3 3 2 6 5
split_gain=1100.16 284.1 228.68 99.6918 71.8253 97.164 43.6128 13.5939 22.4651 12.2158 9.73404 5.5997 5.5665 4.1918 3.89461 6.59042 5.11049 4.08192 3.86527 12.4367 11.0318 7.07311 5.5535 4.54018 6.27844 4.15465 3.77952 5.07464 4.68254 3.58218
threshold=34.030000000000008 1.0000000180025095e-35 3.5000000000000004 21.500000000000004 7.2500000000000009 30.970000000000002 5.6299999999999981 1.9049999999999996 4.1500000000000012 38.280000000000008 4.4500000000000011 13.500000000000002 0.75000000000000011 39.155000000000008 1.500000000000002 39.280000000000008 1.2500000000000002 2.8500000000000001 4.5000000000000009 6.2499999999999991 41.030000000000008 41.845000000000006 0.35000000000000003 6.3700000000000001 46.530000000000008 2.5599999999999974 1.7150000000000001 9.9500000000000011 1.5000000000000002 3.5000000000000004
decision_type=2 2 2 2 2 2 2 2 2 2 2 2 2 2 2 2 2 2 2 2 2 2 2 2 2 2 2 2 2 2
left_child=1 -1 -2 7 6 -6 -3 8 9 -4 -5 -11 -8 -14 16 -16 -13 -18 19 20 -9 22 -21 24 -23 -22 -10 -28 -29 -24
right_child=2 4 3 10 5 -7 12 18 26 11 -12 14 13 -15 15 -17 17 -19 -20 21 25 23 29 -25 -26 -27 27 28 -30 -31
leaf_value=0.015529596162542299 -0.05265290329272581 -0.051279412948157604 -0.050958383616859795 -0.052658308761078111 -0.051995464209466873 0.0050447055203495066 -0.043476321404745305 -0.041888521957328145 0.017221340868257991 0.069621460815910599 0.049663895719945811 -0.024289178672503187 -0.0017231829864532624 0.03669921569141734 -0.042742538846018668 0.0091188169106600561 0.10689227736697096 0.0030180470057774313 0.014249934898110614 -0.0084829790137305443 0.11303174940843044 0.10211212975708495 0.11203941695100633 0.010137186147286899 -0.021844326054274756 0.0019599236911324318 -0.0026209031132209525 -0.018516780781506582 0.058585514819436357 0.02714635145617484
leaf_weight=230.24139012023807 139.08712728321552 1158.1944049336016 25.628954224288464 62.961395043879747 143.12832229211926 156.06854508072138 4.8328978270292273 20.913159258663654 96.999836415052414 2.3232698924839488 2.4134004153311244 3.2378602661192444 16.845900949090723 12.268191441893576 14.016060683876278 10.88182347267866 2.1414797529578213 1.6938703991472719 4125.8721918836236 2.1131390854716292 0.86593751236796634 3.0698657259345046 4.0635829344391823 106.88855960220098 1.5309920907020567 30.34343820437789 66.069224487990141 2.7692609354853612 6.8158623278141022 1.790016785264015
leaf_count=3785 2907 24099 524 1314 2978 2694 92 402 1605 31 43 56 297 194 274 183 31 28 68249 36 10 34 47 1793 29 532 1163 52 96 29
internal_value=-0.0019358 -0.0361642 0.0105105 0.0124223 -0.044145 -0.0222419 -0.0496421 0.013307 0.00153326 -0.0248441 -0.0488809 -0.00532823 0.00621816 0.0144674 -0.0107747 -0.0200761 0.0219667 0.0610165 0.0139441 0.00659087 -0.0137881 0.0154829 0.0609971 0.0122305 0.0608641 0.00504173 0.0106881 0.00231146 0.0363097 0.0860793
internal_weight=6456.07 1721.58 4734.49 4595.4 1491.34 299.197 1192.14 4530.03 232.578 59.9233 65.3748 34.2944 33.947 29.1141 31.9711 24.8979 7.07321 3.83535 4297.45 171.579 52.1225 119.456 7.96674 111.489 4.60086 31.2094 172.654 75.6543 9.58512 5.8536
internal_count=113607 34139 79468 76561 30354 5672 24682 75204 4043 1127 1357 603 583 491 572 457 115 59 71161 2912 944 1968 112 1856 63 542 2916 1311 148 76
is_linear=0
shrinkage=0.05


Tree=5
num_leaves=31
num_cat=0
split_feature=10 10 4 4 0 2 2 1 4 1 2 7 1 2 3 1 2 3 0 3 7 2 2 1 3 2 2 0 1 3
split_gain=4348.26 16772.7 1340.1 778.541 85.2898 59.818 24.2256 92.6543 23.1904 36.714 53.692 15.0804 7.53766 37.8542 6.79292 4.76289 24.0025 36.5171 6.62834 4.74253 3.56238 3.43443 2.89421 18.2556 2.85752 21.6651 2.1253 11.7389 3.69891 5.54937
threshold=1.0991991879725476 1.0992168415445007 3.5000000000000004 21.500000000000004 32.280000000000008 8.9500000000000011 6.3500000000000005 29.970000000000002 20.500000000000004 34.845000000000006 5.2500000000000009 1.5000000000000002 39.590000000000011 -0.24999999999999997 0.94000000000000317 32.780000000000008 7.2500000000000009 6.1800000000000024 35.030000000000008 1.5600000000000007 10.500000000000002 5.0500000000000007 6.6500000000000012 27.655000000000005 3.5000000000000022 4.8500000000000005 5.4500000000000011 38.155000000000008 35.970000000000006 5.8700000000000001
decision_type=2 2 2 2 2 2 2 2 2 2 2 2 2 2 2 2 2 2 2 2 2 2 2 2 2 2 2 2 2 2
left_child=-1 2 6 4 5 -4 24 -8 14 10 -10 -5 13 -11 -6 16 17 18 -16 -15 -14 -21 -13 -24 -2 -26 27 -17 29 -29
right_child=1 -3 3 11 8 -7 7 -9 9 12 -12 22 20 19 15 26 -18 -19 -20 21 -22 -23 23 -25 25 -27 -28 28 -30 -31
leaf_value=-0.052126420143265878 -0.052550629855759867 -0.051841401321323047 -0.052771735236712428 0.093945227093707062 -0.060759582798731317 0.17545063854996859 -0.052764546679220238 0.2327345656069445 -0.052820379798879415 -0.036001875827353307 0.17151388388855449 -0.052569375093498509 0.15769739392415352 0.22187952127160793 -0.054397570485174677 0.095358538403609347 0.18069663979483452 0.21024402674895787 0.074551696660337521 0.12405611841171992 0.20466648310571825 0.19190862279077367 -0.052650385619573838 0.16786959467649556 -0.043059002286159352 0.19896019421131228 0.18447282179429778 0.12639821718638314 0.18075652611316251 0.18617713786879586
leaf_weight=2556.4056019112468 52.147596728056669 2357.3169070072472 6.7587109394371492 2.0088001042604438 0.29141610860824485 4.9916173815727234 10.495564885437487 3.8969739079475394 5.1642925851047021 2.4658647254109356 5.5161651223897934 33.215778708457947 5.8255840837955501 4.2262428551912308 2.8833715096116057 4.0808598622679702 40.087995037436485 3.2941439300775528 1.5229343622922895 4.0060494691133499 13.148607596755026 3.4892951548099518 5.8138135597109786 1.1191825270652769 15.624722454696894 0.98286999017000276 365.27135844528675 7.8009223043918592 916.10341353714466 7.7285712361335754
leaf_count=54170 1130 49029 141 27 2 29 222 28 105 32 36 717 33 36 48 28 217 23 19 29 75 19 123 16 330 15 1941 45 4842 42
internal_value=-0.00147766 0.0318307 0.16075 0.171968 0.178322 0.0441786 -0.0344502 0.0245382 0.179454 0.143666 0.0630421 -0.039747 0.169633 0.142065 0.180617 0.180669 0.165166 0.0843149 -0.00982934 0.179525 0.190246 0.155643 -0.0464362 -0.0170522 -0.0467982 -0.0287358 0.181238 0.179976 0.180346 0.156148
internal_weight=6443.69 3887.28 1529.96 1446.81 1404.66 11.7503 83.1477 14.3925 1392.91 43.8421 10.6805 42.1576 33.1616 14.1875 1349.06 1348.77 47.7884 7.70045 4.40631 11.7216 18.9742 7.49534 40.1488 6.933 68.7552 16.6076 1300.99 935.714 931.633 15.5295
internal_count=113549 59379 10350 8625 7742 170 1725 250 7572 365 141 883 224 116 7207 7205 307 90 67 84 108 48 856 139 1475 345 6898 4957 4929 87
is_linear=0
shrinkage=0.05


Tree=6
num_leaves=31
num_cat=0
split_feature=1 4 9 4 2 0 3 4 1 2 2 3 1 3 4 3 1 3 0 0 6 1 2 1 0 1 3 3 3 2
split_gain=968.305 300.228 171.652 141.76 30.4273 76.7702 16.4679 15.9489 36.389 26.369 9.40804 4.16838 11.1352 4.09233 10.2465 10.7768 7.87859 4.45155 3.84408 5.78882 3.81229 3.77606 3.78954 3.72028 3.62546 3.5737 3.7574 4.33467 6.16154 4.6883
threshold=33.030000000000008 3.5000000000000004 1.0000000180025095e-35 21.500000000000004 7.1500000000000012 30.970000000000002 6.0599999999999978 20.500000000000004 39.590000000000011 2.3500000000000001 4.4500000000000011 3.2500000000000022 40.655000000000008 5.0650000000000004 4.5000000000000009 4.6799999999999988 41.030000000000008 4.7500000000000027 44.910000000000004 45.280000000000008 1.5000000000000002 36.910000000000004 -0.54999999999999993 34.280000000000008 37.780000000000008 44.410000000000004 4.1800000000000024 5.8700000000000001 6.7150000000000007 -1.2499999999999998
decision_type=2 2 2 2 2 2 2 2 2 2 2 2 2 2 2 2 2 2 2 2 2 2 2 2 2 2 2 2 2 2
left_child=2 -2 -1 7 6 -6 -4 13 9 21 -5 12 -10 14 16 -16 -3 -18 -13 -20 -8 -9 -23 -11 -7 26 -21 -28 29 -29
right_child=1 3 4 10 5 24 20 8 11 23 -12 18 -14 -15 15 -17 17 -19 19 25 -22 22 -24 -25 -26 -27 27 28 -30 -31
leaf_value=0.012857311334595493 -0.052138243738062778 -0.038766458303025136 -0.051334208327212361 -0.052397541572944628 -0.052069999922327241 0.0070473682375623847 0.036590998596903963 -0.052479728864651458 0.05052137545273732 -0.020867225657479439 0.030630921786026496 0.085221438808892797 -0.016991914561460056 0.010745192954004796 0.012969979539311352 0.02257868680633995 0.015427943774911768 -0.052522994617990572 -0.058688069287176015 -0.030765047745632341 -0.01682598548942502 -0.053249037938607663 -0.0073731783343279032 0.012341761482015694 0.057014621839615844 0.085397640873927927 0.060920435388898936 0.044494972951670431 0.070399996997366238 -0.052554193060729476
leaf_weight=136.49120277166367 197.21880480274558 15.91541615873575 917.05300465598702 92.527416650205851 139.21355406194925 76.02282851934433 4.2307401411235359 38.238701924681664 11.401074308902027 10.559846334159372 3.5424335375428191 4.401391580700877 13.153910897672175 1848.6696288660169 2363.4221104495227 332.91498294100165 19.830804705619816 2.7437109500169745 1.5596037358045602 2.1059256419539514 15.867650125175713 7.3586826026439693 11.593678671866654 41.880751296877861 3.8122522421181193 3.7788860201835623 10.605727314949037 1.9131008461117742 3.0128532871603966 3.5604061409831029
leaf_count=2239 4527 311 20958 2121 3178 1322 68 855 161 217 66 54 251 30717 38987 5283 333 60 22 42 305 150 219 723 52 49 140 26 36 77
internal_value=-0.00156433 0.0083341 -0.0401714 0.0107958 -0.0464315 -0.0296543 -0.050353 0.0120124 -0.0032543 -0.0199537 -0.049336 0.029737 0.014355 0.0125623 0.0137907 0.0141564 -0.011825 0.00716917 0.0419454 0.0347675 -0.00558163 -0.0434348 -0.0251855 0.00565454 0.00943338 0.0406031 0.0326177 0.0396091 0.0129754 -0.0186336
internal_weight=6334.6 5041.91 1292.69 4844.69 1156.2 219.049 937.151 4748.62 165.125 109.632 96.0699 55.4929 24.555 4583.5 2734.83 2696.34 38.4899 22.5745 30.9379 26.5365 20.0984 57.1911 18.9524 52.4406 79.8351 24.9769 21.198 19.0921 8.48636 5.47351
internal_count=113549 85427 28122 80900 25883 4552 21331 78713 3022 2164 2187 858 412 75691 44974 44270 704 393 446 392 373 1224 369 940 1374 370 321 279 139 103
is_linear=0
shrinkage=0.05


Tree=7
num_leaves=31
num_cat=0
split_feature=10 10 4 4 0 2 2 1 4 1 2 6 2 1 3 0 2 4 3 0 2 2 3 2 0 0 2 2 3 3
split_gain=3961.53 14155.1 976.748 563.529 57.9669 48.1179 23.4694 73.5381 17.4639 23.1888 43.0372 7.86288 19.815 32.316 5.28959 4.53555 25.0976 3.42636 14.5404 8.29068 33.4003 3.31817 3.03167 18.4222 2.79629 1.78553 2.99577 4.08742 1.57451 11.0945
threshold=1.0991991879725476 1.0992168415445007 3.5000000000000004 21.500000000000004 32.280000000000008 8.9500000000000011 6.3500000000000005 29.970000000000002 20.500000000000004 34.845000000000006 5.2500000000000009 1.5000000000000002 4.4500000000000011 28.345000000000002 0.94000000000000317 40.280000000000008 1.7500000000000002 4.5000000000000009 2.3200000000000025 40.530000000000008 2.0500000000000003 -1.0000000180025095e-35 3.5000000000000022 4.8500000000000005 37.910000000000004 42.530000000000008 0.95000000000000007 2.8500000000000001 1.3149999999999997 1.3750000000000002
decision_type=2 2 2 2 2 2 2 2 2 2 2 2 2 2 2 2 2 2 2 2 2 2 2 2 2 2 2 2 2 2
left_child=-1 2 6 4 5 -4 22 -8 14 10 -10 12 -5 -14 -6 16 21 18 -16 20 -20 -11 -2 -24 -18 -21 -27 -28 -19 -30
right_child=1 -3 3 11 8 -7 7 -9 9 15 -12 -13 13 -15 17 -17 24 28 19 25 -22 -23 23 -25 -26 26 27 -29 29 -31
leaf_value=-0.051937525463777279 -0.052298551282980381 -0.051686848162007137 -0.052525637867494895 -0.052287216283904731 -0.060257504018785428 0.15103601970940017 -0.052512240097071665 0.19386397700240537 -0.052549939485614594 -0.05416625256892732 0.14920604046412211 -0.05238890321301657 -0.052482711207576353 0.23964101783182015 -0.054434936534161177 0.15537787340133682 0.19895303914005219 0.17158260443727297 -0.026741539709000672 0.17833540134926995 0.16431032261604456 0.051370011140563804 -0.04196111433519082 0.16979313415557598 0.13771598297091572 0.1620222157812746 0.10913359657768339 0.15983935144348022 0.082362309104690293 0.15672731509616064
leaf_weight=2409.0958945453167 47.447440892457962 2259.9091169498861 6.1739439107477647 6.9411418698728067 0.28246605396270652 5.4796359688043594 9.5571503788232786 4.4337625764310351 4.7127817124128324 1.6252690963447096 6.0190485566854477 28.138194683939219 1.942738298326731 1.8466031476855276 0.90299221128225227 26.065426886081696 3.3814902231097221 17.423863112926483 3.2357748188078386 7.6636148691177359 7.8072174973785877 1.3748066611587981 14.342674259096382 1.1063360199332226 4.1546531468629837 27.999110832810402 7.8374110609292975 8.0635253340005857 5.0336553305387488 1387.3444647043943
leaf_count=54170 1130 49029 141 166 2 29 222 28 105 27 36 655 44 18 15 134 22 87 39 38 52 17 330 15 24 137 39 40 38 6720
internal_value=-0.00150642 0.02958 0.140999 0.149512 0.154281 0.0431912 -0.0330059 0.0255651 0.155132 0.125237 0.0606068 -0.0385014 -0.00208484 0.0898736 0.156092 0.144187 0.116504 0.156134 0.144773 0.147646 0.108329 -0.00580349 -0.0460347 -0.0267969 0.165193 0.156067 0.152179 0.134847 0.156645 0.156458
internal_weight=6317.34 3908.25 1648.34 1571.45 1532.58 11.6536 76.8874 13.9909 1520.93 47.3335 10.7318 38.8687 10.7305 3.78934 1473.59 36.6016 10.5362 1473.31 63.5096 62.6067 11.043 3.00008 62.8965 15.449 7.53614 51.5637 43.9 15.9009 1409.8 1392.38
internal_count=113549 59379 10350 8625 7742 170 1725 250 7572 365 141 883 228 62 7207 224 90 7205 360 345 91 44 1475 345 46 254 216 79 6845 6758
is_linear=0
shrinkage=0.05


Tree=8
num_leaves=31
num_cat=0
split_feature=10 10 4 4 0 2 2 1 4 1 2 7 3 0 2 1 2 2 0 3 2 2 2 1 0 7 7 7 1 7
split_gain=3686.13 12239.9 788.108 453.421 44.8338 40.7626 22.1145 61.0186 13.9305 17.8519 35.9402 12.7668 4.30093 3.56498 19.7373 3.16794 14.2482 5.94145 27.8536 3.05598 15.3789 3.02794 3.02 22.5462 1.9728 1.97156 5.93576 1.9451 1.66897 1.57571
threshold=1.0991991879725476 1.0992168415445007 3.5000000000000004 21.500000000000004 32.280000000000008 8.9500000000000011 6.3500000000000005 29.970000000000002 20.500000000000004 34.845000000000006 5.2500000000000009 1.5000000000000002 0.94000000000000317 40.280000000000008 1.7500000000000002 32.780000000000008 0.95000000000000007 7.2500000000000009 34.780000000000008 3.5000000000000022 4.8500000000000005 -1.0000000180025095e-35 6.6500000000000012 28.345000000000002 37.910000000000004 22.500000000000004 24.500000000000004 10.500000000000002 32.410000000000004 7.5000000000000009
decision_type=2 2 2 2 2 2 2 2 2 2 2 2 2 2 2 2 2 2 2 2 2 2 2 2 2 2 2 2 2 2
left_child=-1 2 6 4 5 -4 19 -8 12 10 -10 -5 -6 14 21 16 -14 18 -18 -2 25 -11 -13 -24 -16 -21 -27 -15 -19 -17
right_child=1 -3 3 11 8 -7 7 -9 9 13 -12 22 15 27 24 29 17 28 -20 20 -22 -23 23 -25 -26 26 -28 -29 -30 -31
leaf_value=-0.051788167558123779 -0.052181440627281361 -0.051517091161247669 -0.052397459430658148 0.078553556092713944 -0.059657694245537962 0.13386502434330241 -0.05238633899582229 0.16657456665094594 -0.052420076830780274 -0.053953322946582054 0.13166746037823049 -0.052216499503301511 -0.023027738978022544 0.11835563599561845 0.17165476937753205 0.14287841893948333 -0.03773530981572297 0.13225614313906753 0.16837941175397819 -0.052295098471465573 0.14089051002361283 0.046935917606358707 -0.052325808162320131 0.21795546247311692 0.12226367387528547 0.090769348001000533 -0.052237704691921155 0.14688785744099808 0.15299185239656463 0.13899606192715613
leaf_weight=2298.0453569889069 45.232136595994234 2156.5973300673068 5.8868408687412721 2.2091832272708407 0.2713228166103353 5.862474799156189 9.1123396866023523 4.8888096660375586 4.4937619157135469 1.5519509539008143 6.4669947177171707 28.904623989015818 1.5251783542335022 8.680712044239046 3.713582977652548 336.26006437838078 2.6725917421281329 33.087890654802322 4.2386142536997795 10.386904146522282 1.2620109021663655 1.428002394735812 5.4654832668602458 0.89841125160455693 4.4377297461032867 1.0451012291014188 2.373544916510582 19.151506155729294 13.731049567461012 1173.1793202385306
leaf_count=54170 1130 49029 141 27 2 29 222 28 105 27 36 717 26 42 22 1535 38 153 26 249 15 17 131 8 24 23 58 92 64 5363
internal_value=-0.00156802 0.0280617 0.126783 0.133897 0.137858 0.0405406 -0.0325406 0.0240687 0.138567 0.112566 0.0561941 -0.0380475 0.139396 0.128424 0.104509 0.13943 0.127672 0.131949 0.088674 -0.0456848 -0.0261824 -0.0056069 -0.0453512 -0.0141693 0.144765 -0.041455 -0.00851957 0.137989 0.138338 0.139861
internal_weight=6193.06 3895.02 1738.42 1664.12 1626.64 11.7493 74.3008 14.0011 1614.89 49.9242 10.9608 37.4777 1564.97 38.9635 11.1313 1564.69 55.2553 53.7301 6.91121 60.2997 15.0676 2.97995 35.2685 6.36389 8.15131 13.8056 3.41865 27.8322 46.8189 1509.44
internal_count=113549 59379 10350 8625 7742 170 1725 250 7572 365 141 883 7207 224 90 7205 307 281 64 1475 345 44 856 139 46 330 81 134 217 6898
is_linear=0
shrinkage=0.05


Tree=9
num_leaves=31
num_cat=0
split_feature=10 10 4 4 0 2 2 1 7 4 1 2 3 1 2 3 2 2 1 4 3 0 2 2 0 2 3 7 7 0
split_gain=3438.99 10736.3 652.417 374.705 35.8357 35.1229 20.8691 51.9175 11.65 11.5891 14.1894 30.5723 3.58865 3.11584 14.6697 3.07354 13.1646 2.97238 18.5082 2.78852 10.6264 6.31314 24.6398 2.37942 4.31677 3.47289 2.73113 1.95187 5.22061 1.35167
threshold=1.0991991879725476 1.0992168415445007 3.5000000000000004 21.500000000000004 32.280000000000008 8.9500000000000011 6.3500000000000005 29.970000000000002 1.5000000000000002 20.500000000000004 34.845000000000006 5.2500000000000009 0.94000000000000317 41.090000000000011 -1.4499999999999997 3.5000000000000022 4.8500000000000005 6.6500000000000012 28.345000000000002 4.5000000000000009 2.3200000000000025 40.530000000000008 2.0500000000000003 2.5500000000000003 40.030000000000008 0.8500000000000002 1.5600000000000007 22.500000000000004 24.500000000000004 40.280000000000008
decision_type=2 2 2 2 2 2 2 2 2 2 2 2 2 2 2 2 2 2 2 2 2 2 2 2 2 2 2 2 2 2
left_child=-1 2 6 4 5 -4 15 -8 -5 12 11 -11 -6 14 -12 -2 27 -10 -19 20 -14 22 -22 24 -16 -26 -25 -17 -29 -28
right_child=1 -3 3 8 9 -7 7 -9 17 10 13 -13 19 -15 23 16 -18 18 -20 -21 21 -23 -24 26 25 -27 29 28 -30 -31
leaf_value=-0.051644166285774118 -0.052070541015012954 -0.051352136031281782 -0.052276035316045834 0.070232242982047013 -0.059098413039121701 0.12052654107549428 -0.052266961529794265 0.14676489708917093 -0.052103870489916188 -0.05229710012472804 -0.0043742790508809418 0.11801914129619623 -0.054741800738610784 0.13740011383530462 0.042972041428407243 -0.052178233153930137 0.12012184676577892 -0.052207485178732041 0.1795663361522887 0.12694567682244276 -0.028792080925268568 0.12593483686637683 0.12996365295178691 0.16968061336391468 0.14355658167104299 0.084104039225086621 0.097313769857331284 0.079350327921840158 -0.052123836861955708 0.13470065385377211
leaf_weight=2191.9100822135806 43.115462593734264 2057.8427632823586 5.6124144904315454 2.3436516672372809 0.26047064363956351 6.1768444329500198 8.6872235126793367 5.2605815529823294 27.552861575037241 4.2843964435160142 2.6735850013792506 6.8435231000185013 0.89148536697029968 12.114002287387846 2.4297527335584226 9.9018991328775865 1.4021368175744999 5.2104139886796466 1.0319349132478235 1565.606268119067 3.3670885376632205 57.494989588856697 8.9161164425313455 3.6976984813809386 5.5623352974653226 4.3989391922950745 4.0948323383927328 1.1332324706017964 2.2625934444367886 5.9019333720207214
leaf_count=54170 1130 49029 141 27 2 29 222 28 717 105 29 36 15 54 28 249 15 131 8 6845 39 254 52 20 27 20 20 23 58 26
internal_value=-0.00161251 0.0267535 0.115641 0.121747 0.125133 0.0382619 -0.0320956 0.0228003 -0.0375699 0.125739 0.102501 0.0524451 0.126478 0.116129 0.10717 -0.0453391 -0.0255954 -0.0450458 -0.0138925 0.126507 0.116792 0.118983 0.0864453 0.118602 0.102727 0.117302 0.132967 -0.0409601 -0.00824915 0.119386
internal_weight=6057.98 3866.07 1808.23 1736.47 1700.33 11.7893 71.7631 13.9478 36.1389 1688.54 52.001 11.1279 1636.54 40.8731 28.7591 57.8153 14.6999 33.7952 6.24235 1636.28 70.6697 69.7782 12.2832 26.0855 12.391 9.96127 13.6945 13.2977 3.39583 9.99677
internal_count=113549 59379 10350 8625 7742 170 1725 250 883 7572 365 141 7207 224 170 1475 345 856 139 7205 360 345 91 141 75 47 66 330 81 46
is_linear=0
shrinkage=0.05


Tree=10
num_leaves=31
num_cat=0
split_feature=10 10 4 4 0 2 2 1 4 0 2 7 1 2 2 7 7 1 2 5 2 7 5 5 0 2 0 0 2 4
split_gain=3175.62 9489.14 563.353 314.323 27.7798 29.4591 20.5801 45.7574 15.7274 13.1255 31.2624 11.2861 5.22522 14.1208 4.8769 3.3189 3.67575 2.91861 13.876 5.70892 6.78465 2.64907 6.25273 1.74581 1.61611 1.24678 32.5171 2.27616 2.07309 4.64698
threshold=1.0991991879725476 1.0992168415445007 3.5000000000000004 21.500000000000004 31.720000000000002 9.0500000000000025 6.3500000000000005 29.970000000000002 20.500000000000004 39.910000000000004 1.2500000000000002 1.5000000000000002 33.030000000000008 6.6500000000000012 -2.3499999999999992 10.500000000000002 19.500000000000004 32.780000000000008 2.0500000000000003 1.0000000180025095e-35 7.3500000000000005 5.5000000000000009 5.5000000000000009 1.5000000000000002 37.030000000000008 1.8500000000000003 39.655000000000008 45.280000000000008 0.95000000000000007 7.5000000000000009
decision_type=2 2 2 2 2 2 2 2 2 2 2 2 2 2 2 2 2 2 2 2 2 2 2 2 2 2 2 2 2 2
left_child=-1 2 6 4 5 -4 -2 -8 17 10 -10 -5 13 -12 -11 -14 -17 18 24 20 -20 22 -13 -16 -6 26 -19 -27 -28 -30
right_child=1 -3 3 11 8 -7 7 -9 9 14 12 21 15 -15 23 16 -18 25 19 -21 -22 -23 -24 -25 -26 27 28 -29 29 -31
leaf_value=-0.05136130259626806 -0.046770397873584751 -0.051217690676433038 -0.052176626487885229 0.065722853616788937 -0.052855256881207117 0.11665500685607021 -0.052140326346770793 0.13346495509153952 -0.053855695522460161 0.061532448482650048 -0.053782309163486988 -0.051968402330060594 0.13844586686067117 0.11048311680100689 0.093531313378999059 0.044308819665225326 0.11349031366056653 -0.060906848332842337 0.0095269349787443138 0.11704817466279493 0.10101860051254084 -0.052016817118566996 0.073255591684147275 0.1236647476643418 0.029971084198758081 0.11691569294416404 0.11707034882112013 0.12461397868603237 0.091141047185046009 0.11456830360321611
leaf_weight=2088.3914631828666 55.624241184443235 1965.5844107419252 5.1144050881266576 2.4267558529973021 1.2311081774532788 5.2217320054769516 8.3957717046141607 5.4932976588606826 4.7393167875707176 4.5424062833189955 2.0849381759762791 3.0206732526421574 5.1198382675647727 3.5121908932924271 6.0990395545959499 3.107321083545683 5.0249374508857727 2.6166105121374121 2.7804073579609376 51.709139291197062 7.4710472822189331 27.266019325703382 1.4878816790878771 22.68256564438343 1.1290763095021246 812.50937037169933 552.61524018645287 108.88590325415134 25.887589827179909 116.09224697947502
leaf_count=54104 1483 49089 134 26 27 24 226 27 98 23 43 83 30 18 27 23 26 24 29 234 32 740 20 100 13 3433 2332 459 110 490
internal_value=-0.00178606 0.0253204 0.10647 0.11191 0.114843 0.0331157 -0.0331759 0.0212688 0.115329 0.0894783 0.0609385 -0.0382085 0.0898015 0.049294 0.10968 0.10691 0.0870562 0.116203 0.105758 0.11029 0.0762042 -0.0461462 -0.0106429 0.117279 -0.0132324 0.116618 0.115023 0.117825 0.115686 0.110297
internal_weight=5907.87 3819.48 1853.89 1784.38 1750.18 10.3361 69.5133 13.8891 1739.84 56.9126 23.5885 34.2013 18.8492 5.59713 33.324 13.2521 8.13226 1682.93 64.3208 61.9606 10.2515 31.7746 4.50855 28.7816 2.36018 1618.61 697.212 921.395 694.595 141.98
internal_count=113527 59423 10334 8598 7729 158 1736 253 7571 388 238 869 140 61 150 79 49 7183 335 295 61 843 103 127 40 6848 2956 3892 2932 600
is_linear=0
shrinkage=0.05


Tree=11
num_leaves=31
num_cat=0
split_feature=4 4 0 2 4 0 2 1 3 2 4 3 1 2 3 0 2 1 1 1 2 2 0 0 2 0 1 5 7 7
split_gain=688.061 423.006 53.3677 28.1679 22.0915 35.5749 19.7013 8.87443 5.88565 4.32076 3.73214 13.1284 11.0153 4.95306 3.65525 3.67379 3.56488 12.2831 3.37978 4.01616 3.36499 2.89344 2.85776 4.84194 2.56847 2.4526 2.3061 2.34516 2.44048 2.2676
threshold=3.5000000000000004 21.500000000000004 32.655000000000008 8.9500000000000011 20.500000000000004 41.590000000000011 4.5500000000000007 35.845000000000006 1.3750000000000002 -0.54999999999999993 4.5000000000000009 6.1299999999999981 41.345000000000006 3.4500000000000006 2.6850000000000009 42.655000000000008 8.2500000000000018 29.970000000000002 42.220000000000006 44.345000000000006 3.8500000000000001 1.5500000000000003 43.910000000000004 46.030000000000008 -2.2499999999999996 44.910000000000004 36.910000000000004 5.5000000000000009 14.500000000000002 1.5000000000000002
decision_type=2 2 2 2 2 2 2 2 2 2 2 2 2 2 2 2 2 2 2 2 2 2 2 2 2 2 2 2 2 2
left_child=16 2 3 -2 10 6 7 -6 -9 -10 11 12 13 -4 15 -7 -1 -18 21 -20 -15 -16 -23 25 -17 -24 -11 28 -28 -3
right_child=1 29 4 -5 5 14 -8 8 9 26 -12 -13 -14 20 18 24 17 -19 19 -21 -22 22 23 -25 -26 -27 27 -29 -30 -31
leaf_value=-0.050607212251255786 -0.051157975627833009 -0.029833655928666061 -0.051049681144105352 0.01061540626753248 -0.051929187726518014 0.025385733503787502 0.0051527845372752457 0.079912055961721157 -0.049450989788483612 -0.041234601527307152 0.0099118748740982376 0.011400338405021686 0.0071879515097952804 0.05424334840906464 0.056222191850925585 0.0164818400814555 -0.051908428927467713 0.023879750381701828 -0.005472030941782266 0.046109906855063609 -0.021343950326693159 0.047324926621336236 0.006689266694169727 0.05872071298448911 -0.044876899277740634 -0.062636280483691506 0.015360486098576249 0.045627651585304678 -0.02689609676987802 -0.051268595736597339
leaf_weight=632.27414654195309 57.146641049534082 12.839721340686081 19.687523618340492 27.255540959537029 48.044652055948973 7.8821908831596357 38.6222267113626 1.463686779141425 10.140311129391195 4.5169409438967731 4293.3982918523252 146.2736074924469 29.107463665306568 1.6408207863569249 14.143669068813326 2.6185342967510223 20.718251224607233 7.205513320863246 11.212103240191938 5.6879680454730979 14.344760965555905 7.2492839545011503 2.8358809314668179 2.6445638909935951 4.8915921896696091 2.3190953470766544 6.0230590254068392 2.3259186670184127 7.8965148441493511 316.04780298098922
leaf_count=18266 1634 317 488 489 1365 129 723 26 239 119 75206 2578 544 24 188 47 599 124 202 75 331 98 51 32 119 37 118 39 159 9161
internal_value=-0.00180601 0.0044135 0.00819553 -0.0312098 0.00890544 -0.00824555 -0.0241982 -0.0382957 -0.0180582 -0.0226985 0.00959278 0.00310148 -0.0156372 -0.0342614 0.0226383 0.00154194 -0.0498351 -0.0323519 0.0296833 0.0118886 -0.0135854 0.039985 0.0247244 0.00371831 -0.0234831 -0.0244986 -0.00963261 -0.000845903 -0.00861149 -0.0504318
internal_weight=5758.46 5098.26 4769.37 84.4022 4684.97 180.518 119.033 80.4111 32.3664 30.9027 4504.45 211.054 64.7806 35.6731 61.4849 15.3923 660.198 27.9238 46.0926 16.9001 15.9856 29.1925 15.0488 7.79954 7.51013 5.15498 20.7624 16.2455 13.9196 328.888
internal_count=113527 94538 85060 2123 82937 3766 2788 2065 700 674 79171 3965 1387 843 978 295 18989 723 683 277 355 406 218 120 166 88 435 316 277 9478
is_linear=0
shrinkage=0.05


Tree=12
num_leaves=31
num_cat=0
split_feature=4 4 0 2 4 0 2 1 2 3 4 3 1 2 2 1 3 0 2 2 1 5 3 7 1 0 0 3 2 2
split_gain=650.233 396.521 48.9904 21.8624 20.7962 32.5231 20.2969 9.01509 5.62466 3.9643 3.63834 12.5224 10.7527 4.68499 3.61281 11.7378 3.20709 3.31964 3.24332 3.1286 2.92474 2.4471 2.76941 2.32886 6.1389 2.2641 3.34192 4.53459 3.1246 2.25984
threshold=3.5000000000000004 21.500000000000004 32.280000000000008 8.9500000000000011 20.500000000000004 41.590000000000011 4.5500000000000007 35.845000000000006 -0.54999999999999993 1.3750000000000002 4.5000000000000009 6.1299999999999981 41.345000000000006 3.4500000000000006 8.2500000000000018 29.970000000000002 2.6850000000000009 42.655000000000008 -2.4499999999999997 3.8500000000000001 43.720000000000006 4.5000000000000009 1.9049999999999996 1.5000000000000002 33.410000000000004 44.910000000000004 45.280000000000008 3.6299999999999977 1.6500000000000001 7.6500000000000012
decision_type=2 2 2 2 2 2 2 2 2 2 2 2 2 2 2 2 2 2 2 2 2 2 2 2 2 2 2 2 2 2
left_child=14 2 3 -2 10 6 7 -6 -9 -10 11 12 13 -4 -1 -16 17 -7 20 -15 -18 -19 -23 24 -3 28 -27 -28 -20 -8
right_child=1 23 4 -5 5 16 29 8 9 -11 -12 -13 -14 19 15 -17 18 21 25 -21 -22 22 -24 -25 -26 26 27 -29 -30 -31
leaf_value=-0.050448829956557806 -0.051782621016957013 -0.052174456722506625 -0.050809413937850302 0.010234115219552814 -0.051828997612457642 0.023714455975080782 -0.0023129021371428985 -0.049077901336657119 0.074494952169710235 -0.0092526895289248134 0.0093383273564270567 0.010687433112085191 0.0067950129104151925 0.049999182970674877 -0.051812616204753185 0.022351374328670303 -0.060590345626729575 -0.044094682359507816 0.084691640898407333 -0.021850414456286976 0.019099803513122602 0.080161655590408221 -0.02547920805168559 -0.051143866759278671 0.024121283772172698 -0.029337932204848056 -0.035272684478371806 0.036655522827534981 0.03345558268955106 0.023500789329266997
leaf_weight=603.27859456092119 49.451646015048027 8.7261895909905416 19.281412482261658 19.941316977143288 47.621798034757376 8.0123280361294729 29.862077336758375 9.7598971910774726 1.517260350286963 20.576183162629604 4327.0454533956945 147.49590132385492 29.24744899943471 1.6897711530327821 19.743333164602522 7.3105116263031951 1.8356691189110268 4.7613073922693721 4.1888432763516894 14.656922679394482 3.088684257119894 1.0254522636532786 1.570566728711128 301.34871350973845 3.7779887951910487 2.6668396443128612 2.4303207322955158 22.269340686500072 10.274191439151762 11.840105686336754
leaf_count=18266 1496 241 502 358 1421 129 585 240 25 435 75329 2582 544 24 599 124 30 116 51 346 49 13 37 9161 76 37 58 309 149 195
internal_value=-0.00173539 0.00417934 0.00774519 -0.033961 0.008358 -0.00815339 -0.0232334 -0.0380565 -0.0174661 -0.00350135 0.00902473 0.00263519 -0.0156717 -0.0341149 -0.0496472 -0.031772 0.0212614 0.00144732 0.027775 -0.0144233 -0.0106066 -0.0228022 0.0162499 -0.0502665 -0.0291226 0.0322934 0.0238368 0.0295782 0.0482948 0.00501613
internal_weight=5736.3 5105.96 4792.11 69.393 4722.72 183.301 121.177 79.4751 31.8533 22.0934 4539.42 212.371 64.8756 35.6281 630.332 27.0538 62.1235 15.3697 46.7539 16.3467 4.92435 7.35733 2.59602 313.853 12.5042 41.8295 27.3665 24.6997 14.463 41.7022
internal_count=113527 94538 85060 1854 83206 3879 2901 2121 700 460 79327 3998 1416 872 18989 723 978 295 683 370 79 166 50 9478 317 604 404 367 200 780
is_linear=0
shrinkage=0.05


Tree=13
num_leaves=31
num_cat=0
split_feature=10 10 1 2 0 1 2 3 2 2 0 1 3 2 7 6 7 7 1 0 7 7 3 2 0 0 2 2 0 2
split_gain=2881.59 8458.55 323.563 94.1627 39.8315 36.572 211.302 34.7243 27.5231 7.77061 35.1671 8.04555 4.66768 5.74124 4.48727 14.8648 3.97652 4.3625 6.68406 3.89126 8.02993 3.81788 3.81522 3.75527 42.4688 2.43156 5.73432 2.3169 44.0884 2.53275
threshold=1.0991991879725476 1.0992168415445007 31.530000000000005 8.9500000000000011 34.655000000000008 34.970000000000006 1.7500000000000002 5.6299999999999981 3.8500000000000001 6.3500000000000005 34.780000000000008 34.720000000000006 1.6850000000000007 1.2500000000000002 5.5000000000000009 1.5000000000000002 7.5000000000000009 11.500000000000002 34.345000000000006 30.345000000000002 5.5000000000000009 10.500000000000002 1.4400000000000033 -3.0499999999999994 44.590000000000011 37.030000000000008 4.4500000000000011 1.8500000000000003 40.280000000000008 0.95000000000000007
decision_type=2 2 2 2 2 2 2 2 2 2 2 2 2 2 2 2 2 2 2 2 2 2 2 2 2 2 2 2 2 2
left_child=-1 2 3 4 14 6 7 -4 -6 10 -8 25 13 -7 15 -2 -11 18 22 20 -5 -15 -18 24 -14 26 -12 28 -25 -30
right_child=1 -3 5 19 8 12 9 -9 -10 16 11 -13 23 21 -16 -17 17 -19 -20 -21 -22 -23 -24 27 -26 -27 -28 -29 29 -31
leaf_value=-0.051165509213758856 0.081233669898262584 -0.051089433218510706 -0.051934560905232845 0.12328445316093491 -0.040561391948374693 0.026592375858380281 -0.053071300589442608 0.10290506514913339 0.13512266974898757 0.11483225945931792 0.024851368239911791 0.058787311586304195 -0.056004889176612262 0.12038297804338523 -0.050852148732111427 -0.047882046263380246 0.056694599180621176 0.10561501169533889 0.043029905401800482 0.10687225240827694 -0.028893594919872152 0.068004903710903411 0.10920314035757123 -0.048036284658016896 0.10676510508225701 0.13538005047089072 0.15144123868377923 0.10867558299175702 0.10735820523720439 0.099999372802342612
leaf_weight=1941.4419618584216 2.9507742524147025 1886.0074384994805 28.836493695154786 1.7685575485229521 3.6077856421470624 3.8558208830654648 4.324864104390147 4.1407698541879645 5.8347007222473621 79.904594272375107 1.7922568432986765 6.9796337038278571 4.3717830274254075 7.3296179920434934 42.54587428458035 9.1152118351310474 4.3988300114870134 95.7395309060812 7.5637890845537177 16.767900630831718 1.7002196013927457 6.6225101947784424 16.198282137513161 4.6926913410425177 48.077895410358906 11.205103456974028 1.7861152812838552 781.88913963735104 533.76757474429905 149.72551199048758
leaf_count=54104 28 49089 863 8 88 39 99 24 28 333 37 29 103 32 1292 261 20 395 32 70 33 34 67 107 199 50 10 3212 2203 638
internal_value=-0.0016672 0.0237994 0.0986292 0.00287925 -0.0268247 0.103105 0.0858681 -0.0324922 0.0679973 0.102846 0.0771531 0.103032 0.106047 0.0805966 -0.0432196 -0.0163064 0.106135 0.100527 0.0832275 0.0969 0.0486944 0.0955212 0.0979891 0.106344 0.0931979 0.123921 0.0880377 0.106813 0.104698 0.105746
internal_weight=5714.94 3773.5 1887.49 84.291 64.0543 1803.2 262.87 32.9773 9.44249 229.893 26.088 21.7631 1540.33 17.8079 54.6119 12.066 203.805 123.9 28.1609 20.2367 3.46878 13.9521 20.5971 1522.52 52.4497 14.7835 3.57837 1470.07 688.186 683.493
internal_count=113527 59423 10334 1808 1697 8526 1959 887 116 1072 225 126 6567 105 1581 289 847 514 119 111 41 66 87 6462 302 97 47 6160 2948 2841
is_linear=0
shrinkage=0.05


Tree=14
num_leaves=31
num_cat=0
split_feature=10 10 4 4 2 1 0 2 4 7 2 1 0 2 2 1 2 3 2 7 7 1 2 0 1 3 3 0 5 0
split_gain=2703.5 7628.24 369.635 206.838 19.4914 35.6661 16.8789 21.5711 11.6012 10.2978 10.5146 14.9136 7.43929 23.4158 3.66949 3.16983 5.26602 2.8379 11.0187 2.47807 2.54565 2.31971 10.7896 13.7757 3.2099 5.54504 8.25548 4.06908 1.94893 3.47929
threshold=1.0991991879725476 1.0992168415445007 3.5000000000000004 21.500000000000004 6.3500000000000005 29.970000000000002 31.720000000000002 9.0500000000000025 20.500000000000004 5.5000000000000009 4.4500000000000011 31.155000000000005 39.910000000000004 1.2500000000000002 -2.3499999999999992 33.030000000000008 7.1500000000000012 4.7499999999999991 0.75000000000000011 10.500000000000002 21.500000000000004 34.970000000000006 1.4500000000000002 39.155000000000008 34.410000000000004 2.4700000000000011 1.9700000000000009 40.030000000000008 1.5000000000000002 34.155000000000008
decision_type=2 2 2 2 2 2 2 2 2 2 2 2 2 2 2 2 2 2 2 2 2 2 2 2 2 2 2 2 2 2
left_child=-1 2 4 6 17 -6 7 -4 21 10 -5 -12 13 -10 -14 16 -15 -2 -19 -17 -21 22 23 -8 28 26 -26 -27 29 -24
right_child=1 -3 3 9 5 -7 8 -9 12 -11 11 -13 14 15 -16 19 -18 18 -20 20 -22 -23 24 -25 25 27 -28 -29 -30 -31
leaf_value=-0.05102889664135897 -0.04934315259918369 -0.050936470757647623 -0.051786504910981079 -0.052427705917661077 -0.0517888895367591 0.11616071911366416 -0.053841811875694381 0.097828873335651087 -0.05344702646384826 -0.05165305292335446 -0.052162398757891915 0.15499554643664409 0.050910077170384538 -0.012319323923828078 0.098090446285432384 0.11700080878350223 0.086925385915074774 -0.051670123025201013 0.13464381982718684 0.041657859812768462 0.096937911987109993 0.10039023252929767 0.064617039075480803 0.094824526254364536 0.092576503455828296 0.10880990000685531 0.030308085764599226 0.061685889644939942 0.1036992931544649 0.097669843275499157
leaf_weight=1851.5765209719539 42.185120888054371 1799.277796022594 4.2416128404438478 2.8497754912823465 6.9691643435507995 5.7851396054029465 2.7354697231203309 5.576351523399353 4.0871723853051689 22.619319800287485 1.4092777073383334 2.2653558254241943 4.7692235037684432 2.2739373911172178 30.330505669116974 5.4808806665241709 3.2426482737064362 3.3038483578711739 1.0444183796644209 3.5644996836781484 5.0092881880700588 1509.8660545051098 9.28252115100622 3.62071593105793 12.83786951005459 24.170261561870579 9.0930898338556272 5.6521430015563956 120.31182526424527 55.960976384580135
leaf_count=54104 1357 49089 134 75 226 27 50 24 98 740 40 14 23 47 127 30 14 106 20 25 24 6118 56 16 52 98 38 23 503 229
internal_value=-0.0016835 0.0229449 0.0925237 0.0964595 -0.0303697 0.0243903 0.0985732 0.0331912 0.0989274 -0.0356905 0.0196495 0.0755473 0.0770734 0.0554033 0.0916797 0.0781351 0.0460167 -0.0453789 -0.00691903 0.0907419 0.0739556 0.0996597 0.0951328 0.030844 0.0968547 0.0858437 0.0667586 0.0998786 0.0999258 0.0929673
internal_weight=5561.39 3709.82 1910.54 1851.25 59.2877 12.7543 1822.11 9.81796 1812.29 29.1437 6.52441 3.67463 58.7582 23.6584 35.0997 19.5713 5.51659 46.5334 4.34827 14.0547 8.57379 1753.53 243.665 6.35619 237.309 51.7534 21.931 29.8224 185.555 65.2435
internal_count=113527 59423 10334 8598 1736 253 7729 158 7571 869 129 54 388 238 150 140 61 1483 126 79 49 7183 1065 66 999 211 90 121 788 285
is_linear=0
shrinkage=0.05


Tree=15
num_leaves=31
num_cat=0
split_feature=10 10 4 4 1 2 0 2 1 7 6 0 4 0 2 2 7 5 7 1 6 2 7 7 0 5 1 1 0 2
split_gain=2549.22 6937.08 328.394 185.626 15.1221 14.5682 22.045 13.5244 51.7768 8.79781 13.2621 5.08616 4.16423 5.63931 20.4365 2.54139 2.26092 3.74047 3.8156 2.22634 1.56647 4.23998 2.79164 10.4897 19.3571 7.38491 12.9565 23.7845 7.82919 2.32792
threshold=1.0991991879725476 1.0992168415445007 3.5000000000000004 21.500000000000004 31.530000000000005 9.0500000000000025 34.655000000000008 4.8500000000000005 30.155000000000005 5.5000000000000009 1.5000000000000002 34.280000000000008 20.500000000000004 39.910000000000004 1.2500000000000002 12.15 4.5000000000000009 2.5000000000000004 17.500000000000004 35.845000000000006 6.5000000000000009 -3.1499999999999999 15.500000000000002 8.5000000000000018 36.655000000000008 2.5000000000000004 40.655000000000008 40.720000000000006 38.410000000000004 7.1500000000000012
decision_type=2 2 2 2 2 2 2 2 2 2 2 2 2 2 2 2 2 2 2 2 2 2 2 2 2 2 2 2 2 2
left_child=-1 2 7 4 5 6 -4 -2 -9 10 -5 -10 20 14 -14 -7 -16 18 -18 -19 -6 -22 23 -23 29 26 28 -28 -26 -25
right_child=1 -3 3 9 12 15 -8 8 11 -11 -12 -13 13 -15 16 -17 17 19 -20 -21 21 22 -24 24 25 -27 27 -29 -30 -31
leaf_value=-0.05100750181014127 -0.04764628762034516 -0.050701998509663261 -0.047002351760906932 0.087679285774215229 0.095746648162542455 0.10533004127699455 0.083320329791780584 -0.051804369354114081 0.082104730957327926 -0.049362020683360736 -0.052273789409671971 0.17357122947775025 -0.041461708319210255 0.092932315707739049 0.11877252236618199 0.068628777646124323 0.0067746790103823638 0.074888145130214676 0.082302493460205475 0.12830649766586055 0.017192442388195513 0.097568674514746323 0.095670509498691672 -0.029744010632410056 0.024050218326077868 0.092884131683236656 -0.034407245497729957 0.099430494106073547 0.087063275433906434 0.029261473686632917
leaf_weight=1765.2403771579266 37.921385779976845 1719.5672724340111 6.476128354668619 3.2914085146039751 882.06228266097605 9.5051818341016787 6.5037838332355022 13.272928737103941 3.3220341615378848 22.267140217125416 3.4850384946912527 2.8016612231731415 3.9998410400003221 35.91618238389492 3.6069472357630756 9.3631818443536741 3.1305062100291234 4.5537651255726814 3.5896763540804386 3.4119881317019463 1.8528603613376606 216.52914447709918 442.94585872069001 3.5359686017036429 5.3615488559007636 111.5250990614295 7.1199862062931043 6.2190104871988297 61.160171300172806 3.1702433675527573
leaf_count=54117 1280 49160 174 39 3557 39 35 436 29 762 97 14 97 150 16 38 27 37 18 17 8 872 1788 28 22 450 29 25 246 14
internal_value=-0.00170539 0.0222206 0.0876022 0.0912336 0.0932223 0.0590697 0.0182978 -0.0302761 0.00368347 -0.034181 0.0157032 0.123952 0.0938267 0.0806713 0.0609175 0.0871175 0.0833033 0.0745918 0.0471189 0.0977689 0.0942664 0.0927472 0.0929105 0.0899619 0.0816471 0.0845728 0.0729662 0.0279916 0.0819845 -0.00185021
internal_weight=5402.71 3637.47 1917.9 1860.58 1831.54 31.8483 12.9799 57.318 19.3966 29.0436 6.77645 6.1237 1799.69 58.2089 22.2927 18.8684 18.2929 14.6859 6.72018 7.96575 1741.48 859.42 857.567 414.621 198.092 191.386 79.8607 13.339 66.5217 6.70621
internal_count=113621 59504 10344 8585 7687 286 209 1759 479 898 136 43 7401 362 212 77 115 99 45 54 7039 3482 3474 1686 814 772 322 54 268 42
is_linear=0
shrinkage=0.05


Tree=16
num_leaves=31
num_cat=0
split_feature=4 4 0 2 4 0 2 0 2 4 0 3 2 3 3 1 2 3 1 2 0 3 0 0 2 0 3 2 2 1
split_gain=521.453 311.356 41.2941 13.8549 11.545 27.176 15.5528 5.64426 5.83595 5.14296 6.98218 4.41245 4.28484 3.91914 2.96326 2.87618 7.87966 3.40286 2.81807 3.97215 2.68207 2.52517 2.48074 3.55552 2.85428 2.7592 3.04874 2.84761 2.79957 2.96611
threshold=3.5000000000000004 21.500000000000004 32.280000000000008 9.0500000000000025 20.500000000000004 40.280000000000008 2.1500000000000008 36.155000000000008 5.2500000000000009 4.5000000000000009 34.655000000000008 2.6850000000000009 -2.7499999999999996 6.905000000000002 1.4049999999999996 41.030000000000008 1.3500000000000003 3.7399999999999971 36.910000000000004 1.2500000000000002 37.155000000000008 2.7500000000000022 43.220000000000006 42.470000000000006 1.2500000000000002 45.590000000000011 2.3699999999999997 0.35000000000000003 1.4500000000000002 39.910000000000004
decision_type=2 2 2 2 2 2 2 2 2 2 2 2 2 2 2 2 2 2 2 2 2 2 2 2 2 2 2 2 2 2
left_child=-1 2 3 -2 9 6 18 8 -8 10 -4 -7 -13 15 20 16 -12 -18 -6 -20 -9 -14 23 24 -11 26 -24 -28 29 -27
right_child=1 -3 4 -5 5 11 7 14 -10 22 13 12 21 -15 -16 -17 17 -19 19 -21 -22 -23 25 -25 -26 28 27 -29 -30 -31
leaf_value=-0.049066577418231977 -0.051461678752277432 -0.049529492043141068 -0.046281642140726824 0.0031276012665377539 -0.051550807096462585 -0.00067769782345679678 -0.051583006356517441 0.01992995541092785 -0.0038095134504022091 -0.019874997813996837 -0.046528898837341154 -0.028012807730754319 0.089515742192396913 0.0083680992507341543 0.0029364790429416482 0.004336608553126493 -0.037200255899353683 0.0049710008409825125 -0.037845486141170087 0.045093570036295119 0.092507933884178689 0.027596959939811257 -0.057771697443074754 0.01506590578855399 0.0087456547880484566 -0.014938118506059077 0.012657339056876294 0.0034898726927093515 0.012771303351274159 0.0074654697754655613
leaf_weight=523.36283708922565 40.390634056180716 261.14283843524754 7.8866245429962865 16.319650581106544 34.893389146775007 22.834757348522544 9.7403790038079041 3.8689306620508459 18.599261758849025 8.7606397047638875 13.523562883958219 3.4325502179563037 1.7099177576601494 102.30256504192948 19.204553892835975 37.657028229907155 5.6871627792716017 30.107069009914994 6.3605888262391073 1.8674348089843986 1.8970733210444448 44.459138706326485 1.9596535190939892 244.95993438363075 1543.3561477176845 14.958644095808266 97.275655649602413 655.61785114184022 275.71609258279204 1195.5444892719388
leaf_count=19018 1476 9502 253 319 1246 474 340 73 417 185 341 82 18 1930 373 769 174 600 184 33 28 660 51 4255 28687 330 1758 12569 5020 22456
internal_value=-0.00171315 0.00353523 0.00664166 -0.0357524 0.00718755 -0.00563291 -0.0230172 -0.00495771 -0.0202293 0.00769872 -0.000186455 0.0175101 0.0258832 0.00173419 0.0123744 -0.00606882 -0.014014 -0.00172937 -0.0453439 -0.0190216 0.0438088 0.0298902 0.00808372 0.00946765 0.00858411 0.00697397 0.00451222 0.00467433 0.00822429 0.00718862
internal_weight=5245.4 4722.03 4460.89 56.7103 4404.18 168.868 96.4316 53.3102 28.3396 4235.31 197.164 72.4364 49.6016 189.277 24.9706 86.9748 49.3178 35.7942 43.1214 8.22802 5.766 46.1691 4038.15 1797.08 1552.12 2241.07 754.853 752.894 1486.22 1210.5
internal_count=113621 94603 85101 1795 83306 3928 2694 1231 757 79378 4067 1234 760 3814 474 1884 1115 774 1463 217 101 678 75311 33127 28872 42184 14378 14327 27806 22786
is_linear=0
shrinkage=0.05


Tree=17
num_leaves=31
num_cat=0
split_feature=10 10 4 4 2 1 1 2 3 7 6 0 4 1 2 1 0 2 3 0 0 2 6 7 3 2 6 2 7 7
split_gain=2362.61 6308.81 271.471 153.649 13.5903 47.1616 12.4278 11.9423 20.907 8.84947 12.0711 4.09698 3.98745 4.6714 13.9864 4.7413 3.65059 15.2048 3.15095 2.56751 2.30447 2.22527 1.95823 1.90427 1.72123 1.69053 1.40279 3.77332 2.53951 9.34928
threshold=1.0991991879725476 1.0992168415445007 3.5000000000000004 21.500000000000004 4.8500000000000005 30.155000000000005 31.530000000000005 9.0500000000000025 6.1299999999999981 5.5000000000000009 1.5000000000000002 34.280000000000008 20.500000000000004 40.720000000000006 -1.0499999999999998 39.845000000000006 36.655000000000008 4.9500000000000011 1.4400000000000033 38.030000000000008 35.280000000000008 12.15 11.500000000000002 21.500000000000004 5.6299999999999981 9.5500000000000025 6.5000000000000009 -3.1499999999999999 15.500000000000002 8.5000000000000018
decision_type=2 2 2 2 2 2 2 2 2 2 2 2 2 2 2 2 2 2 2 2 2 2 2 2 2 2 2 2 2 2
left_child=-1 2 4 6 24 -6 7 8 20 10 -5 -7 26 14 15 -14 17 -16 -18 -20 -4 -9 23 -21 -2 -11 -8 -28 29 -29
right_child=1 -3 3 9 5 11 12 21 -10 25 -12 -13 13 -15 16 -17 18 -19 19 22 -22 -23 -24 -25 -26 -27 27 28 -30 -31
leaf_value=-0.050861696304953102 -0.048518713000173332 -0.050561276452402298 -0.053581330793435328 0.083862008990635534 -0.051634477066842654 0.079718010248693294 0.09020889233519537 0.098660867513623643 0.088296046649125493 -0.05140643965702324 -0.052056761708174686 0.16077532856490107 -0.059302248085474907 0.098323178718068116 -0.052676869611301275 0.050077289638173705 0.13814423810851842 0.088265366417809327 0.038546935431624504 0.1146319745621079 0.027042370655550176 0.064460300186269179 0.067733476019298161 0.077243455966275451 0.041869255149740776 0.037309377929515594 0.016111489590652672 0.091888859302314857 0.090157039249742124 0.076885658247661484
leaf_weight=1662.4051594808698 34.088383575901389 1643.4393781796098 5.6917173378169554 3.3655216395854977 12.079275982454421 3.3523403592407695 885.34062709659338 9.6087880879640597 5.8260971829295158 19.736943652853373 3.1742086503654718 2.913946270942688 2.6954858358949414 16.264259055256844 2.6305690705776197 1.5665572136640546 2.5787361152470138 7.020304873585701 3.2386597190052298 7.6198528110980988 1.0497813783586023 9.4177323281764966 8.805081881582737 6.157701637595892 0.53496007807552715 0.55200318992137809 1.8534717485308636 217.38071489334106 444.5336247459054 198.79562272876501
leaf_count=54117 1261 49160 174 39 436 29 3557 39 26 749 97 14 45 66 75 7 15 32 21 35 9 38 39 27 19 13 8 872 1788 814
internal_value=-0.00164492 0.0213293 0.0829328 0.0861031 -0.0286867 0.00610641 0.087837 0.0567486 0.0189249 -0.0326893 0.0178907 0.117411 0.0883807 0.0755487 0.0667946 -0.0190987 0.0764155 0.0498483 0.0854435 0.0801803 -0.0410267 0.0817323 0.0861511 0.0979217 -0.0471221 -0.0489927 0.0888108 0.0873757 0.0875292 0.0847223
internal_weight=5223.72 3561.31 1917.87 1864.9 52.9689 18.3456 1838.08 31.5941 12.5676 26.8287 6.53973 6.26629 1806.48 58.5772 42.3129 4.26204 38.0509 9.65087 28.4 25.8213 6.7415 19.0265 22.5826 13.7776 34.6233 20.2889 1747.9 862.563 860.71 416.176
internal_count=113621 59504 10344 8585 1759 479 7687 286 209 898 136 43 7401 362 296 52 244 107 137 122 183 77 101 62 1280 762 7039 3482 3474 1686
is_linear=0
shrinkage=0.05


Tree=18
num_leaves=31
num_cat=0
split_feature=10 10 4 4 2 1 1 2 3 7 6 4 1 2 1 0 1 2 0 2 2 2 0 1 0 3 3 3 7 6
split_gain=2223.33 5769.02 241.609 136.916 12.9422 42.1776 11.0651 10.492 18.8748 8.45346 10.6456 3.80813 4.39635 12.3328 4.39937 3.35438 3.09901 7.49998 2.2087 1.9815 1.80035 1.71244 3.81546 9.96347 5.05895 1.74902 1.63785 1.50298 1.82216 1.30602
threshold=1.0991991879725476 1.0992168415445007 3.5000000000000004 21.500000000000004 4.8500000000000005 30.155000000000005 31.530000000000005 9.0500000000000025 6.1299999999999981 5.5000000000000009 1.5000000000000002 20.500000000000004 40.720000000000006 -1.0499999999999998 39.845000000000006 34.280000000000008 33.280000000000008 6.6500000000000012 35.280000000000008 12.15 10.050000000000002 2.5500000000000003 40.030000000000008 36.910000000000004 42.720000000000006 1.4999999999999984 5.6299999999999981 3.3799999999999977 10.500000000000002 6.5000000000000009
decision_type=2 2 2 2 2 2 2 2 2 2 2 2 2 2 2 2 2 2 2 2 2 2 2 2 2 2 2 2 2 2
left_child=-1 2 4 6 26 -6 7 8 18 10 -5 29 13 14 -13 -7 17 -15 -4 -9 -11 22 23 -18 -24 -23 -2 28 -27 -8
right_child=1 -3 3 9 5 15 11 19 -10 20 -12 12 -14 16 -16 -17 21 -19 -20 -21 -22 25 24 -25 -26 27 -28 -29 -30 -31
leaf_value=-0.050739160167845521 -0.048312442294158181 -0.050411959832256027 -0.053444246012659159 0.0758625244692544 -0.051553715179896237 0.074138067704536945 0.085790815389193031 0.09327456447633127 0.083165634634137453 -0.051336347263740478 -0.051953818763021575 -0.058851346969982656 0.093648747291249834 -0.052974422985205431 0.046875243718999787 0.14632127961384081 -0.0538969781668725 0.078365076594827748 0.025330575624855467 0.061061807336323493 0.043346567188196516 0.1108250198459156 0.11711202705202464 0.10382503695308468 0.045082770104320755 0.088545526163826341 0.038205330152981158 0.099729743296704212 0.044160984631274817 0.083055977041933252
leaf_weight=1585.051742143929 32.560855200514197 1567.8020421750844 5.4276666119694728 3.5298524536192444 11.507708335295321 3.4225138798356047 884.396524656564 9.6540830731391925 5.8748491033911705 18.854076802730564 3.0252323802560568 2.583173304796218 16.223031386733055 1.6262046489864577 1.5892772376537321 3.038176491856575 2.0599901545792809 3.2778552621603012 1.0643001571297643 9.4440187364816648 0.51579162478446861 5.4787115752697018 4.8240939676761609 1.948335565626621 4.9278646856546402 4.4859601706266385 0.55636711046099563 4.9802332669496527 4.7725220434367657 862.05446008220315
leaf_count=54117 1261 49160 174 39 436 29 3557 39 26 751 97 45 66 47 7 14 44 14 9 38 11 29 20 10 20 18 19 20 22 3482
internal_value=-0.00165097 0.0206978 0.0789544 0.0818967 -0.0283214 0.00584489 0.0835072 0.0541116 0.0182316 -0.0322057 0.0168741 0.0840196 0.0715016 0.0630585 -0.0185803 0.108083 0.0719333 0.0348124 -0.0405298 0.0773453 -0.0488151 0.0773711 0.0638344 0.0227673 0.0807142 0.086818 -0.0468589 0.0775806 0.0656664 0.0844409
internal_weight=5066.56 3481.51 1913.7 1862.62 51.0856 17.9684 1836.69 31.4649 12.3668 25.925 6.55508 1805.23 58.7773 42.5542 4.17245 6.46069 38.3818 4.90406 6.49197 19.0981 19.3699 33.4777 13.7603 4.00833 9.75196 19.7174 33.1172 14.2387 9.25848 1746.45
internal_count=113621 59504 10344 8585 1759 479 7687 286 209 898 136 7401 362 296 52 43 244 61 183 77 762 183 94 54 40 89 1280 60 40 7039
is_linear=0
shrinkage=0.05


Tree=19
num_leaves=31
num_cat=0
split_feature=10 10 4 4 2 1 1 2 3 7 6 4 1 2 1 1 0 2 0 2 2 1 1 2 2 3 3 6 2 7
split_gain=2093.7 5292.44 216.223 122.708 12.3212 37.9852 9.94484 9.27275 17.0987 8.07991 9.45306 3.56935 4.12319 10.983 4.08897 3.01278 2.85119 2.84332 2.11924 1.79326 1.76482 4.21461 6.58203 2.3162 1.71841 1.5634 1.25723 1.26735 3.48359 2.53062
threshold=1.0991991879725476 1.0992168415445007 3.5000000000000004 21.500000000000004 4.8500000000000005 30.155000000000005 31.530000000000005 9.0500000000000025 6.1299999999999981 5.5000000000000009 1.5000000000000002 20.500000000000004 40.720000000000006 -1.0499999999999998 39.845000000000006 33.090000000000011 34.280000000000008 6.9500000000000011 35.280000000000008 12.15 3.9500000000000006 36.970000000000006 35.655000000000008 1.5500000000000003 10.050000000000002 5.6299999999999981 0.94000000000000317 6.5000000000000009 -3.1499999999999999 14.500000000000002
decision_type=2 2 2 2 2 2 2 2 2 2 2 2 2 2 2 2 2 2 2 2 2 2 2 2 2 2 2 2 2 2
left_child=-1 2 4 6 25 -6 7 8 18 10 -5 26 13 14 -13 17 -7 -15 -4 -9 21 22 -17 -23 -11 -2 -8 -28 -29 -30
right_child=1 -3 3 9 5 16 11 19 -10 24 -12 12 -14 15 -16 20 -18 -19 -20 -21 -22 23 -24 -25 -26 -27 27 28 29 -31
leaf_value=-0.050618944790016329 -0.048103460983393208 -0.05026434100761859 -0.053311876125169334 0.069055180852210379 -0.051477010654946011 0.069155110813508155 -0.061853847376182984 0.088601321517148071 0.078619853388873451 -0.051269533503744281 -0.051856154577144167 -0.058421691253018299 0.089579292695782436 -0.024566194148205545 0.043964908493255683 -0.053828657808322404 0.13491935193899893 0.060325094784507316 0.023752558700152828 0.05796332472278784 0.086438107792341887 0.09533185517086161 0.076058582758505744 0.057193819086338055 0.039619515644970904 0.034988559152692222 0.081924849063583507 0.011037805830493599 0.07637390631792694 0.081835258217259621
leaf_weight=1511.238748960197 31.104039357975129 1495.6094427146018 5.1754527594894189 3.6798144951462772 10.962370449677111 3.4840019941329947 0.15491586923599143 9.6549183279275912 5.9029844477772713 17.957334844395522 2.8829729557037354 2.4748045317828646 16.114562749862671 1.5887634623795737 1.6092206388711927 1.7868667077273159 3.1276497095823288 2.6014558374881744 1.0778947100043295 9.451150640845297 14.328638106584547 7.4047875553369549 2.1476805843412876 8.6102093756198865 0.5355592779815187 0.57659331895410915 880.03702007606626 1.8690349832177151 386.18755508214235 470.57532289251685
leaf_count=54117 1261 49160 174 39 436 29 1 39 26 751 97 45 66 42 7 42 14 11 9 38 62 31 21 35 11 19 3556 8 1571 1903
internal_value=-0.0016547 0.0201175 0.0754303 0.0781775 -0.0279655 0.00561095 0.0796832 0.0517248 0.017586 -0.0317228 0.0159399 0.0801695 0.0680394 0.0598823 -0.0180785 0.0681591 0.100265 0.0281377 -0.0400282 0.0734457 0.0730514 0.0634364 0.0170706 0.0748275 -0.0486374 -0.0465912 0.0805788 0.0805914 0.0792248 0.0793735
internal_weight=4909.91 3398.67 1903.06 1853.81 49.2547 17.574 1828.75 31.2624 12.1563 25.0557 6.56279 1797.49 58.667 42.5524 4.08403 38.4684 6.61165 4.19022 6.25335 19.1061 34.2782 19.9495 3.93455 16.015 18.4929 31.6806 1738.82 1738.67 858.632 856.763
internal_count=113621 59504 10344 8585 1759 479 7687 286 209 898 136 7401 362 296 52 244 43 53 183 77 191 129 63 66 762 1280 7039 7038 3482 3474
is_linear=0
shrinkage=0.05


Tree=20
num_leaves=31
num_cat=0
split_feature=4 4 0 2 4 0 2 1 2 2 1 3 7 5 3 4 3 1 2 6 0 1 1 3 2 3 0 2 1 5
split_gain=422.086 253.895 27.3981 16.3742 8.78627 19.1845 16.3242 8.25309 4.86963 4.2933 10.6113 3.30585 2.77836 2.74535 2.23028 2.1483 8.70452 7.57853 3.20995 2.80029 2.32959 4.31385 2.48993 1.85595 2.41165 2.21144 1.81839 4.51798 2.12891 3.15667
threshold=3.5000000000000004 21.500000000000004 32.280000000000008 8.9500000000000011 20.500000000000004 41.590000000000011 4.5500000000000007 35.845000000000006 -0.54999999999999993 8.2500000000000018 29.970000000000002 1.4049999999999996 18.500000000000004 1.0000000180025095e-35 3.8699999999999997 4.5000000000000009 6.1800000000000024 41.345000000000006 1.3500000000000003 11.500000000000002 35.030000000000008 34.720000000000006 39.280000000000008 7.1200000000000001 0.25000000000000006 6.3799999999999981 35.030000000000008 6.6500000000000012 34.590000000000011 5.5000000000000009
decision_type=2 2 2 2 2 2 2 2 2 2 2 2 2 2 2 2 2 2 2 2 2 2 2 2 2 2 2 2 2 2
left_child=9 2 3 -2 15 6 7 -6 -9 -1 -11 -10 -5 -14 -12 16 17 18 -4 20 -20 -22 -23 24 -18 -26 27 -8 -28 -30
right_child=1 -3 4 12 5 -7 26 8 11 10 14 -13 13 -15 -16 -17 23 -19 19 -21 21 22 -24 -25 25 -27 28 -29 29 -31
leaf_value=-0.049452326608129211 -0.051191617069770795 -0.049763267235815985 -0.055198967211189415 0.021977729531303378 -0.051304876346088324 0.017973485298582139 -0.051934514200510207 -0.04817086102545156 0.053401970279411896 -0.051224374504548059 0.038973643368180148 -0.0085069154588217743 0.032464399485377902 -0.048873745394220451 -0.051526538516735269 0.0073072568839370996 -0.019369743234377276 0.0057606822304780069 -0.051659701446747197 -0.053872983939052876 0.041622227155204333 -0.041525786851724721 0.017337871934409586 0.013408703151381049 0.030211254181928882 0.00033212607065899284 0.04424915119828364 0.0117808223516487 0.01615005748810442 -0.046889154439228808
leaf_weight=414.13178714923561 32.990497583523393 213.66883698664606 9.9992527943104523 12.160664184018971 33.482872806489468 56.311517708003521 3.9359467923641196 7.4173824135214117 2.4840589053928879 12.941092180088164 5.5366776473820201 16.344529198482633 1.5212299954146136 3.2617843616753817 0.77621108852326859 3730.1621533855796 11.190770378336309 23.794123580679297 2.6983442939817932 4.72392788901925 4.0732572674751273 5.2985389418899995 2.718125281855464 80.789614357054234 8.0915107820183021 26.389296276494861 5.2452238090336349 9.4919144660234434 15.251448675990106 2.2831396590918294
leaf_count=18256 1464 9395 318 226 1441 970 140 244 40 575 96 421 34 86 27 75130 280 524 100 162 85 171 63 1576 122 543 101 196 294 55
internal_value=-0.00133577 0.00337737 0.0061386 -0.0306724 0.0065911 -0.00519314 -0.0187912 -0.0348496 -0.013857 -0.0483793 -0.0252992 -0.000339265 0.0092798 -0.0230043 0.0278461 0.00704997 0.00171118 -0.0152353 -0.0321637 -0.020359 -0.0096534 -0.000278037 -0.0215675 0.00885442 0.000798241 0.00734377 0.00769906 -0.00689528 0.0163019 0.00794186
internal_weight=4759.17 4325.78 4112.11 49.9342 4062.18 152.248 95.9365 59.7288 26.246 433.386 19.254 18.8286 16.9437 4.78301 6.31289 3909.93 179.767 53.3056 29.5114 19.5122 14.7883 12.0899 8.01666 126.461 45.6716 34.4808 36.2077 13.4279 22.7798 17.5346
internal_count=113135 94181 84786 1810 82976 3902 2932 2146 705 18954 698 461 346 120 123 79074 3944 1423 899 581 419 319 234 2521 945 665 786 336 450 349
is_linear=0
shrinkage=0.05


Tree=21
num_leaves=31
num_cat=0
split_feature=10 10 4 4 2 1 1 2 3 3 2 0 7 6 4 2 0 2 0 3 9 7 0 0 0 6 2 3 3 4
split_gain=1962.51 4850.97 182.847 109.391 13.1997 15.4561 6.78289 12.6555 12.5286 6.68055 12.8257 16.6599 4.71737 5.97154 4.27192 4.40247 3.093 7.88184 3.06512 2.49169 3.36047 1.86674 1.85767 4.59295 9.27768 14.6854 5.28227 1.70279 5.562 1.60158
threshold=1.0991991879725476 1.0992168415445007 3.5000000000000004 21.500000000000004 7.2500000000000009 29.970000000000002 32.410000000000004 6.1500000000000012 6.0599999999999978 3.5000000000000022 2.6500000000000008 35.030000000000008 5.5000000000000009 1.5000000000000002 20.500000000000004 -2.4499999999999997 41.030000000000008 1.2500000000000002 39.530000000000008 0.90499999999999947 1.0000000180025095e-35 3.5000000000000004 45.655000000000008 45.155000000000008 45.220000000000006 11.500000000000002 -2.1499999999999999 1.3750000000000002 1.3149999999999997 13.500000000000002
decision_type=2 2 2 2 2 2 2 2 2 2 2 2 2 2 2 2 2 2 2 2 2 2 2 2 2 2 2 2 2 2
left_child=-1 2 4 6 9 -6 7 8 -4 -2 -11 -12 13 -5 22 -16 17 18 -17 20 -9 -22 23 26 25 -25 -8 28 -28 -24
right_child=1 -3 3 12 5 -7 14 19 -10 10 11 -13 -14 -15 15 16 -18 -19 -20 -21 21 -23 29 24 -26 -27 27 -29 -30 -31
leaf_value=-0.050549279431394492 -0.051355672617102215 -0.050189035335152433 -0.044848661375120356 0.049816213135297875 -0.051312698457094935 0.089839266123272449 0.0047557503949378814 0.077055558968564405 0.063560485801868807 -0.044265097471425152 -0.051947075299560143 0.16227324696717621 -0.051174474876522574 -0.051712306966324631 0.017889104156224838 -0.051857946612165778 0.078048649073714352 0.066734470627689307 0.036917511982220909 0.073211230180491416 0.040370415823554495 -0.059626518578557802 0.080787582754372145 0.081719183827056105 0.071963105934920474 -0.019850289968133539 0.079820410580285758 0.076835222258006763 0.022143977384359241 0.075600522896606903
leaf_weight=1417.039903152734 27.555328639224172 1420.1683964543045 5.2916240580379945 3.0414223410189178 3.2772002872079593 4.7509324103593826 2.5690011009573928 1.9765805155038827 5.3692615702748299 7.1191694159060699 1.5886406507343056 2.1170818842947483 15.930609997361897 2.7648394145071507 4.9893295839428893 2.1227417327463658 28.564687266945839 18.906258836388588 1.7940492555499075 44.877630077302456 0.82664597779512394 1.071886710822582 400.26095916330814 6.6500292122364026 63.07530289888382 7.6556936353445053 13.472972527146341 981.23867928981781 6.0601302236318579 236.88824611902237
leaf_count=53861 1237 48857 162 35 149 20 14 8 26 298 50 20 725 101 33 74 118 102 9 202 15 30 1626 27 256 31 55 3995 37 962
internal_value=-0.00128415 0.0197306 0.0719429 0.0743949 -0.0260853 0.032219 0.0757167 0.0590986 0.00975066 -0.038281 -0.00499868 0.0704371 -0.0371123 0.00147012 0.0762732 0.0627301 0.0670838 0.0533605 -0.0111952 0.0698897 0.0314225 -0.0160865 0.0767177 0.0754552 0.063718 0.0273644 0.0763604 0.0765442 0.0619263 0.0788591
internal_weight=4739.02 3321.98 1901.81 1855.4 46.4084 8.02813 1833.66 59.4136 10.6609 38.3802 10.8249 3.70572 21.7369 5.80626 1774.25 56.3771 51.3877 22.823 3.91679 48.7527 3.87511 1.89853 1717.87 1080.72 77.381 14.3057 1003.34 1000.77 19.5331 637.149
internal_count=113135 59274 10417 8643 1774 169 7782 443 188 1605 368 70 861 136 7339 336 303 185 83 255 53 45 7003 4415 314 58 4101 4087 92 2588
is_linear=0
shrinkage=0.05


Tree=22
num_leaves=31
num_cat=0
split_feature=4 4 0 2 4 0 2 1 2 2 1 1 2 6 7 5 2 1 3 0 2 3 4 7 0 2 1 1 5 7
split_gain=378.243 225.864 23.7662 15.2634 7.28124 16.4903 16.3761 6.24785 5.02544 4.15458 9.63279 3.40313 2.74718 2.46876 2.41482 2.54192 2.12789 2.81207 1.91221 1.91193 10.4033 1.66359 1.96706 2.90831 2.58191 2.98747 2.31055 2.04889 2.42135 1.80273
threshold=3.5000000000000004 21.500000000000004 32.280000000000008 8.9500000000000011 20.500000000000004 41.030000000000008 4.5500000000000007 35.845000000000006 1.2500000000000002 8.2500000000000018 29.970000000000002 37.345000000000006 2.8500000000000001 6.5000000000000009 18.500000000000004 1.0000000180025095e-35 -2.4499999999999997 43.720000000000006 3.8699999999999997 38.030000000000008 3.9500000000000006 2.9399999999999999 19.500000000000004 3.5000000000000004 40.780000000000008 -1.3499999999999999 39.030000000000008 41.530000000000008 2.5000000000000004 22.500000000000004
decision_type=2 2 2 2 2 2 2 2 2 2 2 2 2 2 2 2 2 2 2 2 2 2 2 2 2 2 2 2 2 2
left_child=9 2 3 -2 19 6 7 -6 -9 -1 -11 13 -13 -10 -5 -16 17 -7 -12 20 -4 22 -21 -24 -25 -26 -27 28 -28 -30
right_child=1 -3 4 14 5 16 -8 8 11 10 18 12 -14 -15 15 -17 -18 -19 -20 21 -22 -23 23 24 25 26 27 -29 29 -31
leaf_value=-0.049196185575235488 -0.051081840577851728 -0.049511080030665122 -0.046146123769479824 0.020500583059067278 -0.051207686797491381 -0.034407899863260698 0.0077303227600570359 -0.037893740001366548 0.069866248190074087 -0.051106735488135172 0.036118189922254858 0.013682820646686007 -0.068704860237100845 0.0016644294427937496 0.030596457043167071 -0.048537230228704181 0.018896138989591263 0.025251439882656396 -0.051378902949614315 0.0099198582335375662 0.0046629511636665779 0.0064034488869076714 -0.060100511964383922 0.01685488387084454 0.065799821205324779 -0.067830168621969819 0.027231416702338297 -0.0420106751355925 -0.046029805993184535 0.014396584618688875
leaf_weight=376.87848288007081 30.02630352973938 194.41838750243187 10.292539257556198 11.988584265112879 30.523883394896984 4.5861458182334882 34.534934440627694 11.52375681884587 2.8131440766155702 11.742232549935581 5.4538503959774962 2.2778356522321701 1.8204813655465839 2.5114192068576813 1.5207040030509222 3.0503583252429962 52.200769050046802 3.4694247078150511 0.70517616905271996 595.63654497824609 475.73813778162003 2689.2865239605308 2.0619184449315062 14.276086447760465 1.1477902904152895 2.0092589743435374 4.7527187410742027 3.7266730554401866 3.1316123995929956 2.0372456032782793
leaf_count=18256 1464 9395 364 226 1441 93 769 415 45 575 96 50 44 60 34 86 927 58 27 12242 10042 55703 60 280 10 55 83 100 94 41
internal_value=-0.00129059 0.0031163 0.00567618 -0.0298277 0.00609488 -0.00485262 -0.0189052 -0.0367768 -0.0157478 -0.0480783 -0.0245433 0.0113357 -0.022914 0.0376977 0.00871064 -0.022211 0.0152051 -0.00871343 0.0261002 0.00651579 0.00358698 0.0069448 0.00926017 -0.00259538 0.00121947 -0.0120628 -0.0177706 -0.010401 0.00147206 -0.0222134
internal_weight=4586.14 4191.36 3996.94 46.586 3950.36 146.262 86.0055 51.4705 20.9466 394.78 17.9013 9.42288 4.09832 5.32456 16.5596 4.57106 60.2563 8.05557 6.15903 3804.1 486.031 3318.07 628.78 33.1433 31.0814 16.8053 15.6575 13.6482 9.92158 5.16886
internal_count=113135 94181 84786 1810 82976 3902 2824 2055 614 18954 698 199 94 105 346 120 1078 151 123 79074 10406 68668 12965 723 663 383 373 318 218 135
is_linear=0
shrinkage=0.05


Tree=23
num_leaves=31
num_cat=0
split_feature=10 10 4 4 2 1 3 2 1 4 7 6 1 2 3 2 1 3 3 2 1 2 2 2 5 1 7 1 3 4
split_gain=1839.11 4455.04 154.316 92.8488 12.343 13.7251 6.83428 12.0837 13.5661 5.99034 4.85649 5.65523 4.00344 11.9238 7.00635 6.62634 3.85707 3.85538 6.51659 3.38275 4.04586 7.25147 2.58384 2.79557 1.75748 1.80282 2.08642 1.76028 1.73141 3.25032
threshold=1.0992168415445007 1.0991991879725476 3.5000000000000004 21.500000000000004 7.2500000000000009 29.970000000000002 3.5000000000000022 2.6500000000000008 30.655000000000005 20.500000000000004 5.5000000000000009 1.5000000000000002 34.970000000000006 6.8500000000000005 1.4999999999999984 0.65000000000000002 34.345000000000006 5.8150000000000004 5.3700000000000001 -2.4499999999999997 33.030000000000008 6.6500000000000012 5.7500000000000009 4.2500000000000009 1.5000000000000002 34.655000000000008 23.500000000000004 32.410000000000004 3.0600000000000009 18.500000000000004
decision_type=2 2 2 2 2 2 2 2 2 2 2 2 2 2 2 2 2 2 2 2 2 2 2 2 2 2 2 2 2 2
left_child=1 -1 4 9 6 -6 -3 -8 -9 12 11 -5 13 14 16 -16 -4 18 22 -11 21 -21 23 -17 25 27 -27 -15 29 -14
right_child=-2 2 3 10 5 -7 7 8 -10 19 -12 -13 28 24 15 17 -18 -19 -20 20 -22 -23 -24 -25 -26 26 -28 -29 -30 -31
leaf_value=-0.050420511821746707 -0.050054692059471807 -0.051234522821050822 -0.047065433377774878 0.049792218376375097 -0.051189203878819547 0.08606886996663643 -0.043496801783046067 -0.051819463867686599 0.14603478113653265 0.017631800661679593 -0.05106215497623541 -0.051549247767288288 0.078841374610852888 0.049899502520985198 -0.010684302007480511 -0.027111414202479808 0.057125367870267785 0.079452162472984283 -0.024376142098508722 -0.052146334945167239 0.065943043845547819 0.056404159222601481 0.068271292367669253 0.057872255889188054 0.07523579255015557 0.02371135116250046 0.067819760944088273 0.072691672331428564 0.073022809375896822 0.064275890865945415
leaf_weight=1335.2123353295028 1356.4468885995448 25.041708869859576 3.1651015579700461 3.0419559888541725 2.9763250257819882 4.6932055354118347 6.5130867026746255 1.4068239312618973 2.2552146948873997 4.971902009099721 14.468226619064806 2.5145953148603439 307.93330134451389 10.182127114385365 4.0698736999183884 1.6990751884877746 1.2347920238971708 11.884299807250498 3.0095963552594176 2.1033225767314425 49.237126987427473 5.7294082008302212 11.319244133308528 2.2480709999799728 133.59061227180064 5.158383905887602 5.58238485455513 50.418591350317001 1155.2790485322475 43.742349773645401
leaf_count=53861 48857 1237 69 35 149 20 298 47 23 33 725 101 1266 47 39 31 5 51 16 82 281 42 51 18 570 21 23 207 4750 180
internal_value=-0.00124019 0.0193829 0.0690784 0.0712725 -0.0246763 0.0328029 -0.0371941 -0.00263972 0.0700263 0.0724554 -0.0358026 0.00393054 0.0729966 0.0670489 0.041568 0.0492023 -0.0178252 0.0572835 0.0428679 0.0571872 0.0606332 0.0272551 0.0561243 0.0212905 0.0718521 0.0655159 0.0466362 0.0688621 0.0739579 0.0770297
internal_weight=4567.13 3210.68 1875.47 1832.58 42.8864 7.66953 35.2168 10.1751 3.66204 1812.56 20.0248 5.55655 1750.52 243.562 38.6301 34.2302 4.39989 30.1603 18.276 62.0418 57.0699 7.83273 15.2664 3.94715 204.932 71.3415 10.7408 60.6007 1506.95 351.676
internal_count=113135 64278 10417 8643 1774 169 1605 368 70 7782 861 136 7344 1148 280 206 74 167 116 438 405 124 100 49 868 298 44 254 6196 1446
is_linear=0
shrinkage=0.05


Tree=24
num_leaves=31
num_cat=0
split_feature=10 10 4 4 2 1 4 7 6 0 2 1 2 0 0 2 1 2 2 1 2 0 0 0 6 2 4 0 2 2
split_gain=1733.58 4117.78 139.709 84.3247 11.5997 12.5989 5.99978 4.72256 5.15073 4.21591 25.0201 4.00429 6.41298 4.65363 3.52213 10.7028 2.84015 6.26242 2.09085 3.77665 4.75227 1.86331 4.36305 8.76037 13.6185 4.99523 1.53907 2.30734 1.77172 3.38259
threshold=1.0992168415445007 1.0991991879725476 3.5000000000000004 21.500000000000004 7.2500000000000009 29.970000000000002 20.500000000000004 5.5000000000000009 1.5000000000000002 35.030000000000008 2.6500000000000008 32.410000000000004 5.1500000000000012 35.910000000000004 41.590000000000011 -0.24999999999999997 33.030000000000008 6.6500000000000012 5.0500000000000007 36.910000000000004 2.6500000000000008 45.655000000000008 45.155000000000008 45.220000000000006 11.500000000000002 -2.1499999999999999 13.500000000000002 48.530000000000008 -0.54999999999999993 -1.5499999999999998
decision_type=2 2 2 2 2 2 2 2 2 2 2 2 2 2 2 2 2 2 2 2 2 2 2 2 2 2 2 2 2 2
left_child=1 -1 4 6 9 -6 11 8 -5 -3 -11 12 13 -4 15 -8 17 -17 19 20 -18 22 25 24 -24 -13 -23 -28 29 -29
right_child=-2 2 3 7 5 -7 14 -9 -10 10 -12 21 -14 -15 -16 16 18 -19 -20 -21 -22 26 23 -25 -26 -27 27 28 -30 -31
leaf_value=-0.050308054819372255 -0.049912358124651036 -0.051261353590516291 -0.052966634602776674 0.045946120568884224 -0.051131332763274917 0.082637048653385101 -0.036518142867342736 -0.051009357745956878 -0.051472213481863295 -0.046570526822711789 0.13247792087492408 0.00086732224852494738 0.062864302742100864 0.040277668623735927 0.066777689253902303 -0.052118969616050753 -0.054209149244996237 0.053148944808425747 0.0785341532195106 0.074188399698912388 0.052365184977540627 0.074785523559267625 0.075630760192066937 0.065993441346911139 -0.022941654440045617 0.070495219832105979 0.073726238157003826 0.068164272462804321 0.075147268579082729 0.045296341424004551
leaf_weight=1272.8612187523395 1293.8794955350459 20.311829404905438 2.0691112969070664 3.1293989941477802 2.8342916052788487 4.6448998600244522 3.7450316082686177 13.776488559320567 2.3954465724527836 11.142309121787546 2.3653346113860598 2.5827136337757102 46.33333382755518 3.7874373123049736 29.886641174554825 1.8704156149178768 1.6723967902362362 5.7750641610473394 10.616910725831984 5.5626628249883652 2.7927503529936075 389.95999248325825 6.478421136736868 61.596034243702888 7.6316939294338226 976.53360670432448 138.3463451564312 42.288703620433807 24.247808784246445 26.183329343795776
leaf_count=53861 48857 1024 65 35 149 20 71 725 101 559 22 14 251 25 126 75 37 42 44 23 20 1626 27 256 31 4087 576 176 101 109
internal_value=-0.00124573 0.0189144 0.0665274 0.068603 -0.0244037 0.0319446 0.0697239 -0.035347 0.00370776 -0.0368652 -0.0152172 0.0702719 0.056633 0.00733457 0.0544317 0.0429137 0.0534289 0.0273959 0.0630698 0.046697 0.0124483 0.0706966 0.0694174 0.0578529 0.0223162 0.0703116 0.0728695 0.0696359 0.0635327 0.0594197
internal_weight=4417.3 3123.42 1850.56 1809.26 41.2987 7.47919 1789.96 19.3013 5.52485 33.8195 13.5076 1728.04 52.1899 5.85655 61.9219 32.0352 28.2902 7.64548 20.6447 10.0278 4.46515 1675.85 1054.82 75.7061 14.1101 979.116 621.026 231.066 92.7198 68.472
internal_count=113135 64278 10417 8643 1774 169 7782 861 136 1605 581 7344 341 90 438 312 241 117 124 80 57 7003 4415 314 58 4101 2588 962 386 285
is_linear=0
shrinkage=0.05


Tree=25
num_leaves=31
num_cat=0
split_feature=10 10 4 4 0 2 2 0 7 7 2 1 4 2 1 3 1 2 0 4 0 2 3 7 0 1 2 7 7 0
split_gain=1644.73 3801 133.198 70.1234 8.80337 8.8031 8.67758 24.3516 7.89409 3.54561 3.19255 10.3748 2.98234 2.41679 12.2623 2.34421 2.20845 4.07789 2.42255 2.16329 5.45685 15.1404 2.0377 1.66399 1.59156 1.54303 3.69675 1.50168 18.467 14.0166
threshold=1.0992168415445007 1.0991991879725476 3.5000000000000004 21.500000000000004 31.720000000000002 10.550000000000002 4.8500000000000005 33.410000000000004 1.5000000000000002 2.5000000000000004 6.6500000000000012 28.345000000000002 20.500000000000004 2.5500000000000003 36.970000000000006 0.75000000000000189 41.030000000000008 -0.94999999999999984 42.720000000000006 4.5000000000000009 41.030000000000008 1.4500000000000002 5.6299999999999981 22.500000000000004 36.655000000000008 33.030000000000008 8.8500000000000032 11.500000000000002 10.500000000000002 38.030000000000008
decision_type=2 2 2 2 2 2 2 2 2 2 2 2 2 2 2 2 2 2 2 2 2 2 2 2 2 2 2 2 2 2
left_child=1 -1 6 4 5 -4 22 9 -5 -8 -10 -12 15 14 -14 -6 17 -16 -19 20 21 -17 -3 24 -23 26 -15 28 -21 -30
right_child=-2 2 3 8 12 -7 7 -9 10 -11 11 -13 13 25 16 19 -18 18 -20 27 -22 23 -24 -25 -26 -27 -28 -29 29 -31
leaf_value=-0.049995031171711141 -0.049903201640927868 -0.048886910140069989 -0.044903974618940232 0.056194441617762762 -0.063783007580852605 0.064315650003584676 0.028777896527963327 0.10736597107041301 -0.051137505570114185 -0.051557668747082931 -0.051055538107536394 0.14793802692566627 -0.040833824467078117 0.0081172833043037206 -0.0029078874503938273 -0.050532851506158709 0.072937929417866518 0.081429211298270021 0.0363516544539709 0.069027335950404126 0.06636944962098433 0.045992764149897523 0.057489442259091694 0.034272857345496142 0.092434545946771612 0.073765427488859656 0.096859961215376253 0.069400701144119767 -0.028725768726946571 0.048050402457505109
leaf_weight=1217.157788855955 1243.4293127190322 23.40718826465309 3.4918039347976437 2.4105898141860989 0.33830676972865958 3.9116272330284119 1.6384628973901261 3.9826811440289012 13.669892361387612 8.4917254336178285 2.3766930792480703 0.90418727695941914 3.5267507862299672 3.0165328662842539 3.4368501342833033 4.0078966133296481 13.2475189268589 5.9661362022161502 5.9559418708086014 542.0630469918251 61.046753332018852 2.9370970129966718 0.45901180431246658 3.6323912069201469 4.9604231268167496 20.583744503557682 1.9207758158445356 1020.8337646275759 6.7951667159795752 47.498373329639435
leaf_count=54003 49202 1248 133 26 2 16 29 18 725 434 124 7 121 45 23 52 57 25 25 2291 256 24 18 19 21 95 8 4318 39 198
internal_value=-0.00147304 0.0183773 0.0641904 0.0661689 0.0672105 0.0128026 -0.0284624 0.00261764 -0.0284671 -0.0385641 -0.0405069 0.00378567 0.0674404 0.0562572 0.0471341 0.067821 0.0579792 0.0450769 0.0589097 0.0678473 0.0596361 0.0331811 -0.046841 0.0622808 0.0751628 0.0677441 0.0426411 0.0682362 0.0662427 0.0384414
internal_weight=4277.1 3033.67 1816.51 1778.53 1759.17 7.40343 37.9791 14.1129 19.3614 10.1302 16.9508 3.28088 1751.77 57.6543 32.1332 1694.11 28.6064 15.3589 11.9221 1693.77 76.5846 15.5378 23.8662 11.5299 7.89752 25.5211 4.93731 1617.19 596.357 54.2935
internal_count=113602 64400 10397 8650 7768 149 1747 481 882 463 856 131 7619 399 251 7220 130 73 50 7218 372 116 1266 64 45 148 53 6846 2528 237
is_linear=0
shrinkage=0.05


Tree=26
num_leaves=31
num_cat=0
split_feature=10 10 4 4 2 0 0 2 7 7 2 1 4 2 1 2 3 4 0 2 3 1 2 1 5 7 0 2 2 7
split_gain=1551.81 3525.26 121.447 64.0401 8.27016 22.2223 8.03439 8.08607 7.29866 3.38994 3.08239 9.07227 2.94937 2.20264 8.89351 2.48608 2.15319 2.07917 5.04319 13.7994 1.91213 1.8434 6.09765 4.1063 2.25586 1.51514 1.55347 1.44832 3.40027 1.44478
threshold=1.0992168415445007 1.0991991879725476 3.5000000000000004 21.500000000000004 4.8500000000000005 33.410000000000004 31.720000000000002 10.550000000000002 1.5000000000000002 2.5000000000000004 6.6500000000000012 28.345000000000002 20.500000000000004 6.0500000000000007 34.470000000000006 5.2500000000000009 0.75000000000000189 4.5000000000000009 41.030000000000008 1.4500000000000002 5.6299999999999981 41.030000000000008 -0.94999999999999984 39.845000000000006 1.5000000000000002 22.500000000000004 36.655000000000008 0.95000000000000007 1.6500000000000001 11.500000000000002
decision_type=2 2 2 2 2 2 2 2 2 2 2 2 2 2 2 2 2 2 2 2 2 2 2 2 2 2 2 2 2 2
left_child=1 -1 4 6 20 9 7 -4 -5 -6 -10 -12 16 14 15 -14 -8 18 19 -18 -3 22 23 -16 -24 26 -21 -20 -29 -19
right_child=-2 2 3 8 5 -7 12 -9 10 -11 11 -13 13 -15 21 -17 17 29 27 25 -22 -23 24 -25 -26 -27 -28 28 -30 -31
leaf_value=-0.04987510883850306 -0.049767300864977382 -0.048735716847957633 -0.044233426697537312 0.05183196352886367 0.027102638166658755 0.10206505169543532 -0.062931973744200828 0.061646597658191499 -0.051081952667281098 -0.051489283720510121 -0.051003180864692403 0.1326802101516035 -0.051560724388680347 0.074011151171237383 -0.05812746079876363 0.033288734284661038 -0.049694392248375706 0.063985033414938983 0.070437309932974659 0.043218483498027774 0.051658959147561162 0.070736890118234516 0.028271042073589277 0.043925339147576528 0.065723794033529431 0.032664234162570326 0.089067532251480841 0.021751664323257171 0.065169454866932805 0.067108404948047193
leaf_weight=1160.5104760956019 1185.9355663768947 22.332956014201049 3.3705941792577496 2.4809002615511444 1.6523827705532301 3.980043724179267 0.32604825496673484 3.8777862936258316 13.016988432034852 8.0880368985235673 2.2630426492542024 0.95628846064209927 2.5866724941879506 11.070731958374379 2.0526475477963682 1.2957374788820741 3.8751309774816027 586.77748190611601 35.598805606365204 2.9685136973857862 0.48457210697233577 13.913989841938017 5.0866134762764039 1.896306589245796 19.183442581444979 3.6210046596825123 4.8922389596700668 5.9503087401390102 18.621706590056419 1003.3615241348743
leaf_count=54003 49202 1248 133 26 29 18 2 16 725 434 124 7 112 50 36 12 52 2528 152 24 18 61 24 8 96 19 21 25 79 4318
internal_value=-0.00147253 0.0179683 0.062062 0.0639467 -0.0281575 0.00251887 0.0649418 0.012411 -0.0280429 -0.0381568 -0.0402477 0.00355918 0.0651628 0.0539876 0.0491702 -0.0232426 0.0655457 0.0655709 0.0574653 0.0318905 -0.0466037 0.0558428 0.048499 -0.00912122 0.0578743 0.0594257 0.0717532 0.0639925 0.0546555 0.0659558
internal_weight=4132.03 2946.09 1785.58 1749.04 36.538 13.7205 1730.33 7.24838 18.7172 9.74042 16.2363 3.21933 1723.08 57.0861 46.0154 3.88241 1665.99 1665.67 75.5277 15.3569 22.8175 42.133 28.219 3.94895 24.2701 11.4818 7.86075 60.1708 24.572 1590.14
internal_count=113602 64400 10397 8650 1747 481 7768 149 882 463 856 131 7619 399 349 124 7220 7218 372 116 1266 225 164 44 120 64 45 256 104 6846
is_linear=0
shrinkage=0.05


Tree=27
num_leaves=31
num_cat=0
split_feature=10 10 4 4 2 0 0 2 6 2 0 2 4 1 2 1 1 1 2 0 3 4 0 2 3 1 2 3 2 2
split_gain=1464.51 3273.48 110.954 58.6013 7.87854 20.3482 7.3527 7.43567 6.18075 8.19446 3.13643 4.04102 2.90054 2.79048 2.03847 9.49953 2.72661 2.05035 2.57136 2.28903 1.98092 1.98822 4.68224 12.5967 1.80379 1.49366 3.33712 1.44858 1.38961 3.19254
threshold=1.0992168415445007 1.0991991879725476 3.5000000000000004 21.500000000000004 4.8500000000000005 33.410000000000004 31.720000000000002 10.550000000000002 1.5000000000000002 4.4500000000000011 35.410000000000004 6.6500000000000012 20.500000000000004 30.280000000000005 2.5500000000000003 37.090000000000011 36.910000000000004 41.030000000000008 -0.34999999999999992 42.720000000000006 0.75000000000000189 4.5000000000000009 41.030000000000008 1.4500000000000002 5.6299999999999981 33.030000000000008 8.8500000000000032 6.1299999999999981 0.95000000000000007 1.6500000000000001
decision_type=2 2 2 2 2 2 2 2 2 2 2 2 2 2 2 2 2 2 2 2 2 2 2 2 2 2 2 2 2 2
left_child=1 -1 4 6 24 13 7 -4 9 -5 11 -11 20 -6 15 16 -14 18 -17 -20 -8 22 23 -22 -3 26 -16 -25 -24 -30
right_child=-2 2 3 8 5 -7 12 -9 -10 10 -12 -13 14 -15 25 17 -18 -19 19 -21 21 -23 28 27 -26 -27 -28 -29 29 -31
leaf_value=-0.049755294482866329 -0.049631369164849365 -0.048582134154539595 -0.043551118230985036 -0.051134919433841623 -0.051008061243605129 0.09743171969395055 -0.062143789914143016 0.059178987601664491 -0.050982373149601391 -0.055029271915019079 0.11195861260398852 0.077691277588414154 -0.052293141204570695 0.018386623898360911 0.0054857025117811542 0.0065499253215934861 0.055843956871452528 0.068187352213556415 0.078486234481754638 0.032307178002872132 -0.048859958173167947 0.063837861775902574 0.068201977094223709 0.027845466058277479 0.046690266821690696 0.068554425006692496 0.090167398438187274 0.067748548011356421 0.020736611767817291 0.062944416186113836
leaf_weight=1106.5034789461643 1131.1091166771948 21.309245467185978 3.2551777027547351 3.1459532938897636 7.5776270367205125 3.9612708836793891 0.31398016214370628 3.8385003954172134 11.039756907150148 1.0065592564642436 1.569397300481796 1.3331355210393665 3.0162743739783795 1.7910700943320987 3.0444967541843679 3.9892834052443531 0.72257155366241921 12.797609001398085 4.9639176428318006 5.8413502126932144 3.7475028280168763 1561.4808754920959 34.943898648023605 3.1355982087552539 0.50867084227502246 20.161765720695257 1.8829484134912489 8.2811875492334348 5.930022835731509 18.323552325367928
leaf_count=54003 49202 1248 133 168 443 18 2 16 644 33 7 30 118 20 45 23 7 57 21 25 52 6846 152 28 18 95 8 36 25 79
internal_value=-0.00147128 0.0175796 0.0600838 0.0618832 -0.0278575 0.002428 0.0628361 0.0120378 -0.0276218 0.00893293 0.0572743 0.0205936 0.063049 -0.0377415 0.0519027 0.043398 -0.0313945 0.0535326 0.040856 0.0535217 0.0634334 0.0634575 0.0554697 0.0306805 -0.0463609 0.0625233 0.0378455 0.0567892 0.0618198 0.0526246
internal_weight=3990.53 2859.42 1752.91 1717.77 35.1479 13.33 1699.67 7.09368 18.0948 7.05505 3.90909 2.33969 1692.58 9.3687 56.4202 31.331 3.73885 27.5922 14.7946 10.8053 1636.16 1635.84 74.3618 15.1643 21.8179 25.0892 4.92745 11.4168 59.1975 24.2536
internal_count=113602 64400 10397 8650 1747 481 7768 149 882 238 70 63 7619 463 399 251 125 126 69 46 7220 7218 372 116 1266 148 53 64 256 104
is_linear=0
shrinkage=0.05


Tree=28
num_leaves=31
num_cat=0
split_feature=10 10 4 4 2 0 0 2 7 7 2 1 4 2 1 2 4 0 2 1 2 1 5 3 7 7 0 4 6 2
split_gain=1382.45 3043.18 101.562 53.7007 7.503 18.6842 6.74709 6.84387 6.29489 3.23288 2.89105 7.64605 2.864 1.94535 6.49686 3.52664 1.88657 4.34419 11.5295 1.79777 4.88547 2.90742 2.21275 1.70916 1.52016 18.7156 13.2342 15.1197 13.2368 2.17541
threshold=1.0992168415445007 1.0991991879725476 3.5000000000000004 21.500000000000004 4.8500000000000005 33.410000000000004 31.720000000000002 10.550000000000002 1.5000000000000002 2.5000000000000004 6.6500000000000012 28.345000000000002 20.500000000000004 6.0500000000000007 34.530000000000008 5.2500000000000009 4.5000000000000009 41.030000000000008 1.4500000000000002 40.720000000000006 -0.94999999999999984 39.780000000000008 1.5000000000000002 5.6299999999999981 11.500000000000002 10.500000000000002 38.030000000000008 8.5000000000000018 6.5000000000000009 12.550000000000002
decision_type=2 2 2 2 2 2 2 2 2 2 2 2 2 2 2 2 2 2 2 2 2 2 2 2 2 2 2 2 2 2
left_child=1 -1 4 6 23 9 7 -4 -5 -6 -10 -12 16 14 15 -14 17 18 -8 20 21 -16 -22 -3 25 29 -27 28 -28 -18
right_child=-2 2 3 8 5 -7 12 -9 10 -11 11 -13 13 -15 19 -17 24 -19 -20 -21 22 -23 -24 -25 -26 26 27 -29 -30 -31
leaf_value=-0.04963529313278614 -0.049495081474424933 -0.048425842926992292 -0.042857661092763351 0.045344480592493658 0.026218260211714722 0.093340376224500796 -0.048028848655985987 0.056885041223005764 -0.050977868627047264 -0.051423427605807343 -0.050939658195097652 0.11650077984448813 -0.051535543894857629 0.068990398143978976 -0.057310397586296559 0.040866777918863763 0.06302457304722392 0.059802039217140751 0.054431359250815381 0.065334706714956378 0.022042429654533447 0.035700600867997964 0.060218549265027448 0.042408256284865581 0.063051658807679628 -0.033278170896048946 0.047531767758833984 0.060230558719639872 -0.049909989435118041 0.030753050532299271
leaf_weight=1055.0196855897084 1078.8328540697694 20.333768627606336 3.1452632760629049 2.5500968135893372 1.6385276820510606 3.9289416782557955 3.6248644497245541 3.7947403192520142 11.798679944127796 7.3767702020704746 2.1101363375782962 1.0072470828890798 2.5012547438964239 10.802814815193413 1.74969770386815 1.7586337979882953 508.44406904280186 58.163095504045486 11.319254633039234 14.903689712285994 4.8435138538479867 1.6163574308156965 17.544894743710756 0.53140876442193885 965.49557441473007 6.884188972413539 6.8199539035558683 31.616545006632805 7.127771183848381 5.2762472331523886
leaf_count=54003 49202 1248 133 26 29 18 52 16 725 434 124 7 115 50 33 14 2269 256 64 68 23 7 89 18 4319 39 30 138 30 23
internal_value=-0.00146926 0.0172102 0.058243 0.0599647 -0.0275602 0.00234463 0.0608783 0.0116809 -0.0272517 -0.0373121 -0.039663 0.00316145 0.0610839 0.0499401 0.0453585 -0.0133886 0.0614709 0.0536239 0.0295785 0.0515136 0.0435156 -0.0126471 0.0519595 -0.0461124 0.0618454 0.0597884 0.0313376 0.0411002 -0.00226435 0.0626931
internal_weight=3852.56 2773.73 1718.71 1684.9 33.8094 12.9442 1667.43 6.94 17.4662 9.0153 14.9161 3.11738 1660.49 55.7209 44.918 4.25989 1604.77 73.1072 14.9441 40.6582 25.7545 3.36606 22.3884 20.8652 1531.66 566.169 52.4485 45.5643 13.9477 513.72
internal_count=113602 64400 10397 8650 1747 481 7768 149 882 463 856 131 7619 399 349 129 7220 372 116 220 152 40 112 1266 6848 2529 237 198 60 2292
is_linear=0
shrinkage=0.05


Tree=29
num_leaves=31
num_cat=0
split_feature=10 10 4 4 2 1 1 7 2 3 2 1 4 3 2 1 2 1 3 1 7 7 7 6 4 3 1 1 4 7
split_gain=1305.3 2832.26 93.1419 49.326 7.14139 17.3565 6.22466 5.86432 5.62106 9.03945 2.78879 6.84892 2.47812 1.87027 1.8676 6.09824 4.75621 5.08635 1.62561 1.54397 1.53061 7.48298 13.2059 14.0205 14.476 11.4717 2.82958 7.13055 1.57257 2.06839
threshold=1.0992168415445007 1.0991991879725476 3.5000000000000004 21.500000000000004 4.8500000000000005 30.155000000000005 31.530000000000005 1.5000000000000002 8.9500000000000011 6.1299999999999981 6.6500000000000012 28.345000000000002 20.500000000000004 0.94000000000000317 2.5500000000000003 38.530000000000008 0.55000000000000016 36.970000000000006 5.6299999999999981 41.030000000000008 7.5000000000000009 11.500000000000002 10.500000000000002 6.5000000000000009 8.5000000000000018 2.5599999999999974 34.845000000000006 34.410000000000004 4.5000000000000009 18.500000000000004
decision_type=2 2 2 2 2 2 2 2 2 2 2 2 2 2 2 2 2 2 2 2 2 2 2 2 2 2 2 2 2 2
left_child=1 -1 4 6 18 -6 8 -5 9 -4 -9 -12 13 -8 15 16 -14 -18 -3 -17 -15 22 26 -24 -25 -26 27 -22 29 -23
right_child=-2 2 3 7 5 -7 12 10 -10 -11 11 -13 14 20 -16 19 17 -19 -20 -21 21 28 23 24 25 -27 -28 -29 -30 -31
leaf_value=-0.049514813218669837 -0.049358105768115508 -0.048266515480013372 -0.038824776006149392 0.042185863797005514 -0.050929954634199706 0.067203338322959591 -0.062154661134325918 -0.050930137603825143 0.05266369736014246 0.055347362888827058 -0.050893153664531759 0.10725083337514296 -0.056141388535743388 0.062706824670682712 0.05968057065386706 0.039000138444218797 -0.029142432391903131 0.095581564605929856 0.038682598457410414 0.064157177633652362 0.061941497780800603 0.064222053265081305 0.054915545773470312 -0.051713496457960723 -0.028772882059737999 0.053993044474316791 0.061027813514530821 0.0072177337515378637 0.061234796041967535 0.042353877702503914
leaf_weight=1005.946580988355 1028.9942232146859 19.404333840124313 5.3384590726345795 2.6025699675083187 6.9047766383737308 5.6563524790108204 0.31415128707885642 11.233504679985343 17.79139769077301 4.875413291156292 2.0090116392821069 1.0385472811758516 2.5677200537174967 361.17822008952498 22.651669187471271 12.102357760071756 1.5951530057936909 1.6765624731779096 0.5528763197362413 12.295310109853743 17.183604627847675 18.728808207437396 26.739621289074421 8.1737895011901873 6.1387359574437168 13.165413841605185 125.18977881968021 9.1077153086662275 941.28282430768013 25.583795424550772
leaf_count=54003 49202 1248 199 26 443 38 2 725 78 23 124 7 81 1655 121 53 40 7 18 57 77 88 120 34 36 58 570 40 4302 127
internal_value=-0.00146637 0.0168601 0.0565311 0.058182 -0.0272685 0.00226618 0.0590608 -0.0268421 0.0356911 0.00612665 -0.0394217 0.00299916 0.0594684 0.0598309 0.0488251 0.0406928 -0.00520488 0.0347713 -0.0458578 0.0516781 0.0598556 0.0589911 0.0503169 0.0291407 0.0040584 0.0276734 0.0578962 0.0429843 0.0608015 0.0515965
internal_weight=3718.02 2689.03 1683.08 1650.56 32.5183 12.5611 1633.68 16.8836 28.0053 10.2139 14.2811 3.04756 1605.68 1552.79 52.8888 30.2371 5.83944 3.27172 19.9572 24.3977 1552.47 1191.29 205.699 54.2176 27.4779 19.3041 151.481 26.2913 985.595 44.3126
internal_count=113602 64400 10397 8650 1747 481 7768 882 300 222 856 131 7468 7109 359 238 128 47 1266 110 7107 5452 935 248 128 94 687 117 4517 215
is_linear=0
shrinkage=0.05


Tree=30
num_leaves=31
num_cat=0
split_feature=10 10 4 4 2 1 4 7 2 1 2 0 2 3 0 2 3 2 0 3 3 1 2 0 0 3 0 0 0 6
split_gain=1217.03 2624.55 80.6037 46.9816 10.1851 11.5892 7.77895 6.44671 5.50893 4.44965 5.06314 3.12028 4.37697 5.46395 6.41113 3.19482 2.29693 4.63795 2.09509 1.86037 1.73443 1.70356 1.63749 10.8841 4.34482 6.50392 1.86738 4.5647 9.24095 9.23085
threshold=1.0992168415445007 1.0991991879725476 3.5000000000000004 21.500000000000004 6.3500000000000005 29.970000000000002 20.500000000000004 5.5000000000000009 4.4500000000000011 31.530000000000005 4.8500000000000005 40.280000000000008 5.0500000000000007 1.5600000000000007 36.655000000000008 -1.6499999999999997 3.6199999999999997 3.6500000000000008 33.530000000000008 1.9399999999999997 5.6299999999999981 33.030000000000008 7.4500000000000011 34.155000000000008 36.530000000000008 1.9350000000000007 45.655000000000008 45.155000000000008 45.280000000000008 11.500000000000002
decision_type=2 2 2 2 2 2 2 2 2 2 2 2 2 2 2 2 2 2 2 2 2 2 2 2 2 2 2 2 2 2
left_child=1 -1 4 6 16 -6 9 8 -5 10 -4 12 13 14 -8 -13 -3 20 19 -10 -18 -14 23 -11 25 -25 27 -26 29 -29
right_child=-2 2 3 7 5 -7 11 -9 18 22 -12 15 21 -15 -16 -17 17 -19 -20 -21 -22 -23 -24 24 26 -27 -28 28 -30 -31
leaf_value=-0.049394053514750118 -0.049062186163606331 -0.050775760975949824 -0.028765943988418582 -0.05166182612739556 -0.050878063321962985 0.069947319613050674 -0.04113135931652314 -0.050762796548783552 -0.051651782293542885 -0.047857401658525929 0.044426275523092591 0.018033409647607686 0.023327246643571758 -0.055835909542226364 0.053307236121090444 0.05757491638265521 -0.05085192019449028 0.051403099231453545 0.079654284595627761 0.064160139936600122 0.046459515261370966 0.059405998517399021 0.061816808448413522 0.059042281936546363 0.057452160093179917 -0.010257830521121322 0.060025605642604431 0.050018022958381918 0.055161291060717967 -0.021318145281244365
leaf_weight=959.45102800428867 979.09292642120272 16.680644445121292 2.6752158896997598 2.0212434744462398 3.2268036082386953 5.1554272994399071 2.6343013467267173 10.70388327538967 0.74508589319884799 2.453170543536543 20.23388197645545 6.4550182968378094 5.531365940347313 2.9607281833887091 5.6548198740929365 24.485856100916862 4.5863228915259233 1.8440227610990403 2.344762846827507 0.64863953832536936 0.50868516415357579 8.0095949769020063 245.78741629421711 8.0053528472781164 631.74202066659927 5.8670188188552848 558.00223605334759 8.8012382686138153 47.818371459841728 9.3550126701593399
leaf_count=54018 49098 1151 53 84 220 26 87 753 39 26 158 28 57 65 39 115 289 39 10 5 16 36 1145 36 2951 33 2609 41 222 40
internal_value=-0.00153854 0.0163275 0.0546612 0.0562202 -0.0239154 0.0234347 0.0570868 -0.0278115 0.0148412 0.0577506 0.0358792 0.0387356 0.0255185 0.00246896 0.0232944 0.0493256 -0.0407192 -0.0165443 0.0507965 0.00224706 -0.0411364 0.0446681 0.0580807 0.0573588 0.0575621 0.0297333 0.0578695 0.0561452 0.0436306 0.013262
internal_weight=3583.48 2604.39 1644.94 1612.94 32.0019 8.38223 1596.47 16.4636 5.75973 1540.74 22.9091 55.7317 24.7908 11.2498 8.28912 30.9409 23.6197 6.93903 3.73849 1.39373 5.09501 13.541 1517.83 1272.04 1269.59 13.8724 1255.72 697.717 65.9746 18.1563
internal_count=113489 64391 10373 8632 1741 246 7741 891 138 7314 211 427 284 191 126 143 1495 344 54 44 305 93 7103 5958 5932 69 5863 3254 303 81
is_linear=0
shrinkage=0.05


Tree=31
num_leaves=31
num_cat=0
split_feature=10 10 4 4 2 1 4 7 2 1 2 0 2 2 5 7 0 7 7 0 2 1 2 0 0 5 9 0 0 0
split_gain=1149.33 2446.35 74.081 43.2028 9.59802 10.7097 7.52505 6.1552 5.06951 4.36306 4.60627 2.90737 4.05719 3.0361 2.4755 2.11183 1.83798 1.70966 3.47675 4.56587 2.06693 1.82079 1.5859 10.0504 4.17673 5.83032 2.62868 1.84324 4.35269 8.68668
threshold=1.0992168415445007 1.0991991879725476 3.5000000000000004 21.500000000000004 6.3500000000000005 29.970000000000002 20.500000000000004 5.5000000000000009 4.4500000000000011 31.530000000000005 4.8500000000000005 40.280000000000008 1.3500000000000003 -1.6499999999999997 1.5000000000000002 4.5000000000000009 33.530000000000008 22.500000000000004 25.500000000000004 35.030000000000008 3.6500000000000008 33.590000000000011 7.4500000000000011 34.155000000000008 36.530000000000008 2.5000000000000004 1.0000000180025095e-35 45.655000000000008 45.155000000000008 45.280000000000008
decision_type=2 2 2 2 2 2 2 2 2 2 2 2 2 2 2 2 2 2 2 2 2 2 2 2 2 2 2 2 2 2
left_child=1 -1 4 6 17 -6 9 8 -5 10 -4 12 -8 -13 -15 -14 -10 -3 19 -19 21 -21 23 -11 25 -25 -27 28 -26 -30
right_child=-2 2 3 7 5 -7 11 -9 16 22 -12 13 15 14 -16 -17 -18 18 -20 20 -22 -23 -24 24 27 26 -28 -29 29 -31
leaf_value=-0.04927177477632555 -0.048915731181958133 -0.04901381530019381 -0.027690716510586744 -0.051579168691568714 -0.050835556760817538 0.067411544069288551 -0.029156183437759588 -0.050725163687224496 0.0021343612533272671 -0.046851789825456659 0.042551563187452082 0.017154080896034696 0.070224616078749302 0.025122200796208249 0.064200070193598427 0.025727077862017389 0.074968136853106201 -0.051060280517598089 -0.050752705645476792 -0.050978568247564963 0.13077224553231995 0.10808408123388627 0.060186750393423409 0.071294773218739727 0.055813259425577334 -0.022670803933984535 0.032352965295628235 0.058419422366949449 0.012702975940388368 0.053551716619920676
leaf_weight=914.8664180226624 934.06078635714948 16.243251514621086 2.6410296717658666 1.9256696477532376 3.0719323735684139 5.0837220028042793 3.0814265524968532 10.189211980439721 1.3664030656218531 2.3823481649160376 20.073216756805778 6.4468228220939663 3.1202179882675436 5.1624931693077114 18.851433262228966 18.333470674231648 2.3661675006151199 1.1817833678796881 3.6328260377049446 0.42203253507614114 0.86722818948328495 0.3136044954881072 239.97023436427116 5.0443810224533072 618.1258419342339 4.5245603173971158 4.1720638200640678 545.00824475288391 18.025598272681236 46.818418607115746
leaf_count=54018 49098 1111 53 84 220 26 98 753 44 26 158 28 24 24 91 162 10 76 259 24 6 19 1145 25 2951 19 25 2609 81 222
internal_value=-0.00153323 0.0160065 0.053136 0.0546357 -0.0236411 0.0228722 0.0554692 -0.0275041 0.0143117 0.0561323 0.0343844 0.0373025 0.0244931 0.0476202 0.0557991 0.0321988 0.0483055 -0.0403814 -0.0185318 0.0235032 0.0784785 0.0168304 0.0564651 0.0557473 0.0559441 0.0285308 0.00372595 0.0562509 0.0545204 0.0421964
internal_weight=3457.37 2523.31 1608.45 1577.63 30.8164 8.15565 1561.78 15.8475 5.65824 1506.79 22.7142 54.9959 24.5351 30.4607 24.0139 21.4537 3.73257 22.6607 6.41747 2.78465 1.60287 0.735637 1484.07 1244.1 1241.72 13.741 8.69662 1227.98 682.97 64.844
internal_count=113489 64391 10373 8632 1741 246 7741 891 138 7314 211 427 284 143 115 186 54 1495 384 125 49 43 7103 5958 5932 69 44 5863 3254 303
is_linear=0
shrinkage=0.05


Tree=32
num_leaves=31
num_cat=0
split_feature=10 10 4 4 2 1 4 7 2 1 2 3 2 1 7 3 7 7 2 1 3 7 1 3 2 1 2 2 5 1
split_gain=1085.48 2281.49 68.127 39.7813 9.05637 9.90628 7.38867 5.88596 4.65358 4.42009 3.35263 4.30735 2.52146 3.50047 2.87478 2.26502 4.21095 4.59819 2.21605 6.50409 7.05662 10.4061 6.5989 4.86776 2.98849 1.85463 3.22218 2.68946 8.61864 2.7717
threshold=1.0992168415445007 1.0991991879725476 3.5000000000000004 21.500000000000004 6.3500000000000005 29.970000000000002 20.500000000000004 5.5000000000000009 4.4500000000000011 32.410000000000004 6.5500000000000007 6.0599999999999978 -2.4499999999999997 40.720000000000006 3.5000000000000004 3.6199999999999997 22.500000000000004 25.500000000000004 7.4500000000000011 34.845000000000006 2.2150000000000003 8.5000000000000018 34.720000000000006 1.9350000000000007 1.4500000000000002 33.030000000000008 6.6500000000000012 5.0500000000000007 1.5000000000000002 39.590000000000011
decision_type=2 2 2 2 2 2 2 2 2 2 2 2 2 2 2 2 2 2 2 2 2 2 2 2 2 2 2 2 2 2
left_child=1 -1 4 6 15 -6 9 8 -5 10 11 -4 -8 14 -14 -3 -17 -18 19 20 21 -11 24 -23 -22 26 -16 28 -27 -30
right_child=-2 2 3 7 5 -7 12 -9 -10 18 -12 -13 13 -15 25 16 17 -19 -20 -21 22 23 -24 -25 -26 27 -28 -29 29 -31
leaf_value=-0.049148160111921288 -0.048767305948312162 -0.050703782180994618 -0.031063169042396501 -0.051500696921345762 -0.050795103450315862 0.065018212636928904 -0.0049493850910075849 -0.050689408379227641 0.045686940264425373 0.062453443734286768 0.045791197399735716 0.040968303255487407 0.068029613545174797 0.064192131595811677 -0.053024308621778066 -0.044120219990158596 0.097511706089339178 -0.050870049356655657 0.059784529213663666 0.054986616945427197 0.015869332866233408 0.0092338196174371195 0.0037788849349600418 -0.064950880652205292 0.067002741106834643 -0.03869360832421509 0.027875460298881972 0.056755559195623431 0.02272372197246475 0.06353450766946292
leaf_weight=872.38197335135192 891.14276981912553 15.166898685507482 3.546251801773904 1.8344742171466339 2.9243809562176457 5.0092213675379753 3.5431615114212027 9.6989425513893348 3.7485484043136239 5.1947482824325553 37.467440001666546 5.0039328373968601 4.8506622966378918 10.630676358938215 1.8703027116134752 4.3411987833678713 1.3630318194627764 0.84628955833613861 213.5845093280077 1167.1999260112643 3.2839559428393903 4.5665630847215635 6.4713809788227072 4.2872983925044537 22.002892337739468 4.5183180756866994 3.5998097490519285 7.9700622260570517 10.561913215555252 6.8643188178539267
leaf_count=54018 49098 1151 106 84 220 26 24 753 54 24 203 26 41 55 79 259 29 56 1047 5699 21 33 30 19 106 37 28 37 94 32
internal_value=-0.00152734 0.0156952 0.0516811 0.0531244 -0.0233903 0.0223286 0.0539277 -0.0271464 0.0137529 0.0545962 0.0393441 0.0110927 0.0358335 0.0386743 0.0319322 -0.0400919 -0.0155215 0.0406735 0.0550882 0.0542613 0.0357797 0.00627343 0.0488322 -0.0266886 0.0603621 0.0269839 0.000214775 0.0318788 0.0228438 0.0387994
internal_weight=3335.48 2444.33 1571.95 1542.3 29.651 7.9336 1527.02 15.282 5.58302 1472.61 46.0176 8.55018 54.4092 50.8661 40.2354 21.7174 6.55052 2.20932 1426.59 1213.01 45.8068 14.0486 31.7582 8.85386 25.2868 35.3847 5.47011 29.9146 21.9446 17.4262
internal_count=113489 64391 10373 8632 1741 246 7741 891 138 7314 335 132 427 403 348 1495 344 85 6979 5932 233 76 157 52 127 307 107 200 163 126
is_linear=0
shrinkage=0.05


Tree=33
num_leaves=31
num_cat=0
split_feature=10 10 4 4 2 1 4 7 6 1 2 0 0 2 2 3 7 7 2 0 7 3 0 0 0 6 4 2 3 0
split_gain=1025.28 2129.14 62.7403 36.7005 8.53779 9.17063 7.15242 5.63566 4.46071 4.31354 3.10579 5.24362 2.68765 3.62714 2.8491 2.23574 3.89762 4.01512 2.1738 7.93212 8.15272 2.75075 1.89012 4.36781 8.48901 8.69587 6.53516 4.61008 2.61863 2.98591
threshold=1.0992168415445007 1.0991991879725476 3.5000000000000004 21.500000000000004 6.3500000000000005 29.970000000000002 20.500000000000004 5.5000000000000009 1.5000000000000002 32.410000000000004 6.5500000000000007 35.030000000000008 40.280000000000008 1.3500000000000003 -1.6499999999999997 3.6199999999999997 22.500000000000004 25.500000000000004 7.4500000000000011 36.530000000000008 8.5000000000000018 1.9350000000000007 45.655000000000008 45.155000000000008 45.280000000000008 11.500000000000002 8.5000000000000018 -1.5499999999999998 5.0000000000000027 40.530000000000008
decision_type=2 2 2 2 2 2 2 2 2 2 2 2 2 2 2 2 2 2 2 2 2 2 2 2 2 2 2 2 2 2
left_child=1 -1 4 6 15 -6 9 8 -5 10 11 -4 13 -8 -14 -3 -17 -18 19 20 -11 -22 23 27 25 -25 -27 -21 -29 -30
right_child=-2 2 3 7 5 -7 12 -9 -10 18 -12 -13 14 -15 -16 16 17 -19 -20 22 21 -23 -24 24 -26 26 -28 28 29 -31
leaf_value=-0.049022929080187655 -0.048616584170442324 -0.050669108469666227 -0.053467763883819852 0.044374074244295368 -0.050756604671402451 0.062748482892265534 -0.028911867214885281 -0.050655434497977284 -0.051328319074271746 0.057784286521131205 0.044230455174305267 0.034807056577386634 0.015203667017117268 0.029533616880612887 0.05291065279469085 -0.04365118049184874 0.08894956323177991 -0.05082714830844004 0.058347266474351983 0.0015998680770449116 0.0087569257918301471 -0.049669779616155492 0.055515420732906468 0.046399834836865217 0.050479476031454897 -0.064310725780203831 0.01972132528833383 0.054927458243697248 0.019965518517715143 0.04899043084815255
leaf_weight=831.90231143403798 850.24360121134669 14.436823965981608 2.3164068097248656 3.7309035323560229 2.7838139403611413 4.9328536912798882 3.0347555121406939 9.2319511985406262 1.8074423810467122 6.5845984667539588 36.86555402353406 6.1451597642153502 6.4036967903375652 21.192993142642081 23.011357367038727 4.1727390196174374 1.41802622564137 0.80567786842584599 208.04466709494591 4.3631682917475691 4.574287433177231 3.5998895168304443 519.15790645778179 8.3965312838554382 44.744828388094902 4.8051735013723373 4.4622926861047745 459.83373001217842 9.6024477779865247 114.72951817512512
leaf_count=54018 49098 1151 91 37 220 26 98 753 101 31 203 41 28 186 115 259 29 56 1047 25 33 19 2609 41 222 20 20 2295 47 570
internal_value=-0.00152103 0.0153954 0.050303 0.0516944 -0.0231255 0.0218011 0.0524709 -0.0267338 0.0131415 0.0531395 0.0379601 0.0106413 0.0345446 0.0222128 0.0447018 -0.0397664 -0.0151588 0.0383066 0.0536334 0.0528057 0.0163792 -0.0169741 0.0532652 0.0514705 0.0388931 0.00954347 -0.0238492 0.0528043 0.0531867 0.0467488
internal_weight=3217.34 2367.09 1535.19 1506.64 28.5499 7.71667 1491.87 14.7703 5.53835 1438.23 45.3271 8.46157 53.6428 24.2277 29.4151 20.8333 6.39644 2.2237 1392.9 1184.85 14.7588 8.17418 1170.1 650.938 62.4088 17.664 9.26747 588.529 584.166 124.332
internal_count=113489 64391 10373 8632 1741 246 7741 891 138 7314 335 132 427 284 143 1495 344 85 6979 5932 83 52 5849 3240 303 81 40 2937 2912 617
is_linear=0
shrinkage=0.05


Tree=34
num_leaves=31
num_cat=0
split_feature=10 10 4 4 2 1 4 7 1 2 2 0 0 2 3 0 2 5 3 2 2 0 7 3 0 0 0 5 2 3
split_gain=968.487 1988 57.8348 33.8868 8.04686 8.49553 7.06956 5.39663 4.22121 4.10117 2.92906 2.70563 2.55873 3.42726 4.80859 5.69629 2.71224 2.34109 2.20769 3.73967 2.1297 7.54528 7.53016 2.48889 1.85788 4.17294 7.96625 11.1204 4.37705 2.55071
threshold=1.0992168415445007 1.0991991879725476 3.5000000000000004 21.500000000000004 6.3500000000000005 29.970000000000002 20.500000000000004 5.5000000000000009 32.410000000000004 4.4500000000000011 4.8500000000000005 35.910000000000004 40.280000000000008 5.0500000000000007 1.5600000000000007 36.655000000000008 -1.6499999999999997 1.5000000000000002 3.6199999999999997 3.6500000000000008 7.4500000000000011 36.530000000000008 8.5000000000000018 1.9350000000000007 45.655000000000008 45.155000000000008 45.280000000000008 2.5000000000000004 -1.5499999999999998 5.0000000000000027
decision_type=2 2 2 2 2 2 2 2 2 2 2 2 2 2 2 2 2 2 2 2 2 2 2 2 2 2 2 2 2 2
left_child=1 -1 4 6 18 -6 8 9 10 -5 11 -4 13 14 15 -8 -14 -18 -3 -20 21 22 -10 -24 25 28 27 -27 -23 -30
right_child=-2 2 3 7 5 -7 12 -9 20 -11 -12 -13 16 -15 -16 -17 17 -19 19 -21 -22 24 23 -25 -26 26 -28 -29 29 -31
leaf_value=-0.048895798141009195 -0.048463241371881807 -0.050636161460822129 -0.053933364180502152 -0.051410824000912493 -0.050719963401765544 0.060586800495063126 -0.041279715311705385 -0.050623152535764576 0.056169484127727987 0.041761516935978529 0.041206016177619362 0.025253326943618211 0.014464474321643465 0.038510279313930931 -0.055594466417378058 0.048095696279307709 0.021057352379174683 0.059931457794088275 -0.03960268952443486 0.045501261379082107 0.056987601415111083 0.0015198946292905699 0.008305483014129391 -0.047281912929504046 0.054146914823362119 -0.027638444749564076 0.049085372676534192 0.052334574410714423 0.053533219440536475 0.045373111269038952
leaf_weight=793.33608139492571 811.27190669160336 13.74144169222564 1.5614001806825388 1.7199841793626536 2.6499105328693977 4.8554012626409531 2.6015783259645122 8.7871623644605261 6.4389243721961966 3.7694154651835561 39.586104661226273 3.4893592335283756 6.3946393877267864 13.067781545221804 2.8252122560515991 5.6643633544445038 4.9684157669544247 17.564677402377129 4.427940795198082 1.8219977421686051 202.49938851594925 4.3631132096052161 4.5815830416977388 3.5927827320992947 506.00114372372627 9.4450426846742648 43.740594938397408 8.0530211478471738 448.50871282815933 121.76446997374296
leaf_count=54018 49098 1151 51 84 220 26 87 753 31 54 259 25 28 93 65 39 24 91 305 39 1047 25 33 19 2609 42 222 39 2295 617
internal_value=-0.0015142 0.0151051 0.0489888 0.0503318 -0.0228573 0.0212876 0.0510831 -0.0263259 0.0517605 0.012568 0.036631 0.000773421 0.0331724 0.0211606 0.000718854 0.0199662 0.043204 0.0513599 -0.0394304 -0.014793 0.0522574 0.0514291 0.0157288 -0.0161262 0.051886 0.0500869 0.0376793 0.00916702 0.0514092 0.0517909
internal_weight=3103.09 2291.82 1498.49 1470.99 27.4967 7.50531 1456.71 14.2766 1403.63 5.4894 44.6369 5.05076 53.0867 24.1589 11.0912 8.26594 28.9277 22.5331 19.9914 6.24994 1358.99 1156.49 14.6133 8.17437 1141.88 635.875 61.2387 17.4981 574.636 570.273
internal_count=113489 64391 10373 8632 1741 246 7741 891 7314 138 335 76 427 284 191 126 143 115 1495 344 6979 5932 83 52 5849 3240 303 81 2937 2912
is_linear=0
shrinkage=0.05


Tree=35
num_leaves=31
num_cat=0
split_feature=10 10 4 4 2 1 4 6 2 2 3 1 1 2 1 2 3 1 3 2 1 2 3 3 3 3 2 1 5 1
split_gain=931.213 1876.3 50.9729 28.9428 8.25368 9.15383 6.87589 5.41953 7.407 4.94519 3.31999 2.96709 3.0887 2.97484 3.13082 5.51625 2.90846 4.27786 2.79128 5.39586 2.59481 6.22795 6.0186 2.31704 2.44356 11.3918 13.9467 16.9834 1.97072 1.79115
threshold=1.0992168415445007 1.0991991879725476 3.5000000000000004 21.500000000000004 6.3500000000000005 29.970000000000002 20.500000000000004 1.5000000000000002 4.7500000000000009 -2.4499999999999997 0.75000000000000189 40.720000000000006 40.530000000000008 -0.94999999999999984 36.910000000000004 5.0500000000000007 1.4049999999999996 35.280000000000008 4.2399999999999975 3.6500000000000008 32.780000000000008 6.4500000000000011 3.7399999999999971 3.0600000000000009 4.5000000000000027 4.4999999999999991 2.2500000000000004 41.030000000000008 1.5000000000000002 33.030000000000008
decision_type=2 2 2 2 2 2 2 2 2 2 2 2 2 2 2 2 2 2 2 2 2 2 2 2 2 2 2 2 2 2
left_child=1 -1 4 6 18 -6 10 8 -5 -8 -4 12 13 -11 15 16 17 -15 -3 -20 21 22 -12 -22 25 -25 27 -27 -23 -17
right_child=-2 2 3 7 5 -7 9 -9 -10 11 20 -13 -14 14 -16 29 -18 -19 19 -21 23 28 -24 24 -26 26 -28 -29 -30 -31
leaf_value=-0.048698914906759511 -0.048367076716505412 -0.048037391968187265 -0.025693672382589253 -0.052772660830707911 -0.050679833526162989 0.067258663560629914 -0.02909119547360571 -0.050745338191717816 0.069697482674112909 -0.020551398168124055 -0.053500849568169154 0.061644765791114664 -0.026366397215524823 -0.037385571929855803 0.053354148515555748 0.022671781277667946 -0.062021754613457394 0.073117471180355761 -0.036001749493888922 0.087168709722839965 0.054794030088519734 0.033753421172420597 0.029610269104289294 0.048931816126699758 0.051823730530896443 -0.075848715544077863 0.055966030105776568 0.054168659561785154 0.055033838553254645 0.058419757586090131
leaf_weight=755.98240610957146 772.71026846021414 14.779684143140917 1.4163215253502119 2.20803673006594 2.5539815425872794 4.6239556819200516 3.0674275215715161 7.921608516946435 2.800364026799798 2.3637761278077951 3.020900044590233 9.3938029557466489 2.2570550441741934 2.0062971180304916 16.592689678072929 6.8866256196051818 2.2244859635829926 1.5543674826622007 3.3471025126054874 1.2108428701758382 358.44151924550533 15.977219097316263 7.8096154239028692 289.45337223261595 649.55106224864721 6.8849236518144625 8.931377634406088 3.9541622996330261 34.097285635769367 7.1338658034801483
leaf_count=53959 49002 1252 22 160 224 24 26 658 47 39 96 52 10 72 79 63 52 8 228 13 1883 84 56 1526 3419 30 47 21 181 35
internal_value=-0.00106905 0.0153315 0.0482055 0.0494653 -0.0204923 0.025295 0.0501372 -0.0250062 0.0157045 0.0325467 0.0508192 0.0362972 0.0304923 0.0338031 0.037333 0.0239108 -0.0171684 0.0108533 -0.0374881 -0.00328085 0.0508978 0.040808 0.00642851 0.0513643 0.0500821 0.0464237 0.009703 -0.0284176 0.0482439 0.040861
internal_weight=3001.16 2228.45 1472.46 1445.95 26.5156 7.17794 1433.02 12.93 5.0084 53.4804 1379.54 50.413 41.0192 38.7621 36.3983 19.8056 5.78515 3.56066 19.3376 4.55795 1378.12 60.905 10.8305 1317.22 958.775 309.224 19.7705 10.8391 50.0745 14.0205
internal_count=113368 64366 10407 8666 1741 248 7801 865 207 436 7365 410 358 348 309 230 132 80 1493 241 7343 417 152 6926 5043 1624 98 51 265 98
is_linear=0
shrinkage=0.05


Tree=36
num_leaves=31
num_cat=0
split_feature=10 10 4 4 2 0 4 6 2 2 0 4 3 2 0 0 3 3 0 0 5 5 2 0 6 0 3 7 7 5
split_gain=879.579 1753.32 47.0167 26.761 7.76735 8.05763 6.62142 5.16895 6.71638 4.54823 3.1429 6.53983 2.73788 4.61175 2.51849 6.2611 2.58623 2.08809 2.19646 10.76 12.544 12.3787 3.80123 3.17026 2.47497 4.03707 2.18335 2.16444 7.41382 6.94573
threshold=1.0992168415445007 1.0991991879725476 3.5000000000000004 21.500000000000004 6.3500000000000005 31.720000000000002 20.500000000000004 1.5000000000000002 4.7500000000000009 -2.4499999999999997 32.280000000000008 12.500000000000002 3.6199999999999997 3.6500000000000008 45.280000000000008 44.845000000000006 3.3699999999999997 3.0600000000000009 45.410000000000004 45.155000000000008 2.5000000000000004 1.5000000000000002 -0.24999999999999997 42.845000000000006 11.500000000000002 39.780000000000008 2.5649999999999999 12.500000000000002 10.500000000000002 1.0000000180025095e-35
decision_type=2 2 2 2 2 2 2 2 2 2 2 2 2 2 2 2 2 2 2 2 2 2 2 2 2 2 2 2 2 2
left_child=1 -1 4 6 12 -6 10 8 -5 -8 11 -4 -3 -14 15 16 -11 26 19 22 21 -21 23 -19 -24 -26 27 28 -12 -30
right_child=-2 2 3 7 5 -7 9 -9 -10 14 17 -13 13 -15 -16 -17 -18 18 -20 20 -22 -23 24 -25 25 -27 -28 -29 29 -31
leaf_value=-0.048564035670247613 -0.048210195143698537 -0.050572309513023439 -0.06504668940487944 -0.052682183939241151 -0.0505459012721758 0.063197784694087752 -0.0277822227447884 -0.050708909615836344 0.065141942539844205 0.029619012941886066 0.05062118420543385 0.048649667072870051 -0.038927242397699062 0.055056089352382889 0.05998121292209864 -0.0515283643809923 0.067596128978972519 -0.028245137450822511 0.050802697074352067 0.034081629202257206 0.045584117103442762 -0.066212872788059082 0.046398460934937019 0.041353513787132999 -0.00015610393088100427 0.057032171054804841 0.058208062449467315 0.054702088925651093 -0.02496291568113037 0.038670338551707095
leaf_weight=721.06011679582298 737.35691336821765 12.471885762177413 1.8405579263344396 2.1038662139326316 2.3511436097323886 4.6097817784175277 3.0517610460519782 7.5405437359586358 2.8451847294345498 33.693928611464798 106.3638109555468 4.0430036932229996 4.19284061808139 1.8953174520283935 8.4436655044555646 2.2272836416959754 5.1709264060482374 2.9510151268914333 489.48047052323818 5.5581027418375033 15.901212885975836 6.890586793422699 330.24968759529293 3.6722729057073593 3.1841898560523978 100.04821242392063 126.40734707005322 129.58359346725047 6.5519099831581142 12.412666305899618
leaf_count=53959 49002 1155 90 160 222 26 26 658 47 324 571 19 306 32 48 10 28 23 2656 28 83 30 1782 19 23 537 688 711 39 66
internal_value=-0.00106772 0.0150492 0.0469972 0.0482144 -0.0202622 0.0247794 0.0488655 -0.02465 0.0150543 0.0314604 0.0495459 0.013082 -0.037155 -0.00966909 0.0351101 0.0299996 0.0346718 0.0497061 0.0484605 0.0460131 0.0161562 -0.0214333 0.0479364 0.0103437 0.0485108 0.0552682 0.0528353 0.0501711 0.0454862 0.0166862
internal_weight=2894.15 2156.8 1435.74 1410.22 25.521 6.96093 1397.73 12.4896 4.94905 52.5876 1345.14 5.88356 18.56 6.08816 49.5358 41.0921 38.8649 1339.26 957.936 468.455 28.3499 12.4487 440.105 6.62329 433.482 103.232 381.319 254.912 125.328 18.9646
internal_count=113368 64366 10407 8666 1741 248 7801 865 207 436 7365 109 1493 338 410 362 352 7256 5181 2525 141 58 2384 42 2342 560 2075 1387 676 105
is_linear=0
shrinkage=0.05


Tree=37
num_leaves=31
num_cat=0
split_feature=10 10 4 4 2 0 4 6 2 2 3 3 7 7 0 0 0 2 4 0 2 3 2 3 0 3 3 7 7 5
split_gain=830.794 1638.72 43.4009 24.7516 7.30467 7.47684 6.6013 4.93174 6.1044 4.14762 3.07022 2.68378 4.44516 3.7448 2.49233 5.65887 2.58859 4.43412 2.19416 6.72984 8.61547 6.2933 1.91462 2.43007 5.07117 1.90209 1.96902 2.05063 7.26913 6.3797
threshold=1.0992168415445007 1.0991991879725476 3.5000000000000004 21.500000000000004 6.3500000000000005 31.720000000000002 20.500000000000004 1.5000000000000002 4.7500000000000009 -2.4499999999999997 0.75000000000000189 3.6199999999999997 22.500000000000004 25.500000000000004 45.280000000000008 44.845000000000006 38.530000000000008 1.7500000000000002 4.5000000000000009 41.155000000000008 0.65000000000000002 3.7399999999999971 6.0500000000000007 1.500000000000002 36.655000000000008 3.0600000000000009 2.5649999999999999 12.500000000000002 10.500000000000002 1.0000000180025095e-35
decision_type=2 2 2 2 2 2 2 2 2 2 2 2 2 2 2 2 2 2 2 2 2 2 2 2 2 2 2 2 2 2
left_child=1 -1 4 6 11 -6 10 8 -5 -8 -4 -3 -13 -14 15 16 17 -11 19 20 -12 -22 23 24 -19 26 27 28 -20 -30
right_child=-2 2 3 7 5 -7 9 -9 -10 14 18 12 13 -15 -16 -17 -18 22 25 -21 21 -23 -24 -25 -26 -27 -28 -29 29 -31
leaf_value=-0.048426273220249776 -0.048049839525798485 -0.050544165785611384 -0.026024621338570066 -0.052593179067752439 -0.050519000703173271 0.061223586555347098 -0.026531328869261885 -0.050674269666177343 0.060991725643631534 -0.052013373693558733 -0.060843411939046889 -0.043238734297066095 0.088566294859923123 -0.050773871722176317 0.058887019849636027 -0.048381636838740298 0.046474683871960645 -0.012695359875352932 0.049858993961107684 0.049371197681800143 -0.042243907428977191 0.045590477215425133 0.042303350240928239 -0.039710568808072576 0.083098618509911293 0.047590818216104114 0.057078342131234361 0.053851027265849498 -0.02371202946465184 0.037477719835775504
leaf_weight=687.79614936094731 703.67794947512448 11.870063845999544 1.387003295123576 2.0045612640678865 2.237637896090745 4.5227407412603498 3.0362660624086848 7.1775668002665043 2.8857589140534401 1.9024420222267533 3.2455339552834657 3.6930817142128936 1.5685858717188241 0.69620097707957018 8.17730665206909 2.2528478503227225 18.741808034479618 3.4661290375515845 105.96370621025562 44.854331105947495 2.4893255615606895 11.281658262014387 10.329583907499908 1.9004876390099523 2.2972124963998795 876.74156039953232 121.60113820433617 124.74244165420532 6.5526437014341381 12.173441663384436
leaf_count=53959 49002 1155 22 160 222 26 26 658 47 95 38 255 28 55 48 10 96 68 577 239 92 66 70 13 10 4853 679 694 39 66
internal_value=-0.00106566 0.0147716 0.0458243 0.0470015 -0.0200183 0.0242376 0.0476327 -0.0242906 0.0144328 0.030179 0.0483263 -0.0368002 -0.00941766 0.0457328 0.0336882 0.0286489 0.0331403 0.0205794 0.048405 0.0392143 0.0124413 0.029713 0.0282547 0.00931936 0.0254872 0.0488608 0.0518616 0.0493184 0.0447839 0.0160662
internal_weight=2791.27 2087.59 1399.79 1375.2 24.5883 6.76038 1363.14 12.0679 4.89032 52.1041 1311.03 17.8279 5.95787 2.26479 49.0678 40.8905 38.6377 19.8959 1309.65 61.8708 17.0165 13.771 17.9934 7.66383 5.76334 1247.77 371.033 249.432 124.69 18.7261
internal_count=113368 64366 10407 8666 1741 248 7801 865 207 436 7365 1493 338 83 410 362 352 256 7343 435 196 158 161 91 78 6908 2055 1376 682 105
is_linear=0
shrinkage=0.05


Tree=38
num_leaves=31
num_cat=0
split_feature=10 10 4 4 2 1 4 6 2 2 1 2 3 1 0 3 3 2 3 3 3 2 0 3 7 7 3 4 7 2
split_gain=784.708 1532.15 40.0876 22.9075 6.88168 12.3037 6.42557 4.70703 5.55969 3.80542 2.99441 5.34422 8.06999 2.86278 3.57876 2.73467 2.27025 2.09837 2.03386 2.40277 10.6898 12.6921 14.6843 1.83407 2.05218 4.01671 2.76892 2.26482 1.93005 1.69594
threshold=1.0992168415445007 1.0991991879725476 3.5000000000000004 21.500000000000004 4.8500000000000005 29.970000000000002 20.500000000000004 1.5000000000000002 4.7500000000000009 -2.4499999999999997 32.780000000000008 7.2500000000000009 3.7399999999999971 40.720000000000006 44.970000000000006 3.3699999999999997 4.6799999999999988 3.2500000000000004 3.0600000000000009 4.5000000000000027 4.4999999999999991 2.2500000000000004 45.530000000000008 2.5649999999999999 12.500000000000002 10.500000000000002 2.5000000000000022 13.500000000000002 11.500000000000002 6.0500000000000007
decision_type=2 2 2 2 2 2 2 2 2 2 2 2 2 2 2 2 2 2 2 2 2 2 2 2 2 2 2 2 2 2
left_child=1 -1 4 6 -3 -6 10 8 -5 -8 11 12 -4 14 15 29 -13 -14 23 20 -20 22 -22 24 25 26 -12 28 -27 -11
right_child=-2 2 3 7 5 -7 9 -9 -10 13 18 16 17 -15 -16 -17 -18 -19 19 -21 21 -23 -24 -25 -26 27 -28 -29 -30 -31
leaf_value=-0.048285341853028872 -0.047885685619744642 -0.043284760608185174 -0.056081317370429151 -0.052505707842643162 -0.050652837700426535 0.059802527219872947 -0.02533563560140157 -0.050641322044669673 0.057189378780056477 0.017527193354718817 0.049505800432605718 0.047547720958520195 -0.0062645120790121777 0.058681979558743463 -0.029221611346993349 0.066133913325405816 0.0088622427892702856 0.04763684673938029 0.045216030889007976 0.048225796863289851 -0.073419232886585944 0.052593335495351473 0.050734192175304053 0.056113213386984384 0.052924930379967296 -0.011522601015579578 0.0093528775755117137 0.047122524300675359 0.031694561238542633 0.041824234625794793
leaf_weight=656.11389373801649 671.59652579482645 13.455584693700077 3.5968924071639767 1.9098945464938859 4.5076054409146291 5.720987481996417 3.0209800098091355 6.8318425659090281 2.9227526821196079 21.513096692040563 81.563544616103172 41.501167440786958 2.5060916859656555 8.5906430631875974 2.655436545610427 4.7870043721050015 4.1738449186086646 6.4598258696496487 268.5632660612464 601.52572976797819 6.8544344902038592 8.2471239119768125 3.6497883051633835 115.25893235951662 113.37227572500706 6.1263051480054838 4.5321201235055915 5.1503405123949042 4.4672251492738724 10.781179096549748
leaf_count=53959 49002 1259 114 160 441 41 26 658 47 246 459 238 26 52 12 27 22 37 1526 3419 30 47 21 665 654 28 26 28 25 73
internal_value=-0.00106366 0.0145007 0.0446966 0.0458359 -0.019786 0.0111263 0.0464482 -0.0239276 0.0138371 0.029106 0.0471453 0.0360691 0.00718851 0.0325092 0.0268509 0.0308663 0.0440126 0.0325707 0.0476743 0.0464291 0.0426676 0.00616838 -0.030281 0.0510233 0.0482974 0.0431458 0.0473921 0.0199248 0.0067018 0.0256386
internal_weight=2691.96 2020.36 1364.25 1340.56 23.6842 10.2286 1328.9 11.6645 4.83265 51.3483 1277.55 58.2378 12.5628 48.3274 39.7367 37.0813 45.675 8.96592 1219.31 888.84 287.315 18.7513 10.5042 330.471 215.212 101.84 86.0957 15.7439 10.5935 32.2943
internal_count=113368 64366 10407 8666 1741 482 7801 865 207 436 7365 437 177 410 358 346 260 63 6928 5043 1624 98 51 1885 1220 566 485 81 53 319
is_linear=0
shrinkage=0.05


Tree=39
num_leaves=31
num_cat=0
split_feature=10 10 4 4 2 1 4 2 1 2 1 1 0 3 1 2 0 2 3 3 3 2 0 5 0 3 7 7 5 3
split_gain=741.16 1432.76 37.0274 21.207 6.49751 11.4427 6.36064 4.46166 6.47124 3.4757 3.1231 2.81462 3.25138 2.67142 2.25845 4.60498 5.8132 2.29139 1.98509 2.31613 10.0023 11.717 13.2428 1.85556 2.30152 1.82818 2.02611 3.83981 3.45465 2.64752
threshold=1.0992168415445007 1.0991991879725476 3.5000000000000004 21.500000000000004 4.8500000000000005 29.970000000000002 20.500000000000004 4.7500000000000009 28.345000000000002 -2.4499999999999997 26.470000000000002 40.720000000000006 44.970000000000006 3.3699999999999997 32.780000000000008 6.4500000000000011 35.030000000000008 3.8500000000000001 3.0600000000000009 4.5000000000000027 4.4999999999999991 2.2500000000000004 45.530000000000008 1.5000000000000002 35.530000000000008 2.5649999999999999 12.500000000000002 10.500000000000002 1.5000000000000002 2.1850000000000009
decision_type=2 2 2 2 2 2 2 2 2 2 2 2 2 2 2 2 2 2 2 2 2 2 2 2 2 2 2 2 2 2
left_child=1 -1 4 6 -3 -6 10 -5 -9 -8 -4 12 13 -11 15 16 -12 -18 25 20 -20 22 -22 24 -17 26 27 -16 29 -29
right_child=-2 2 3 7 5 -7 9 8 -10 11 14 -13 -14 -15 18 23 17 -19 19 -21 21 -23 -24 -25 -26 -27 -28 28 -30 -31
leaf_value=-0.048140952748645119 -0.047717415496557558 -0.042936348502464534 -0.050979481467269605 -0.051086549461860399 -0.0506212568828453 0.057781169855008634 -0.024192467561256172 -0.050748090708572315 0.06475540063477099 0.024432985993517235 -0.05449043264093624 0.057689091268827257 -0.02757358898785317 0.065065419748040587 0.046196421965493568 0.041232416251414057 -0.0039740057251207959 0.053528937266239952 0.044059271201925258 0.047078252453140582 -0.069237640661147612 0.051481074324073443 0.049624919058286351 0.049778248788900199 -0.001966436822102935 0.055057854087229997 0.051811574510279429 0.02715325230170744 0.054144600605781405 -0.022607025101216347
leaf_weight=625.94007302261889 641.03900178615004 12.900615560822191 0.82950972206890483 6.3861191282048804 4.2903743255883438 5.6274776086211205 3.0059359641745678 2.219223665073514 2.6735924240201712 32.197590949013829 2.8750123120844346 8.3087411820888502 2.6729717850685111 4.6264081206172696 83.964424088597298 10.25997333601117 2.9571934230625629 4.1830344647169113 262.0018215328455 585.78161162137985 6.9036182314157504 8.0100899934768659 3.5474193394184113 31.518863972276449 4.407889559864997 111.68582740426064 110.1015449501574 5.5762092471122724 4.8551431894302359 5.134368970990181
leaf_count=53959 49002 1259 47 641 441 41 26 189 35 319 85 52 12 27 485 56 28 20 1526 3419 30 47 21 177 24 665 654 28 28 25
internal_value=-0.00106074 0.0142344 0.0436012 0.0447038 -0.0195424 0.0108872 0.0452982 -0.0235604 0.0123667 0.0279582 0.0460061 0.0312373 0.0256728 0.0295379 0.0460708 0.0362768 0.00554164 0.0297135 0.0465343 0.0452893 0.0415528 0.00598112 -0.0288919 0.0429415 0.0282506 0.0498908 0.047138 0.0419679 0.0191587 0.00329949
internal_weight=2596.48 1955.44 1329.5 1306.68 22.8185 9.91785 1295.41 11.2789 4.89282 50.8116 1244.59 47.8057 39.497 36.824 1243.76 56.202 10.0152 7.14023 1187.56 866.245 280.463 18.4611 10.451 46.1867 14.6679 321.318 209.632 99.5301 15.5657 10.7106
internal_count=113368 64366 10407 8666 1741 482 7801 865 224 436 7365 410 358 346 7318 390 133 48 6928 5043 1624 98 51 257 80 1885 1220 566 81 53
is_linear=0
shrinkage=0.05


Tree=40
num_leaves=31
num_cat=0
split_feature=10 10 4 4 7 3 1 1 0 6 4 0 7 3 3 4 1 0 3 3 7 0 0 4 7 5 0 0 7 5
split_gain=694.427 1329.02 36.373 20.329 5.85839 5.79262 2.94463 2.91465 5.40926 3.12365 2.70748 3.67009 2.45198 2.30188 4.56373 6.99577 12.1693 14.6195 6.50552 2.42951 2.23195 2.14945 2.82204 3.25359 1.96126 2.27043 1.8755 1.7366 3.13593 4.15347
threshold=1.0991991879725476 1.0992168415445007 3.5000000000000004 21.500000000000004 1.5000000000000002 1.1899999999999997 30.280000000000005 33.655000000000008 37.655000000000008 1.5000000000000002 20.500000000000004 34.530000000000008 8.5000000000000018 4.1299999999999981 4.5000000000000027 8.5000000000000018 40.720000000000006 44.845000000000006 4.2500000000000027 3.9999999999999987 6.5000000000000009 51.655000000000008 51.280000000000008 9.5000000000000018 24.500000000000004 1.5000000000000002 33.280000000000008 38.155000000000008 7.5000000000000009 1.0000000180025095e-35
decision_type=2 2 2 2 2 2 2 2 2 2 2 2 2 2 2 2 2 2 2 2 2 2 2 2 2 2 2 2 2 2
left_child=-1 2 6 5 -5 12 -2 8 9 -8 13 26 20 19 15 16 17 18 -15 27 -4 22 -16 -24 -11 -26 -12 28 -7 -30
right_child=1 -3 3 4 -6 10 7 -9 -10 24 11 -13 -14 14 21 -17 -18 -19 -20 -21 -22 -23 23 -25 25 -27 -28 -29 29 -31
leaf_value=-0.048585924886496892 -0.050672415914900418 -0.047233794153013979 0.012694104514298518 0.04346437368146483 -0.041603970095809059 0.052183314037349438 0.023917176412186519 -0.050556625557793722 0.172502965970942 -0.044816243371768122 0.021915504146943109 0.035260707177099858 -0.017285487606430529 -0.034152427967904728 0.044093716558608081 0.040599273783825628 0.056899002023498339 -0.093091192487010699 0.052411920712854804 0.059918198364325659 0.063169077003586496 0.057004986119464522 0.043961087545715642 -0.014198387229989543 0.079145244545283655 -0.050469771849196793 -0.076009931833566913 0.0481962684181233 0.013565749812259251 0.041210384527612234
leaf_weight=599.32290416583419 6.4288943717256215 614.78783818427473 8.0890213111415488 2.6102612018585196 9.008999962359665 46.909630895592272 5.0646087983623111 3.4494820088148108 0.44625577889382917 4.6612894330173731 0.85433343425393005 41.37008157838136 4.532864640466868 3.7393066510558146 535.24170646443963 57.571424409747124 7.7968742549419394 4.673677220940589 5.173012494109571 35.239638939499855 3.0033003175631157 31.692124709486961 5.1546747088432294 4.5075039863586426 0.78146108984947182 0.59518597647547722 1.1432579392567275 354.33993741869926 16.487326304428279 77.242850657552481
leaf_count=54156 684 49231 68 27 862 295 135 345 30 446 27 301 85 22 3214 340 47 20 31 211 22 191 31 27 10 65 28 2143 102 494
internal_value=-0.00168137 0.0131718 0.0422345 0.0433361 -0.0224934 0.0439506 -0.0223614 -0.0102261 0.00182011 -0.00504031 0.0443352 0.0320645 0.0136988 0.044784 0.0428027 0.0315288 0.00710743 -0.0214675 0.0160925 0.0472335 0.0263605 0.0443465 0.0436103 0.0168291 -0.0293298 0.0231069 -0.034129 0.0463304 0.0416295 0.0363476
internal_weight=2491.92 1892.6 1277.81 1256.38 11.6193 1244.76 21.4272 14.9983 11.5488 11.1025 1229.14 43.3677 15.6252 1185.77 655.55 78.9543 21.3829 13.586 8.91232 530.219 11.0923 576.596 544.904 9.66218 6.03794 1.37665 1.99759 494.98 140.64 93.7302
internal_count=113690 59534 10303 8588 889 7699 1715 1031 686 656 7524 356 175 7168 3923 460 120 73 53 3245 90 3463 3272 58 521 75 55 3034 891 596
is_linear=0
shrinkage=0.05


Tree=41
num_leaves=31
num_cat=0
split_feature=10 10 4 4 3 7 2 2 0 2 0 4 0 2 0 5 5 3 3 4 1 0 1 3 5 2 0 0 4 3
split_gain=656.599 1242.29 33.7138 18.847 5.54366 5.42562 4.72144 3.57041 10.5746 4.74291 3.31896 2.76591 3.35058 3.9379 4.65854 2.65341 2.3004 2.22945 4.32218 6.50287 11.3169 13.2876 6.1674 2.40167 2.22578 4.09522 2.12693 2.70482 3.02054 2.11537
threshold=1.0991991879725476 1.0992168415445007 3.5000000000000004 21.500000000000004 1.1899999999999997 1.5000000000000002 8.9500000000000011 2.6500000000000008 35.030000000000008 7.3500000000000005 32.090000000000011 20.500000000000004 34.530000000000008 3.9500000000000006 37.155000000000008 2.5000000000000004 1.0000000180025095e-35 4.1299999999999981 4.5000000000000027 8.5000000000000018 40.720000000000006 44.845000000000006 38.155000000000008 3.9999999999999987 1.5000000000000002 -2.1499999999999999 51.655000000000008 51.280000000000008 9.5000000000000018 5.6299999999999981
decision_type=2 2 2 2 2 2 2 2 2 2 2 2 2 2 2 2 2 2 2 2 2 2 2 2 2 2 2 2 2 2
left_child=-1 2 7 4 6 -5 15 29 9 -9 -11 17 -13 14 -14 16 -4 23 19 20 21 22 -19 -6 -16 -26 27 -20 -29 -2
right_child=1 -3 3 5 11 -7 -8 8 -10 10 -12 12 13 -15 24 -17 -18 18 26 -21 -22 -23 -24 -25 25 -27 -28 28 -30 -31
leaf_value=-0.048460684266735353 -0.050481726743979431 -0.047042853951750389 0.0035832110782448405 0.040857163912723253 0.045231213311882262 -0.041023852795892102 0.040728585823524531 -0.052590522696413837 0.10001246450190143 -0.033467328017914313 0.063785883335966423 -0.033212535938406881 -0.054258881560399701 0.058405367894800012 0.002340928033349279 0.0086443952132239706 -0.086577600018538814 -0.020999946145098519 0.042988384684326246 0.039496437155074095 0.055944580456009287 -0.089025743566765417 0.063368812529455129 0.058972275633152729 -0.014489967679518143 0.045973674220469968 0.056052107934620822 0.04288077756928986 -0.01337615375823533 0.062011014683180404
leaf_weight=571.53018985688686 8.7881950847804546 587.11873881332576 1.1577108372002824 2.6372665185481301 481.9993919217959 8.6877739001065475 7.7482297867536545 6.0025684069842082 2.0358785334974518 1.5861325995065274 1.9629686474800108 1.9531090790405858 1.7837225021794463 11.654631435871122 6.0543432813137796 4.7703838814049959 1.8191148415207861 5.0123940110206622 521.89607571065426 56.25386555492878 7.5399307608604422 4.643467277288436 3.8145624995231628 34.044994480907917 3.3102272413671043 18.184749627485871 30.645950496196747 5.0236695855855924 4.5443729162216187 0.43876861967146474
leaf_count=54156 968 49231 22 27 3034 862 40 573 19 124 13 55 62 65 40 70 43 30 3214 340 47 20 23 211 22 112 191 31 27 18
internal_value=-0.00166888 0.0129199 0.0411747 0.0422467 0.0428457 -0.0219562 0.0131307 -0.0219257 -0.00344671 -0.0254984 0.0203223 0.0432299 0.0307696 0.0338184 0.0240495 -0.0144709 -0.0515134 0.043693 0.0417198 0.0306315 0.00689633 -0.0205579 0.0154599 0.0461378 0.0291197 0.0366623 0.043244 0.0425054 0.0161614 -0.0451324
internal_weight=2404.64 1833.11 1245.99 1225.18 1213.85 11.325 15.4954 20.8145 11.5875 9.55167 3.5491 1198.36 42.9408 40.9877 29.333 7.74721 2.97683 1155.42 639.374 77.2642 21.0104 13.4704 8.82696 516.044 27.5493 21.495 562.11 531.464 9.56804 9.22696
internal_count=113690 59534 10303 8588 7699 889 175 1715 729 710 137 7524 356 301 236 135 65 7168 3923 460 120 73 53 3245 174 134 3463 3272 58 986
is_linear=0
shrinkage=0.05


Tree=42
num_leaves=31
num_cat=0
split_feature=10 10 4 4 3 7 1 1 0 6 4 0 7 7 7 6 4 1 1 1 3 0 4 7 7 3 0 7 5 3
split_gain=620.84 1161.58 31.157 17.4813 5.26051 5.02728 2.7596 2.70197 4.23345 2.74847 2.69967 3.07852 2.20751 5.74767 15.3888 12.7937 10.9916 7.92418 4.03056 10.1885 2.21795 3.01696 2.72055 2.1828 2.09266 2.04905 1.82383 1.76384 1.91661 1.7022
threshold=1.0991991879725476 1.0992168415445007 3.5000000000000004 21.500000000000004 1.1899999999999997 1.5000000000000002 30.280000000000005 33.655000000000008 37.655000000000008 1.5000000000000002 20.500000000000004 34.530000000000008 7.5000000000000009 11.500000000000002 10.500000000000002 6.5000000000000009 8.5000000000000018 35.030000000000008 34.780000000000008 34.410000000000004 3.0000000000000022 37.155000000000008 9.5000000000000018 8.5000000000000018 6.5000000000000009 2.5649999999999999 33.280000000000008 24.500000000000004 1.5000000000000002 1.6850000000000007
decision_type=2 2 2 2 2 2 2 2 2 2 2 2 2 2 2 2 2 2 2 2 2 2 2 2 2 2 2 2 2 2
left_child=-1 2 6 4 23 -5 -2 8 9 -8 12 26 -6 14 18 25 -17 -18 19 -14 21 22 -15 24 -4 -16 -12 -11 -29 -24
right_child=1 -3 3 5 10 -7 7 -9 -10 27 11 -13 13 20 15 16 17 -19 -20 -21 -22 -23 29 -25 -26 -27 -28 28 -30 -31
leaf_value=-0.048332250801617328 -0.050619789186174879 -0.046846319614161837 0.011511009501673561 0.03844376913315508 0.046689464510292773 -0.040426489892484235 0.02229812726129772 -0.050523884240917777 0.14169879453838671 -0.044459914508109488 0.022563865976963957 0.032695377177827105 0.046813700190334893 -0.0064320251074282131 -0.0022642555873026472 -0.067027345503818753 -0.049572798706862986 0.031094293079839117 0.047179416110849019 -0.025307029236357449 0.041715544676475827 0.051667269809298935 0.054732641780246866 -0.016846288058489242 0.061215084953201451 0.042422286443780634 -0.075486814949135797 0.072534726883402609 -0.050424668247100526 0.031825411509074343
leaf_weight=545.06498645059764 5.8393080607056644 560.76922543626279 7.9539215322583896 2.6620250083506098 257.62895233277231 8.383120028767733 4.9188156574964488 3.1625902559608212 0.51619936712086278 4.2840481521561742 0.85113141592591901 40.296652623452246 15.10487840883434 3.4616545429453245 3.0134144164621857 7.7883193641901043 4.3655107766389838 10.059994816780089 89.082934871315956 7.2462554723024359 538.58398991450667 137.03886942565441 12.623264506459234 4.4497759910300365 2.8860340211540461 17.251074738800526 1.0711123272776601 0.76918996125459649 0.5389973521232605 22.680628821253777
leaf_count=54156 684 49231 68 27 1655 862 135 345 30 446 27 301 101 49 19 36 29 57 559 38 3413 886 79 85 22 105 28 10 65 142
internal_value=-0.00165633 0.0126746 0.0401568 0.0411938 0.0417782 -0.0214177 -0.0216884 -0.00978273 0.00190174 -0.00496371 0.0421595 0.0297465 0.042625 0.0414191 0.0326549 0.0070477 -0.0191607 0.00668246 0.0424162 0.0234321 0.0433073 0.0481836 0.0358684 0.0126401 0.0247442 0.0357772 -0.0320719 -0.0289427 0.0218732 0.0400161
internal_weight=2320.35 1775.28 1214.51 1194.48 1183.44 11.0451 20.0291 14.1898 11.0273 10.5111 1168.15 42.2189 1125.93 868.301 153.912 42.4783 22.2138 14.4255 111.434 22.3511 714.388 175.804 38.7655 15.2897 10.84 20.2645 1.92224 5.59224 1.30819 35.3039
internal_count=113690 59534 10303 8588 7699 889 1715 1031 686 656 7524 356 7168 5513 944 246 122 86 698 139 4569 1156 270 175 90 124 55 521 75 221
is_linear=0
shrinkage=0.05


Tree=43
num_leaves=31
num_cat=0
split_feature=4 4 0 2 7 1 4 2 3 4 0 2 1 2 4 7 5 3 2 1 2 3 1 5 5 0 0 2 7 3
split_gain=126.312 70.1148 7.8604 6.95914 3.78117 4.26543 2.65717 2.15985 4.73586 1.89582 5.48074 4.12506 8.1181 2.71989 2.09535 2.21328 3.20617 2.04778 2.53209 1.99737 2.56772 3.06586 3.55251 2.5049 2.3733 3.10553 8.84972 2.08416 2.01169 3.4958
threshold=3.5000000000000004 21.500000000000004 32.280000000000008 9.0500000000000025 1.5000000000000002 33.410000000000004 13.500000000000002 8.9500000000000011 2.5599999999999974 19.500000000000004 34.780000000000008 3.9500000000000006 35.655000000000008 3.8500000000000001 20.500000000000004 26.500000000000004 1.5000000000000002 1.620000000000003 5.9500000000000011 43.970000000000006 -2.1499999999999999 7.0000000000000027 40.780000000000008 5.5000000000000009 1.5000000000000002 45.280000000000008 45.155000000000008 0.65000000000000002 28.500000000000004 3.2399999999999971
decision_type=2 2 2 2 2 2 2 2 2 2 2 2 2 2 2 2 2 2 2 2 2 2 2 2 2 2 2 2 2 2
left_child=7 2 3 -2 5 -3 -5 -1 -9 -4 -11 12 -12 19 17 -16 -17 18 -13 20 21 22 -14 -21 25 26 27 -22 -26 -30
right_child=1 4 9 6 -6 -7 -8 8 -10 10 11 14 13 -15 15 16 -18 -19 -20 23 24 -23 -24 -25 28 -27 -28 -29 29 -31
leaf_value=-0.04675424223404212 -0.050609517577789434 -0.052201207721040845 0.0041074471670936958 -0.059842914489176773 -0.049146291118576574 0.039827959550655496 0.015986007038509619 -0.028354744843454106 0.22629310900402522 -0.035215183522805525 -0.054873822996902036 -0.14004923408110634 -0.061746735501670438 -0.072800917712550553 0.020092607782303328 0.036803235380768982 0.17577289608706656 0.0087695814556962796 -0.013109358342325678 0.02462359669985837 -0.061679877990795856 -0.10931595300302528 0.0095048890626091721 -0.049100070217425539 0.0065217569147894994 0.0051601815208587535 -0.12437418424586358 0.0037388793463343883 0.014563938203737768 -0.062653986515220236
leaf_weight=147.22795724589378 12.664668061770501 2.4196809516288331 1806.7475747978315 1.3390876874327649 69.465477125253528 2.6249733502045274 8.4169176546856743 0.92303404957055935 0.22760404460132122 11.122726927045731 7.4096675664186469 0.49079184979200308 2.8234926220029575 1.2991927508264769 15.474753012880685 1.5100619727745646 0.57234460115432728 34.759120315313339 1.9684947011992333 12.481211336329576 1.5342962066642956 1.038704903796315 4.5985868200659752 1.2693442432209856 66.338322176598012 8.9699741126969439 2.1782334372401237 5.8964286372065544 2.9323128974065176 2.9305527983233333
leaf_count=18847 1466 242 74957 56 9118 80 287 94 11 939 759 6 178 34 560 43 31 1503 85 435 105 32 168 74 2691 389 18 242 101 139
internal_value=-0.00164288 0.00151999 0.00327973 -0.0261604 -0.046111 -0.00431406 0.0055779 -0.0462209 0.0220163 0.0036107 -0.00117342 0.000972122 -0.00415637 -0.000868271 0.0123666 0.0266049 0.0749987 0.00564995 -0.0384423 -4.11788e-05 -0.0025157 -0.0288601 -0.0176005 0.017818 -6.03751e-05 -0.0159976 -0.0357484 -0.00976879 0.00404062 -0.0240334
internal_weight=2239.66 2091.28 2016.77 22.4207 74.5101 5.04465 9.75601 148.379 1.15064 1994.35 187.599 176.476 121.7 114.291 54.7756 17.5572 2.08241 37.2184 2.45929 112.991 99.2409 8.46078 7.42208 13.7506 90.7801 18.5789 9.60896 7.43072 72.2012 5.86287
internal_count=113690 94738 85298 1809 9440 322 343 18952 105 83489 8532 7593 5365 4606 2228 634 74 1594 91 4572 4063 378 346 509 3685 754 365 347 2931 240
is_linear=0
shrinkage=0.05


Tree=44
num_leaves=31
num_cat=0
split_feature=10 10 4 4 3 2 6 2 0 2 2 0 4 2 1 2 3 3 4 1 0 3 0 2 3 1 0 5 1 1
split_gain=579.604 1085.16 26.5187 15.1689 4.81243 4.19286 4.1237 3.54314 9.44135 4.59119 3.03094 2.93603 2.62463 4.58459 5.11841 2.72631 2.56199 3.6055 6.0416 10.2103 11.3302 5.79027 2.89021 14.7424 3.53375 3.3859 9.0954 6.34204 2.48693 5.997
threshold=1.0991991879725476 1.0992168415445007 3.5000000000000004 21.500000000000004 1.1899999999999997 8.9500000000000011 1.5000000000000002 2.6500000000000008 35.030000000000008 7.3500000000000005 4.4500000000000011 32.090000000000011 19.500000000000004 5.4500000000000011 36.410000000000004 3.6500000000000008 4.1299999999999981 4.5000000000000027 8.5000000000000018 40.720000000000006 44.845000000000006 4.2500000000000027 37.910000000000004 4.0500000000000007 1.8099999999999972 34.410000000000004 36.780000000000008 1.0000000180025095e-35 34.780000000000008 34.590000000000011
decision_type=2 2 2 2 2 2 2 2 2 2 2 2 2 2 2 2 2 2 2 2 2 2 2 2 2 2 2 2 2 2
left_child=-1 2 7 4 5 -4 10 -2 9 -9 -5 -11 16 14 15 -14 22 18 19 20 21 -18 23 -6 -25 -26 -27 -28 29 -19
right_child=1 -3 3 6 12 -7 -8 8 -10 11 -12 -13 13 -15 -16 -17 17 28 -20 -21 -22 -23 -24 24 25 26 27 -29 -30 -31
leaf_value=-0.048170575301354573 -0.044416041412942135 -0.046645127960367648 -0.013857285157989297 -0.050513165428670452 -0.089678414887524538 0.038903673714539344 -0.050545740798242512 -0.052553203822446486 0.096654691886916944 -0.030814858537342102 0.036195603060386897 0.063233922774275531 -0.048635300783250623 0.052834391338704656 0.031564100377499113 0.015355501214585773 -0.033154884411096174 0.035598831305850093 0.038391488674620777 0.054263323467547246 -0.084250588264732432 0.0496113398078089 0.046893551969908895 0.051116452740237753 0.041060594235579624 -0.044969371185420083 -0.012896418142552858 0.051264788463541239 0.041959642644735479 -0.030332497389415874
leaf_weight=513.60807454725727 8.1817576750181633 535.63417674088851 7.5117833935655636 1.3889407399110476 2.2244562916457644 7.550397053360939 5.3523689564317465 5.2732343408279103 2.0197306331247082 1.4737325459718706 3.6731002191081643 1.8993232622742651 3.0833490993827573 23.560246489942074 73.256491793319583 3.6171198869124055 3.750865653157236 28.791183589026332 48.437782719731331 7.0724403858184806 4.5300358682870856 4.8398096049204469 343.20924817025661 45.548557721078396 46.528327885083854 4.6360435336828258 5.3676039725542095 13.635152816772459 469.59027652442455 3.9183710962533942
leaf_count=54156 986 49231 135 166 46 40 659 573 19 124 64 13 117 150 459 28 22 190 310 47 20 31 2264 313 309 25 30 87 3053 23
internal_value=-0.00157428 0.0123758 0.0391689 0.0401239 0.0406676 0.0125908 -0.0199482 -0.0196639 -0.000676927 -0.0234131 0.0124041 0.0221428 0.04104 0.03345 0.0277382 -0.0140911 0.0418013 0.0395624 0.028813 0.00583692 -0.0202663 0.0134739 0.0445731 0.0378207 0.0402717 0.0332318 0.0178224 0.0331415 0.0410311 0.0277007
internal_weight=2229.16 1715.56 1179.92 1161.07 1150.66 15.0622 10.4144 18.8478 10.666 8.64629 5.06204 3.37306 1135.6 103.517 79.957 6.70047 1032.08 570.931 68.6309 20.1932 13.1207 8.59068 461.149 117.94 115.716 70.1671 23.6388 19.0028 502.3 32.7096
internal_count=113690 59534 10303 8588 7699 175 889 1715 729 710 230 137 7524 754 604 145 6770 3696 430 120 73 53 3074 810 764 451 142 117 3266 213
is_linear=0
shrinkage=0.05


Tree=45
num_leaves=31
num_cat=0
split_feature=10 10 4 4 2 0 6 7 0 2 7 4 0 2 3 4 2 0 2 3 3 2 7 3 7 3 3 3 5 6
split_gain=558.987 1017.26 22.1002 11.6365 6.81243 10.4607 5.60263 4.02879 3.49695 4.5862 3.25882 2.50943 5.40817 10.7951 4.22225 2.11167 6.94802 14.4364 5.37758 2.56457 3.6173 2.68154 2.53463 4.36259 3.72106 2.43555 3.6261 2.31871 3.53309 4.50135
threshold=1.0992168415445007 1.0991991879725476 3.5000000000000004 21.500000000000004 2.6500000000000008 33.410000000000004 1.5000000000000002 8.5000000000000018 30.345000000000002 11.750000000000002 2.5000000000000004 4.5000000000000009 41.155000000000008 0.65000000000000002 5.1250000000000009 18.500000000000004 5.4500000000000011 40.280000000000008 0.55000000000000016 2.6899999999999999 2.3099999999999974 -0.54999999999999993 15.500000000000002 4.4999999999999991 28.500000000000004 1.500000000000002 1.250000000000002 6.9999999999999991 3.5000000000000004 6.5000000000000009
decision_type=2 2 2 2 2 2 2 2 2 2 2 2 2 2 2 2 2 2 2 2 2 2 2 2 2 2 2 2 2 2
left_child=1 -1 4 8 -3 10 7 -5 9 -4 -6 12 13 -10 -15 -13 17 18 -17 20 21 -19 23 -21 -24 26 -20 28 29 -25
right_child=-2 2 3 6 5 -7 -8 -9 11 -11 -12 15 -14 14 -16 16 -18 19 25 22 -22 -23 24 27 -26 -27 -28 -29 -30 -31
leaf_value=-0.047511434139330122 -0.047008307779937974 -0.050436447505142895 -0.060350390564053669 0.047976896207501701 0.025653206929282781 0.066995630862699926 -0.050525541936148138 -0.050460378294257341 -0.070777299959835879 0.070716792676191312 -0.052105337989556133 0.041702991154064513 0.03969454305134025 -0.033158388851259997 0.0438175958923257 -0.083122032109945676 0.052234540894713424 0.0094305457198355109 -0.055891451471391712 0.050090993357724913 -0.010202372408602275 0.065672682986175943 0.053376187229286047 0.036449703940856816 0.016645253191614136 -0.0338951854656638 0.034475947596751821 -0.021160679624270817 0.04258674010658977 -0.020733136768679147
leaf_weight=487.96808245964348 509.67620994104072 7.8201687405817237 1.9059742167592042 4.0226362841203791 1.8753080205060522 4.7335518966428936 5.0812521893531084 1.4015984321013091 3.6467814436182371 1.0270952731370924 4.7867261613719165 894.74715496599674 36.793757081031799 2.2286687856540075 8.8776520416140539 2.6681603323668233 45.769644842483103 4.110123336315155 1.4134004237130264 17.601426966488361 6.9589803516864768 4.3755239844322187 38.311220459640026 6.4785384088754707 8.4084592238068563 4.1297364355996251 5.1728426776826382 3.251010298728942 12.725044973194597 7.3414530158042908
leaf_count=53968 49028 995 88 53 37 84 656 176 39 5 604 5981 235 48 52 85 307 19 46 115 46 26 258 42 53 36 49 19 84 44
internal_value=-0.0012867 0.0129605 0.0386722 0.0395776 -0.0144985 0.0101637 -0.0127995 0.0225411 0.0400698 -0.0144536 -0.0302169 0.0402133 0.0294392 0.00386285 0.0283711 0.0407355 0.0356046 0.0294137 -0.0196067 0.035402 0.016518 0.0384311 0.0385009 0.0303545 0.0467655 -0.00379214 0.0150832 0.0186956 0.0235768 0.00607305
internal_weight=2145.31 1635.63 1147.66 1128.45 19.2158 11.3956 10.5055 5.42423 1117.94 2.93307 6.66203 1115.01 51.5469 14.7531 11.1063 1063.46 168.716 122.946 13.3841 109.562 15.4446 8.48565 94.1172 47.3975 46.7197 10.716 6.58624 29.796 26.545 13.82
internal_count=113278 64250 10282 8562 1720 725 885 229 7677 93 641 7584 374 139 100 7210 1229 922 216 706 91 45 615 304 311 131 95 189 170 86
is_linear=0
shrinkage=0.05


Tree=46
num_leaves=31
num_cat=0
split_feature=10 10 1 2 0 4 2 2 4 2 0 2 6 3 3 2 1 3 2 0 2 2 4 0 2 3 3 0 0 3
split_gain=527.824 951.895 22.3004 10.07 8.86407 7.08446 11.1445 3.27181 2.9889 4.93783 7.52814 3.25339 3.1296 2.77259 2.37627 2.27306 1.77654 1.71189 1.76454 2.53467 1.73131 2.267 1.68045 5.41724 9.1123 1.71676 4.54329 1.9771 6.61421 1.46
threshold=1.0992168415445007 1.0991991879725476 31.530000000000005 4.8500000000000005 29.345000000000002 3.5000000000000004 2.6500000000000008 11.750000000000002 20.500000000000004 5.0500000000000007 40.530000000000008 0.55000000000000016 6.5000000000000009 1.500000000000002 1.7499999999999984 -1.6499999999999997 43.655000000000008 5.1250000000000009 6.4500000000000011 35.030000000000008 12.15 10.15 4.5000000000000009 41.155000000000008 0.65000000000000002 1.3750000000000002 1.3149999999999997 36.410000000000004 36.530000000000008 7.6250000000000009
decision_type=2 2 2 2 2 2 2 2 2 2 2 2 2 2 2 2 2 2 2 2 2 2 2 2 2 2 2 2 2 2
left_child=1 -1 3 -3 7 6 -4 -5 22 10 11 -10 -13 -14 -8 16 -12 18 19 -6 21 -20 23 24 -7 26 -24 -27 -29 -25
right_child=-2 2 5 4 17 8 14 -9 9 -11 15 12 13 -15 -16 -17 -18 -19 20 -21 -22 -23 25 29 -26 27 -28 28 -30 -31
leaf_value=-0.047347218329561638 -0.046817168839522881 -0.047384494872255656 -0.050434352352646386 -0.052301615126681827 -0.051977064084805839 -0.071381863813908694 0.013474216979497217 0.070127648520625058 -0.048513267366350747 0.056322822457468981 -0.010166745436111967 0.035294538008931266 0.0056966981464219848 -0.07635790632874849 0.098616480922277372 0.046489070899274412 0.042324719703416204 0.058588664581128262 0.022497204706820494 0.06880929418615421 0.0067366546866658014 0.071276485005390383 0.039953367732849951 0.044298753455117919 0.037601880707425914 0.050344685085691815 -0.019796576927711078 -0.011800134343136147 0.040477407884119306 0.020692625298326963
leaf_weight=465.73938585445285 486.74904172448441 8.7103608427569252 5.3887138683348876 5.3974833632819381 1.6256969291716878 3.2474615257233372 1.3567687687464061 0.60708256065845478 4.2297431970946482 10.821738041937349 3.9272316121496287 4.2998370886780304 2.7860473981127143 1.6328409295529125 2.0694395434111357 14.965810898691414 2.7340734452009201 3.8970504738390437 6.506043122615667 0.59268237650394429 6.1089200675487509 3.7575371712446213 12.226973086595537 27.31571039557457 4.6849709171801805 49.95345176756382 4.3005579933524123 6.0909209698438636 910.53292436897755 8.6161061823368055
leaf_count=53968 49028 881 705 631 119 30 21 3 343 65 33 53 36 49 29 104 13 23 69 3 36 23 79 177 33 340 34 36 6256 58
internal_value=-0.00127854 0.012714 0.0377258 -0.000336218 0.0140468 0.0390355 -0.00560573 -0.0399236 0.0394025 0.0268474 0.017622 -0.0125302 0.00492638 -0.0246236 0.0649004 0.0356746 0.0113779 0.0284576 0.0221414 -0.0197067 0.0278116 0.0403555 0.0399575 0.0303823 -0.00701502 0.0403847 0.0244061 0.0406579 0.04013 0.0386382
internal_weight=2070.87 1584.12 1118.38 37.2029 28.4925 1081.18 8.81492 6.00457 1072.37 45.3973 34.5756 12.9485 8.71873 4.41889 3.42621 21.6271 6.66131 22.4879 18.5909 2.21838 16.3725 10.2636 1026.97 43.8642 7.93243 983.105 16.5275 966.577 916.624 35.9318
internal_count=113278 64250 10282 1788 907 8494 755 634 7739 696 631 481 138 85 50 150 46 273 250 122 128 92 7043 298 63 6745 113 6632 6292 235
is_linear=0
shrinkage=0.05


Tree=47
num_leaves=31
num_cat=0
split_feature=10 10 1 2 0 4 2 2 4 2 0 2 0 0 3 2 5 3 2 0 3 4 0 2 3 3 0 0 7 0
split_gain=498.34 890.77 20.681 9.42504 8.24423 6.5509 10.3383 3.09413 2.87239 4.61044 6.93964 3.06986 2.5563 2.49209 2.16665 2.16022 1.8571 1.5994 1.61083 2.38997 1.63344 1.59784 5.02349 8.49252 1.65115 4.21141 1.9407 6.24146 1.46033 1.42859
threshold=1.0992168415445007 1.0991991879725476 31.530000000000005 4.8500000000000005 29.345000000000002 3.5000000000000004 2.6500000000000008 11.750000000000002 20.500000000000004 5.0500000000000007 40.530000000000008 0.55000000000000016 35.780000000000008 37.910000000000004 1.7499999999999984 -1.6499999999999997 3.5000000000000004 5.1250000000000009 6.4500000000000011 35.030000000000008 2.8450000000000011 4.5000000000000009 41.155000000000008 0.65000000000000002 1.3750000000000002 1.3149999999999997 36.410000000000004 36.530000000000008 4.5000000000000009 42.410000000000004
decision_type=2 2 2 2 2 2 2 2 2 2 2 2 2 2 2 2 2 2 2 2 2 2 2 2 2 2 2 2 2 2
left_child=1 -1 3 -3 7 6 -4 -5 21 10 11 -10 -13 -14 -8 16 -12 18 19 -6 28 22 23 -7 25 -23 -26 -28 -20 -24
right_child=-2 2 5 4 17 8 14 -9 9 -11 15 12 13 -15 -16 -17 -18 -19 20 -21 -22 24 29 -25 26 -27 27 -29 -30 -31
leaf_value=-0.047177735423802263 -0.046619977338952012 -0.046820818063029949 -0.050413067832073402 -0.052256269517471622 -0.051885656133619042 -0.070632839723039326 0.012809091867719283 0.06877496020267572 -0.047940639234015231 0.054864860488217107 0.038185777248165145 -0.054151075439462126 0.048420481142748717 -0.010674557850024004 0.094213759278121964 0.045301097346454634 -0.014787366114769725 0.056962150310300552 0.010345951181789007 0.06756313872214019 -0.0055766797856405433 0.038896920655079492 0.062045149048675877 0.03598123581819182 0.0494373621989041 -0.018775589264884505 -0.011146590382905934 0.03950153976063376 0.046103637173658535 0.033435764369346095
leaf_weight=444.57689750799909 464.9196252268739 8.3828115742653591 5.1280128001235408 5.1385891619138446 1.5490664197132056 3.1210100669413796 1.3558827061206105 0.58854183554649342 4.070311506278812 10.560543134808539 3.2090974580496576 1.5223641977645437 3.3765642591752112 3.7825718447566032 2.0581378582865 14.599754178896545 3.4152608620934188 3.8101410306990138 4.2215850669890669 0.57390928268432606 3.1520059700123957 11.938519760966303 5.1062124222517005 4.6520485710352659 48.367184162139893 4.3075124844908705 6.1247446835041037 886.98009672760963 8.8223800803534669 29.9966641664505
leaf_count=53968 49028 881 705 631 119 30 21 3 343 65 29 85 31 22 29 104 17 23 30 3 23 79 33 33 340 34 36 6256 75 202
internal_value=-0.00127019 0.0124699 0.0368003 -0.0003383 0.0136498 0.0380776 -0.00553104 -0.0398186 0.038434 0.0260095 0.0170406 -0.0121123 0.00468582 0.0171973 0.0618838 0.0345562 0.0108749 0.0274877 0.0213573 -0.0195948 0.0267253 0.038987 0.0295438 -0.00682606 0.0394098 0.0236055 0.0396825 0.0391542 0.0345309 0.0375974
internal_weight=1999.41 1534.49 1089.91 36.239 27.8562 1053.67 8.54203 5.72713 1045.13 44.5365 33.9759 12.7518 8.6815 7.15914 3.41402 21.2241 6.62436 22.1291 18.3189 2.12298 16.196 1000.59 42.8759 7.77306 957.718 16.246 941.472 893.105 13.044 35.1029
internal_count=113278 64250 10282 1788 907 8494 755 634 7739 696 631 481 138 53 50 150 46 273 250 122 128 7043 298 63 6745 113 6632 6292 105 235
is_linear=0
shrinkage=0.05


Tree=48
num_leaves=31
num_cat=0
split_feature=10 10 1 2 0 4 2 2 4 2 0 2 6 2 0 5 2 0 2 2 4 0 0 0 4 4 5 1 0 0
split_gain=470.434 833.516 19.1977 8.81337 7.66217 6.05856 9.59434 2.92746 2.76262 4.30823 6.3862 2.89441 2.78758 2.06301 1.81652 1.68325 1.57021 17.6549 3.47513 2.86277 2.79906 5.37786 2.20453 4.46353 2.8898 4.28306 1.94846 2.54963 1.82314 1.8659
threshold=1.0992168415445007 1.0991991879725476 31.530000000000005 4.8500000000000005 29.345000000000002 3.5000000000000004 2.6500000000000008 11.750000000000002 20.500000000000004 5.0500000000000007 40.530000000000008 0.55000000000000016 6.5000000000000009 -1.6499999999999997 34.280000000000008 3.5000000000000004 1.8500000000000003 41.155000000000008 0.95000000000000007 1.0000000180025095e-35 6.5000000000000009 45.530000000000008 44.655000000000008 45.720000000000006 8.5000000000000018 17.500000000000004 4.5000000000000009 40.720000000000006 45.220000000000006 45.655000000000008
decision_type=2 2 2 2 2 2 2 2 2 2 2 2 2 2 2 2 2 2 2 2 2 2 2 2 2 2 2 2 2 2
left_child=1 -1 3 -3 7 6 -4 -5 16 10 11 -10 -13 15 -8 -12 17 19 28 -7 21 -20 -22 24 -24 26 27 -26 -19 -30
right_child=-2 2 5 4 -6 8 14 -9 9 -11 13 12 -14 -15 -16 -17 -18 18 20 -21 22 -23 23 -25 25 -27 -28 -29 29 -31
leaf_value=-0.047002691261405119 -0.046416416499150265 -0.046232337192015215 -0.050392831327862313 -0.052210266495454329 0.026504022446063358 -0.079848060596767842 0.022521938222806778 0.067536343614811423 -0.047352647857823095 0.053447554466336991 0.036447742235405554 0.033049848155875257 -0.023781751687946707 0.044139088610989988 0.095582219456948406 -0.014026893066402908 0.03973637028655555 0.048788155229502701 -0.028653200335425091 -0.0097344716110019571 0.045503483492661811 0.037364020537067215 -0.036690560058989602 0.037527785224976656 -0.010026432851534997 -0.031530660597604308 0.060426522168447044 0.046918789004800426 0.019682753610409661 0.038721328680215938
leaf_weight=424.43031650641933 444.13637869851664 8.0729406806640309 4.8798261582851392 4.8921765130944577 21.81111995736137 3.4026255831122389 1.7046929243952038 0.56984302401542652 3.9186733569949856 10.30510790646076 3.1943987146951285 4.2896287613548321 4.3414055099710822 14.244035359472035 1.6984354658052323 3.4202659009024501 566.72630216181278 43.622734203934669 5.9047366231679899 2.5446229372173548 20.343297615647316 6.4595934152603149 3.2029684185981777 31.060987055301666 4.2301484644412977 3.6697515547275534 3.6934627890586853 3.6718413084745407 13.531537041068075 263.00466458499432
leaf_count=53968 49028 881 705 631 273 30 28 3 343 65 29 53 85 104 22 17 4096 313 34 20 145 45 18 223 29 24 26 26 96 1918
internal_value=-0.00126149 0.0122268 0.0358888 -0.000341911 0.0132418 0.0371357 -0.00545398 -0.0397173 0.0374819 0.0251849 0.016467 -0.0117161 0.00446358 0.0334235 0.0589849 0.0103487 0.0380332 0.0356694 0.0369334 -0.0498489 0.0277653 0.00583669 0.0316457 0.0259538 0.00648791 0.0155477 0.0304471 0.0164345 0.0392883 0.0377897
internal_weight=1930.98 1486.84 1062.41 35.3461 27.2731 1027.07 8.28295 5.46202 1018.78 43.7135 33.4084 12.5497 8.63103 20.8587 3.40313 6.61466 975.069 408.343 402.396 5.94725 82.2368 12.3643 69.8725 49.5292 18.4682 15.2652 11.5955 7.90199 320.159 276.536
internal_count=113278 64250 10282 1788 907 8494 755 634 7739 696 631 481 138 150 50 46 7043 2947 2897 50 570 79 491 346 123 105 81 55 2327 2014
is_linear=0
shrinkage=0.05


Tree=49
num_leaves=31
num_cat=0
split_feature=10 10 1 2 0 4 2 2 4 2 0 1 2 2 6 1 3 0 7 7 2 3 0 0 3 3 2 0 3 3
split_gain=444.033 779.906 17.8976 8.22641 7.09491 5.59977 8.92066 2.77089 2.66799 6.6651 6.52658 3.64423 5.21948 3.58347 3.5484 2.27322 2.08888 1.89037 1.81977 5.73054 3.62839 3.46835 2.17513 4.72373 1.69321 1.52281 1.52194 4.34828 3.7751 1.51922
threshold=1.0992168415445007 1.0991991879725476 31.530000000000005 4.8500000000000005 29.345000000000002 3.5000000000000004 2.6500000000000008 11.750000000000002 19.500000000000004 5.4500000000000011 41.155000000000008 43.970000000000006 -1.9499999999999997 1.2500000000000002 6.5000000000000009 38.720000000000006 1.5600000000000007 34.655000000000008 13.500000000000002 9.5000000000000018 1.4500000000000002 3.4300000000000019 44.590000000000011 45.280000000000008 1.5600000000000007 5.1250000000000009 8.0500000000000025 32.910000000000004 2.0000000000000022 7.8150000000000022
decision_type=2 2 2 2 2 2 2 2 2 2 2 2 2 2 2 2 2 2 2 2 2 2 2 2 2 2 2 2 2 2
left_child=1 -1 3 -3 7 6 -4 -5 29 10 13 12 -12 15 -15 -10 -16 -8 19 21 -21 -14 -20 -24 -11 26 28 -28 -6 -7
right_child=-2 2 5 4 25 8 17 -9 9 24 11 -13 18 14 16 -17 -18 -19 22 20 -22 -23 23 -25 -26 -27 27 -29 -30 -31
leaf_value=-0.046821783872802614 -0.046206166989796495 -0.045619309096452398 -0.050373589529219547 -0.052163640168365971 -0.058975213299980914 0.037214482823840503 0.025317115875663449 0.066399272009979277 -0.051142649631553197 0.026318208664934312 -0.015793478754855025 0.063474033962950357 -0.001061355542870932 0.036498014532141639 0.0090461550571972957 0.023865486650191343 -0.054756259229742026 0.10134330105478535 0.061234408479506633 0.021403936402932925 -0.058815641963624023 0.05547108105409454 -0.030939082316444589 0.041486355111392509 0.05984553290591263 0.05465980007556414 0.045837759616768503 -0.01716856244974067 0.033333838531178515 0.059727273339037046
leaf_weight=405.25166294211522 424.35005055740476 7.7798318727873257 4.6435625962913019 4.6576380506157902 1.9174044555984497 888.40134078636765 2.0023170812055473 0.55109670758247364 4.9059535278938737 4.7946444526314762 6.7716632136143735 7.0291218161582938 3.9156245142221477 6.3659932855516654 2.9005489787086844 1.2719941884279249 2.3002011780627072 1.3819512734189627 8.2405354753136653 2.5896816402673712 3.0933219268918037 8.8344244062900525 2.6829910278320339 13.993830755352972 17.548836909234524 3.6845078114420167 9.5854058517143113 3.8335016518831244 2.6224591061472893 7.5575246065855017
leaf_count=53968 49028 881 705 631 101 6592 33 3 401 29 49 48 26 54 32 6 26 17 58 19 25 63 18 107 130 23 65 25 59 56
internal_value=-0.00125187 0.0119854 0.0349921 -0.000346153 0.0127708 0.0362145 -0.00537736 -0.0396194 0.0365506 0.0286844 0.0215345 0.0297589 0.0250307 -0.00495428 0.0114669 -0.035699 -0.0191725 0.0563621 0.0314078 0.0194972 -0.0222605 0.0381096 0.0402189 0.0298344 0.052651 0.0253792 0.0193719 0.0278382 -0.00565275 0.0374044
internal_weight=1865.46 1441.11 1035.86 34.6318 26.852 1001.23 8.02783 5.20873 993.198 97.2394 74.8959 57.1512 50.1221 17.7447 11.5667 6.17795 5.20075 3.38427 43.3504 18.4331 5.683 12.75 24.9174 16.6768 22.3435 21.6433 17.9588 13.4189 4.53986 895.959
internal_count=113278 64250 10282 1788 907 8494 755 634 7739 1091 932 413 365 519 112 407 58 50 316 133 44 89 183 125 159 273 250 90 160 6648
is_linear=0
shrinkage=0.05


Tree=50
num_leaves=31
num_cat=0
split_feature=10 10 0 2 0 4 4 2 3 2 2 7 4 3 5 3 0 0 7 4 2 6 3 3 5 3 2 5 0 0
split_gain=412.163 718.856 14.6009 22.9564 5.00242 4.01105 3.70401 6.39529 3.49684 3.55299 3.15766 2.59596 2.74772 3.0841 3.07095 2.25057 2.94064 3.3976 6.82366 7.11971 3.56687 3.40256 3.18284 3.00261 4.13932 2.47973 2.19476 2.39522 2.95089 2.178
threshold=1.0992168415445007 1.0991991879725476 34.530000000000008 6.6500000000000012 29.345000000000002 21.500000000000004 3.5000000000000004 0.75000000000000011 4.8099999999999978 4.8500000000000005 11.750000000000002 2.5000000000000004 19.500000000000004 1.750000000000002 1.5000000000000002 3.0600000000000009 45.470000000000006 45.155000000000008 17.500000000000004 8.5000000000000018 -0.34999999999999992 11.500000000000002 4.9999999999999991 5.0650000000000004 4.5000000000000009 5.8700000000000001 13.050000000000002 1.5000000000000002 34.030000000000008 38.155000000000008
decision_type=2 2 2 2 2 2 2 2 2 2 2 2 2 2 2 2 2 2 2 2 2 2 2 2 2 2 2 2 2 2
left_child=1 -1 3 -3 10 6 7 -4 9 -9 -5 -8 15 14 -14 29 17 20 19 -19 -17 -22 -21 -23 -25 -26 27 28 -6 -13
right_child=-2 2 5 4 26 -7 11 8 -10 -11 -12 12 13 -15 -16 16 -18 18 -20 22 21 23 -24 24 25 -27 -28 -29 -30 -31
leaf_value=-0.046523773514439482 -0.045871201651307106 -0.049391671428708608 -0.050349502686191483 -0.053135523717461719 0.038499576781549527 -0.023919397138716256 0.045275067058504342 -0.051082245411297113 0.15373354802049097 0.068232189449514702 0.065092140249701266 0.032754124764342911 -0.029424494569779441 0.030415545484101188 0.020043999229237393 -0.015114792653138615 0.037328833788325459 -0.051505344171524275 0.048057470638340927 0.049832157527581494 0.029377943776487832 0.050382925883885724 -0.011082130618308686 0.041271942404516919 -0.036420934883874705 0.026381692380047641 0.0019705774988297811 0.048547517104129197 -0.016169958309090304 0.043370225316206101
leaf_weight=388.81962662469596 406.0122178029269 13.205663451459257 3.3883080184459677 2.8350132014602418 6.9416178259998578 2.9021256561391047 60.033424815163016 1.0123053323477513 0.62802139297127713 1.6263948455452917 0.7052585333585738 72.786878369748592 4.4370857700705519 70.656804316677153 10.70980603713542 3.9838994927704325 300.36694497615099 5.8572273105382946 8.2217979580163938 4.3787629902362806 203.66821321938187 42.245352119207382 4.2026564478874207 15.883323282003404 3.3118821978569022 2.9914817661046982 4.9518305212259284 19.093454579357058 3.8303154855966568 143.69061799347401
leaf_count=54212 49090 1451 540 355 49 296 465 105 14 11 4 535 37 542 97 31 2302 31 59 30 1522 322 30 119 25 22 32 148 24 1130
internal_value=-0.00149049 0.0113129 0.0333915 0.00746712 0.0270424 0.0347739 0.0349506 -0.00222238 0.047696 0.0224587 -0.0295834 0.035209 0.0345356 0.0260265 0.00555284 0.0354352 0.0338472 0.0302991 0.0116974 -0.00900706 0.0318483 0.0325462 0.0200001 0.0425608 0.0276668 -0.00661575 0.0328002 0.0379119 0.01906 0.0398007
internal_weight=1813.38 1407.37 1018.55 51.5632 38.3575 966.983 964.081 6.65503 3.26672 2.6387 3.54027 957.426 897.393 85.8037 15.1469 811.589 595.112 294.745 22.6604 14.4386 272.084 268.1 8.58142 64.432 22.1867 6.30336 34.8172 29.8654 10.7719 216.477
internal_count=113630 64540 10328 2063 612 8265 7969 670 130 116 359 7299 6834 676 134 6158 4493 2191 150 91 2041 2010 60 488 166 47 253 221 73 1665
is_linear=0
shrinkage=0.05


Tree=51
num_leaves=31
num_cat=0
split_feature=10 10 1 2 1 4 2 4 0 0 2 0 7 7 7 3 3 3 1 1 0 3 3 5 3 7 5 5 1 0
split_gain=388.892 672.391 15.1005 11.554 6.99698 4.18074 5.15853 3.67777 3.33813 18.0505 5.17676 5.12936 2.71055 4.89724 7.66572 7.99002 11.4646 11.8464 5.16074 9.33466 3.47556 2.91987 2.6086 2.47233 2.45185 4.01376 3.21199 2.31448 2.66379 2.32186
threshold=1.0992168415445007 1.0991991879725476 32.410000000000004 4.8500000000000005 27.410000000000004 2.5000000000000004 2.6500000000000008 19.500000000000004 45.280000000000008 45.155000000000008 1.2500000000000002 39.530000000000008 7.5000000000000009 11.500000000000002 10.500000000000002 4.5000000000000027 4.2399999999999975 2.4700000000000011 34.780000000000008 34.410000000000004 47.720000000000006 1.1899999999999997 7.0000000000000027 3.5000000000000004 1.620000000000003 8.5000000000000018 1.5000000000000002 1.5000000000000002 31.655000000000005 32.280000000000008
decision_type=2 2 2 2 2 2 2 2 2 2 2 2 2 2 2 2 2 2 2 2 2 2 2 2 2 2 2 2 2 2
left_child=1 -1 3 22 -5 6 -4 12 9 10 11 -9 20 14 18 16 17 -16 19 -14 21 -7 -3 -13 25 -12 -27 28 -6 -29
right_child=-2 2 5 4 27 7 -8 8 -10 -11 24 23 13 -15 15 -17 -18 -19 -20 -21 -22 -23 -24 -25 -26 26 -28 29 -30 -31
leaf_value=-0.046325497667454502 -0.045641776777084787 -0.048017906330420829 -0.050343505485492171 -0.03886227013226666 0.029437499214460563 -0.019886576368742734 0.17191965135419668 -0.059110122836648731 0.037882754468475749 -0.11047087354428112 0.057315781426844875 -0.0080931665204902678 0.038833593176187002 0.035780696843171804 -0.038322235288681762 0.034408572263329759 -0.077280727001795627 0.048236731268430248 0.038816498078407535 -0.039154437523857055 0.024204658349221427 0.044156928459833301 0.036322224046561609 0.039772248572615188 0.038684571671441063 -0.048001553995572044 0.016944839064342746 0.0053625591183611952 -0.017915622577775295 0.040144084283283345
leaf_weight=371.40024652285501 388.10373986978084 9.5243467274121922 2.4970011990517373 4.7975551821291438 6.1215008492581529 1.8001555651426304 0.29153309250250448 3.141261115204542 32.386241920292377 2.6155705004930487 3.4502379167824975 6.0068451128900033 9.4507767399772984 535.88185488665476 7.5313235213980105 13.927333681844173 5.3944236794486633 8.3189512491226179 67.72526752948761 6.4593531684949985 27.597403936088085 156.82874831277877 1.0144626796245564 4.8971183486282825 33.977986160200089 3.0145691148936731 5.166263529099524 6.1012218417599824 5.7686202693730593 22.466872288845479
leaf_count=54212 49090 1165 415 583 97 11 5 303 244 20 26 55 75 4314 53 103 30 60 527 38 220 1256 6 43 257 20 41 152 40 169
internal_value=-0.00147533 0.0110772 0.0325219 0.00725067 0.0182306 0.0340245 -0.0271065 0.0342067 0.0248629 0.0180913 0.0237282 -0.00281415 0.0352585 0.0337445 0.0245603 0.00497545 -0.01432 0.00710788 0.0327966 0.00717123 0.0405811 0.0434301 -0.0398994 0.0134038 0.0319019 0.0120875 -0.00698737 0.0250007 0.00646362 0.0327159
internal_weight=1753.66 1365.56 994.155 55.7946 45.2558 938.36 2.78853 935.572 94.6561 62.2699 59.6543 14.0452 840.916 654.689 118.807 35.172 21.2447 15.8503 83.6354 15.9101 186.226 158.629 10.5388 10.904 45.6091 11.6311 8.18083 40.4582 11.8901 28.5681
internal_count=113630 64540 10328 2212 1041 8116 420 7696 1009 765 745 401 6687 5200 886 246 143 113 640 113 1487 1267 1171 98 344 87 61 458 137 321
is_linear=0
shrinkage=0.05


Tree=52
num_leaves=31
num_cat=0
split_feature=10 10 1 6 1 4 4 0 0 7 7 6 7 4 1 7 3 3 3 4 0 3 7 1 3 7 3 4 0 1
split_gain=366.893 628.998 14.1229 5.8176 5.28999 3.87072 3.51237 3.14518 16.1587 2.63412 4.62799 8.9505 10.0656 7.5748 8.23579 6.30386 9.06738 14.333 3.64165 5.40365 3.38869 2.76432 2.4255 4.44417 2.87875 2.4834 2.36238 2.36188 4.74213 4.3981
threshold=1.0992168415445007 1.0991991879725476 32.410000000000004 11.500000000000002 27.410000000000004 2.5000000000000004 19.500000000000004 45.280000000000008 45.155000000000008 7.5000000000000009 11.500000000000002 6.5000000000000009 10.500000000000002 8.5000000000000018 35.030000000000008 9.5000000000000018 5.2500000000000027 5.8700000000000001 2.5649999999999999 14.500000000000002 47.720000000000006 1.1899999999999997 10.500000000000002 35.280000000000008 1.6850000000000007 16.500000000000004 1.500000000000002 4.5000000000000009 43.590000000000011 35.410000000000004
decision_type=2 2 2 2 2 2 2 2 2 2 2 2 2 2 2 2 2 2 2 2 2 2 2 2 2 2 2 2 2 2
left_child=1 -1 3 4 -3 -4 9 8 22 20 11 -11 15 -14 -15 16 18 -18 19 -13 21 -7 -8 25 26 -24 -25 28 29 -12
right_child=-2 2 5 -5 -6 6 7 -9 -10 10 27 12 13 14 -16 -17 17 -19 -20 -21 -22 -23 23 24 -26 -27 -28 -29 -30 -31
leaf_value=-0.046120286210693744 -0.045404553287946521 -0.038334476981911267 -0.02693596915356938 -0.048606410893598434 0.017019294431778482 -0.018671716844416153 0.035852015539370778 0.036923057359342697 -0.10285957747062296 0.038034317482428776 0.0087248622563178713 0.03821664944195087 -0.063458520233808394 -0.050066602652631575 0.035237247204599975 0.049694380226593039 -0.12262966976738124 0.028894077951920158 0.045009739264554524 -0.041797576439265863 0.02340276408105562 0.043302390362110324 -0.085748410696522157 0.020947429374141801 0.031476516553110928 -0.0073635924396959823 -0.040128069879219436 0.035652459724609127 0.034728275701740419 -0.077937551441744621
leaf_weight=354.81963037559763 371.05644472083077 4.7665733336471012 2.6722763688303521 4.3294684709981075 45.679759799968451 1.8208656758069981 22.520164053421468 31.587150491774082 2.6672285571694365 56.848705558571965 6.6031973622739333 4.5818042010068947 6.5511486562900272 4.5219531431794149 7.5598818361759186 15.201227642595766 2.980199806392192 3.2765724211931229 10.933581113815306 3.9113292098045349 27.128031559288502 152.04961132444441 1.2464848295785476 3.5328327966854003 23.045825004577637 5.3365998612716794 2.8690838823094964 495.90585068613291 18.315226435661316 1.8810620568692682
leaf_count=54212 49090 605 420 482 1125 11 225 244 20 461 133 34 35 33 52 116 20 25 87 23 220 1256 47 25 220 207 21 4011 140 30
internal_value=-0.00145924 0.010846 0.0316769 0.00701538 0.011789 0.0331524 0.0333283 0.0241089 0.017497 0.0343716 0.0328635 0.0238456 0.0102932 -0.0201651 0.00330998 0.0241744 0.00906993 -0.0432791 0.02593 0.00136783 0.0396964 0.042569 0.0229798 0.0149343 0.0232369 -0.0222055 -0.00642417 0.0348711 0.0204132 -0.0104892
internal_weight=1696.2 1325.14 970.324 54.7758 50.4463 915.548 912.876 92.8054 61.2182 820.07 639.072 116.366 59.5177 18.633 12.0818 40.8847 25.6835 6.25677 19.4267 8.49313 180.999 153.87 58.551 36.0308 29.4477 6.58308 6.40192 522.705 26.7995 8.48426
internal_count=113630 64540 10328 2212 1730 8116 7696 1009 765 6687 5200 886 425 120 85 305 189 45 144 57 1487 1267 745 520 266 254 46 4314 303 163
is_linear=0
shrinkage=0.05


Tree=53
num_leaves=31
num_cat=0
split_feature=10 10 0 2 0 4 9 4 2 3 2 7 4 3 3 5 3 0 0 7 4 2 6 3 3 5 3 7 6 7
split_gain=346.057 588.175 11.9232 20.1639 4.31167 3.48337 3.04663 2.79797 5.88943 2.79969 3.19867 2.51638 2.48617 2.65845 2.80834 4.61591 2.2946 2.84468 2.89455 6.14408 5.49316 3.45139 3.40277 3.20534 3.07631 4.00022 2.40935 2.26547 2.92157 3.79969
threshold=1.0992168415445007 1.0991991879725476 34.530000000000008 6.3500000000000005 29.345000000000002 21.500000000000004 1.0000000180025095e-35 3.5000000000000004 0.75000000000000011 4.8099999999999978 4.8500000000000005 2.5000000000000004 19.500000000000004 1.750000000000002 1.4049999999999996 1.5000000000000002 3.0600000000000009 45.470000000000006 45.155000000000008 17.500000000000004 8.5000000000000018 -0.44999999999999996 11.500000000000002 4.6850000000000014 5.0650000000000004 4.5000000000000009 5.7399999999999975 28.500000000000004 11.500000000000002 12.500000000000002
decision_type=2 2 2 2 2 2 2 2 2 2 2 2 2 2 2 2 2 2 2 2 2 2 2 2 2 2 2 2 2 2
left_child=1 -1 3 -3 6 7 -5 8 -4 10 -10 -9 16 14 -14 -16 -13 18 21 20 -20 -18 -23 -22 -24 -26 -27 28 -15 -30
right_child=-2 2 5 4 -6 -7 -8 11 9 -11 -12 12 13 27 15 -17 17 -19 19 -21 23 22 24 -25 25 26 -28 -29 29 -31
leaf_value=-0.045907834198912756 -0.045159223455576152 -0.052041754063166114 -0.050316078903594519 0.064583706759422571 0.029669726518120523 -0.023781183994195161 -0.053166537804382685 0.042896693598184828 -0.050996530179913541 0.1396748418973047 0.066839736839004918 0.037338820504961637 0.038595497341995154 0.037763459699134562 -0.060943109744161165 0.011722558193780609 -0.020273890793906773 0.034658705368147573 -0.048002562828594109 0.045887787625878529 0.059653614306972247 0.026407705182412391 0.048466885031323376 -0.0066529376100480072 0.038845312071639646 -0.046720556777708824 0.016758331996672253 -0.0029549909766522168 -0.0092203935049409783 0.036387888054310806
leaf_weight=339.03791090706363 354.82948268484324 11.226149792317299 3.0722895236685863 0.68867498636245672 34.17453405354172 2.7767231198959044 2.7149873762391508 55.028377782553434 0.9179344307631262 0.64882697444409121 1.5456176102161405 200.3794660307467 4.2970097493380299 42.709326911251992 3.0754164699465019 7.552043073810637 3.5084648057818404 278.25813145935535 5.6497144401073482 7.5826593711972228 2.7884700074791891 190.7709899507463 38.609626840800047 5.262186236679554 14.716201763600113 2.5186754018068305 3.6770905703306198 5.480503669474273 9.0193305164575595 9.250309126917271
leaf_count=54212 49090 1408 540 4 263 296 388 465 105 14 11 1665 40 352 26 68 26 2302 31 59 21 1526 322 39 119 19 29 47 62 81
internal_value=-0.00144157 0.0106121 0.0308277 0.00675865 0.0243247 0.0321342 -0.0293417 0.0323075 -0.00120678 0.04727 0.0229332 0.0325403 0.0318579 0.0235556 0.00448586 -0.00930572 0.0327544 0.0310942 0.0274886 0.00977699 -0.010209 0.0289738 0.0296641 0.0163134 0.0401013 0.0246559 -0.00904683 0.0278379 0.0306055 0.0138721
internal_weight=1641.77 1286.94 947.9 48.8043 37.5782 899.095 3.40366 896.319 6.18467 3.11238 2.46355 890.134 835.106 81.3839 14.9245 10.6275 753.722 553.342 275.084 21.283 13.7004 253.801 250.293 8.05066 59.5216 20.912 6.19577 66.4595 60.979 18.2696
internal_count=113630 64540 10328 2063 655 8265 392 7969 670 130 116 7299 6834 676 134 94 6158 4493 2191 150 91 2041 2015 60 489 167 48 542 495 143
is_linear=0
shrinkage=0.05


Tree=54
num_leaves=31
num_cat=0
split_feature=10 10 1 2 1 4 2 4 0 0 2 0 3 7 7 6 7 3 3 7 3 3 1 3 4 0 3 0 3 0
split_gain=326.324 549.977 12.6762 9.95978 5.50527 3.26753 4.47099 3.28982 2.9228 14.4685 4.80991 4.57369 2.80349 2.69274 4.39834 8.48248 9.02875 7.04868 7.63713 6.12235 8.01758 11.91 4.79657 3.55501 4.99897 3.50142 2.40131 2.3707 2.28225 3.59849
threshold=1.0992168415445007 1.0991991879725476 32.410000000000004 4.8500000000000005 27.410000000000004 2.5000000000000004 2.6500000000000008 19.500000000000004 45.280000000000008 45.155000000000008 1.2500000000000002 39.530000000000008 1.1549999999999996 7.5000000000000009 11.500000000000002 6.5000000000000009 10.500000000000002 4.5599999999999978 4.2399999999999975 9.5000000000000018 5.2500000000000027 5.8700000000000001 35.030000000000008 2.5649999999999999 14.500000000000002 47.720000000000006 7.0000000000000027 51.655000000000008 3.0000000000000022 43.845000000000006
decision_type=2 2 2 2 2 2 2 2 2 2 2 2 2 2 2 2 2 2 2 2 2 2 2 2 2 2 2 2 2 2
left_child=1 -1 3 26 -5 6 -4 12 9 10 11 -9 -7 25 15 -15 19 18 22 20 23 -22 -18 24 -17 -14 -3 -27 -16 -30
right_child=-2 2 5 4 -6 7 -8 8 -10 -11 -12 -13 13 14 28 16 17 -19 -20 -21 21 -23 -24 -25 -26 27 -28 -29 29 -31
leaf_value=-0.04568783856479517 -0.044905475600474948 -0.047690181830331885 -0.050307830791083918 -0.036979416342558712 0.022499479127412444 -0.083361736978608589 0.15417607104115993 -0.05898585172891866 0.035214491641606317 -0.097265161787297452 0.029644851343367164 0.010937902963751966 0.04129242688894566 0.036392053596847364 0.039168706479110707 0.036360719014382807 -0.05328897031193558 0.03045489754906033 -0.0916069107672281 0.04832906884807589 -0.10943460695747181 0.027477665655752676 0.021788451117611445 0.043493477909370228 -0.041477520373768312 0.015085704928250336 0.034179727158861556 0.057721301159324556 0.023993179200652588 0.034545167610331079
leaf_weight=324.01706511154771 339.3839551564306 8.7727512284181977 2.2058344813995059 4.3220068342052391 38.956192355137318 0.52045069634914298 0.30417882837355126 2.9948203782550982 30.185036063194275 2.6867841556668273 43.233171711675823 10.67290491145104 145.09441089211032 54.137955907266587 120.48348207771778 4.3543078377842956 3.8410383872687834 4.9604237973690024 4.5824737111106506 14.330820702016352 3.1856162399053565 3.1681517735123634 4.7685380727052689 10.306694328784941 3.9193264245986938 22.154695719480518 0.99749160557985384 3.8230327963829032 117.26065383572131 259.82250574976206
leaf_count=54212 49090 1165 415 583 458 3 5 303 244 20 344 98 1265 461 1105 34 29 35 25 116 20 25 31 87 23 187 6 33 1020 2188
internal_value=-0.00142525 0.0103793 0.0299969 0.00626576 0.0165596 0.0314389 -0.0255272 0.0316032 0.0225386 0.0161174 0.0214712 -0.00438353 0.0326455 0.0327229 0.0311662 0.0221931 0.00880508 -0.0203555 -0.0394611 0.0222863 0.00731819 -0.0411666 -0.0117063 0.0238982 -0.000512251 0.0382657 -0.0393317 0.0213602 0.033178 0.0312638
internal_weight=1589.45 1250.06 926.046 53.0484 43.2782 872.997 2.51001 870.487 89.7727 59.5877 56.9009 13.6677 780.715 780.194 609.122 111.555 57.4174 18.1525 13.1921 39.2649 24.9341 6.35377 8.60958 18.5803 8.27363 171.072 9.77024 25.9777 497.567 377.083
internal_count=113630 64540 10328 2212 1041 8116 420 7696 1009 765 745 401 6687 6684 5199 886 425 120 85 305 189 45 60 144 57 1485 1171 220 4313 3208
is_linear=0
shrinkage=0.05


Tree=55
num_leaves=31
num_cat=0
split_feature=10 10 4 4 0 2 2 0 3 3 7 7 5 4 3 3 7 3 4 0 2 3 7 3 5 4 0 5 0 2
split_gain=320.117 523.773 11.727 8.09671 4.34647 5.21245 2.92699 5.85547 3.00159 2.58811 2.43071 3.9324 3.67946 2.46803 2.23908 3.14459 1.96872 1.82653 3.62491 3.9679 5.77184 4.36899 2.19655 5.31095 1.92571 1.71853 1.64744 1.53548 1.52727 1.58025
threshold=1.0992168415445007 1.0991991879725476 3.5000000000000004 20.500000000000004 39.280000000000008 4.0500000000000007 3.6500000000000008 33.155000000000008 5.6299999999999981 0.81499999999999961 8.5000000000000018 16.500000000000004 5.5000000000000009 21.500000000000004 7.7550000000000034 7.6250000000000009 28.500000000000004 7.3150000000000004 4.5000000000000009 41.155000000000008 0.8500000000000002 5.1250000000000009 18.500000000000004 6.5650000000000004 1.0000000180025095e-35 4.5000000000000009 37.780000000000008 2.5000000000000004 36.530000000000008 6.6500000000000012
decision_type=2 2 2 2 2 2 2 2 2 2 2 2 2 2 2 2 2 2 2 2 2 2 2 2 2 2 2 2 2 2
left_child=1 -1 6 14 5 26 8 -8 -3 -7 28 -12 13 -13 15 17 -6 18 19 20 -4 24 -21 -24 -22 -17 -5 -23 29 -11
right_child=-2 2 3 4 16 9 7 -9 -10 10 11 12 -14 -15 -16 25 -18 -19 -20 22 21 27 23 -25 -26 -27 -28 -29 -30 -31
leaf_value=-0.045604186378462586 -0.045257810585337191 -0.050325849097712205 -0.062055698943423436 -0.052388125209412231 0.030962223192507007 -0.055101724501200058 -0.033364971825436671 0.055612918168771709 0.11015466008248349 -0.010078773096847887 -0.064592878508271626 0.046875075746784345 -0.059015706091475176 -0.050535404683678523 0.057985046177470946 -0.035329105631949076 -0.01737624934080359 0.050564730333654467 0.032046765051439718 0.047923008830373787 0.025013557783428349 0.007827581571634783 0.058629902682831775 -0.027558936508528989 -0.069741000571959505 0.021128777991313567 -0.0069241736996138769 0.052168467951943367 0.073845718454384965 0.049249926707020594
leaf_weight=308.59206101018935 324.6055572014302 5.7368494058027846 3.3834013706073192 5.3282679684925842 21.55367752304301 1.3083510962314928 4.3454308123327792 3.2184889181517065 0.30696203466504801 1.965379531495272 1.8243623580783586 5.1080447435379028 1.2831312171183524 0.74509855126962055 8.0204842686653119 2.6503018438816062 2.3345310869626692 12.619301453232763 785.46938655152917 8.8536994159221667 0.75006994092836832 3.623178206384182 3.2199862748384467 4.0172569304704666 1.8805783404968677 2.7427729815244675 3.1828373824246228 4.2340253293514252 2.2848686054348946 2.616687364410609
leaf_count=54038 49072 1102 44 656 193 111 587 50 17 31 36 46 38 111 69 21 16 104 6739 71 21 26 26 31 101 24 82 26 14 23
internal_value=-0.00115548 0.0106446 0.029833 0.0305365 0.0108918 -0.00340225 -0.016233 0.0044956 -0.0421751 0.0124836 0.0180704 0.000917392 0.0176649 0.0344748 0.031693 0.0314399 0.0262382 0.0316878 0.0313957 0.0143269 -0.00527043 0.0130486 0.0312208 0.0107881 -0.0427239 -0.00661614 -0.0353863 0.0317216 0.0404534 0.0238022
internal_weight=1537.81 1213.2 904.607 891 49.5352 25.647 13.6077 7.56392 6.04381 17.1359 15.8276 8.96064 7.13627 5.85314 841.464 833.444 23.8882 828.051 815.432 29.9622 13.8713 10.4879 16.0909 7.23724 2.63065 5.39307 8.51111 7.8572 6.86694 4.58207
internal_count=113526 64454 10416 8660 1357 1148 1756 637 1119 410 299 231 195 157 7303 7234 209 7189 7085 346 218 174 128 57 122 45 738 52 68 54
is_linear=0
shrinkage=0.05


Tree=56
num_leaves=31
num_cat=0
split_feature=10 10 0 2 1 2 0 2 3 1 0 3 3 7 3 0 2 0 5 9 1 0 5 1 5 2 3 2 0 1
split_gain=301.845 489.628 10.2488 17.8793 2.74009 2.53397 13.6995 10.7308 2.93308 2.73433 3.04803 2.28026 2.49606 2.21263 2.211 2.22466 5.17196 5.21796 7.7974 9.1772 3.34073 2.96626 2.62977 2.1807 2.87566 2.13873 4.05568 2.10944 4.11063 2.12133
threshold=1.0992168415445007 1.0991991879725476 34.280000000000008 7.3500000000000005 26.720000000000002 5.4500000000000011 38.280000000000008 2.1500000000000008 1.8149999999999997 35.910000000000004 35.780000000000008 7.7550000000000034 7.6250000000000009 24.500000000000004 2.1899999999999999 45.410000000000004 -2.2499999999999996 45.155000000000008 2.5000000000000004 1.0000000180025095e-35 40.780000000000008 44.655000000000008 4.5000000000000009 41.345000000000006 5.5000000000000009 6.3500000000000005 1.5600000000000007 -0.24999999999999997 41.155000000000008 35.090000000000011
decision_type=2 2 2 2 2 2 2 2 2 2 2 2 2 2 2 2 2 2 2 2 2 2 2 2 2 2 2 2 2 2
left_child=1 -1 3 25 -5 6 7 -4 -8 10 13 12 14 -9 -10 16 21 23 19 -19 -17 -16 -20 27 -25 -3 -27 28 -18 -29
right_child=-2 2 5 4 -6 -7 8 9 11 -11 -12 -13 -14 -15 15 20 17 18 22 -21 -22 -23 -24 24 -26 26 -28 29 -30 -31
leaf_value=-0.045374083377914813 -0.045010580250095217 -0.052231940207344479 -0.057247970435269718 -0.037125854522347755 0.03379445284116183 0.034584351788576502 0.0027219156164017514 -0.055561176905484767 0.050126639454873105 -0.025600659217205515 0.049028509880265081 0.057546754515186052 -0.003179391745730939 0.05542188983933595 -0.063278445339257458 0.044515129370303476 -0.074386218212711783 0.059010640466737964 0.058539050545006632 -0.049255754513798419 0.030332043912590895 0.059083602727260189 0.0084372861963969148 0.053905481814704483 -0.0043752397637154689 -0.044754278494768256 0.055179286795319672 0.058987158849934385 0.034755133561124613 0.027722413600511878
leaf_weight=294.99338484136388 310.42809646157548 10.186163067352025 8.0075175820384192 1.4441899021621818 23.918858712073416 236.26867733895779 9.8041641162708384 1.422095753718166 13.678602904547004 2.6848967373371115 6.5136640737764537 7.5786361098289481 5.6331016123294821 0.65636977367103089 2.4319368097931142 49.790745250880718 1.4680504980497056 2.5193852409720447 5.5158301442861539 8.7735211197286826 249.89410633593798 0.62195128202438343 4.9871853664517403 15.626926898956301 2.4481215104460707 3.0019701209384939 1.534101093187928 5.576775634661316 2.0922714844346046 199.98902095109224
leaf_count=54038 49072 1395 848 223 210 2061 61 60 126 16 47 68 46 5 162 439 63 20 45 72 2227 5 41 144 23 171 24 45 17 1752
internal_value=-0.00114428 0.010405 0.0290172 0.00431491 0.0297562 0.0301904 0.0284822 -0.0129861 0.0298412 0.0184432 0.0322061 0.0303007 0.0299391 -0.0205132 0.0302691 0.0297768 0.0263148 0.027108 0.00373895 -0.0251021 0.0326885 -0.0383583 0.034749 0.0293498 0.0460118 -0.0395146 -0.0109567 0.0279097 -0.0102478 0.0285706
internal_weight=1489.49 1179.06 884.069 40.0853 25.363 843.984 607.715 19.2845 588.43 11.277 8.59213 578.626 571.048 2.07847 565.414 551.736 252.051 248.997 21.7959 11.2929 299.685 3.05389 10.503 227.201 18.075 14.7222 4.53607 209.126 3.56032 205.566
internal_count=113526 64454 10416 2023 433 8393 6332 976 5356 128 112 5295 5227 65 5181 5055 2389 2222 178 92 2666 167 86 2044 167 1590 195 1877 80 1797
is_linear=0
shrinkage=0.05


Tree=57
num_leaves=31
num_cat=0
split_feature=10 10 4 4 1 2 2 1 3 2 1 3 3 1 3 4 1 2 3 0 6 0 1 2 2 0 3 5 4 4
split_gain=284.605 457.922 9.85457 6.96867 3.98084 5.43667 2.62721 5.28165 2.71623 2.30384 3.21337 2.18717 2.80572 1.84015 1.80828 3.15089 5.48035 4.48639 2.85585 2.21746 1.79168 1.7763 2.97833 1.76424 1.76985 2.70882 1.58502 1.54154 1.5253 1.45511
threshold=1.0992168415445007 1.0991991879725476 3.5000000000000004 20.500000000000004 36.970000000000006 4.0500000000000007 3.6500000000000008 30.155000000000005 5.6299999999999981 10.550000000000002 30.780000000000005 7.7550000000000034 7.6250000000000009 31.910000000000004 7.3150000000000004 4.5000000000000009 41.030000000000008 -0.6499999999999998 4.9400000000000004 44.345000000000006 1.5000000000000002 37.655000000000008 33.030000000000008 -1.6499999999999997 1.5500000000000003 44.970000000000006 6.1800000000000024 3.5000000000000004 4.5000000000000009 11.500000000000002
decision_type=2 2 2 2 2 2 2 2 2 2 2 2 2 2 2 2 2 2 2 2 2 2 2 2 2 2 2 2 2 2
left_child=1 -1 6 11 5 26 8 -8 -3 10 -7 12 14 -9 15 16 17 -4 -19 20 -20 22 -12 27 -25 -26 -5 -6 -14 -16
right_child=-2 2 3 4 23 9 7 13 -10 -11 21 -13 28 -15 29 -17 -18 18 19 -21 -22 -23 -24 24 25 -27 -28 -29 -30 -31
leaf_value=-0.045135706282125765 -0.04475470127714401 -0.050300600053211131 -0.059283375916686122 -0.047914446077643641 0.026548066087173666 -0.042201171042238722 -0.050732251046648337 0.015101485570839145 0.097165268257262613 0.083731282168471755 -0.00035949872441943593 0.057124212821832235 -0.032500633777439787 0.082940523418168766 0.057954277612970145 0.030325053439113816 0.050599714063756157 -0.030670686942321342 0.057045959347521692 -0.025068759423849271 0.015357329423074134 -0.016840073669689436 0.055928470133627076 0.047010732407970109 0.033021226730359697 -0.026277968155277304 0.083086620683170853 -0.023976741610409878 0.020507288097240294 0.013642370185920094
leaf_weight=282.0514333518222 296.93452502647415 5.1790363243781012 2.730982815846807 6.3308457504026618 2.9384829946793642 2.8251184127293554 2.7116596223786473 3.0205331146717072 0.33230035100132216 1.0145681016147126 4.7405147207900864 7.3658620342612258 2.7218275964260092 1.4940676260739563 9.5659274160861951 749.54664797335863 7.3619290441274634 3.591116159688684 3.626157220453023 2.397344082593917 8.9104345571249706 2.9651554673910132 4.6604572795331478 9.4079936137422937 6.9013698473572713 2.671283848118037 0.23964050412178028 3.1048283348791301 2.7066530883312225 2.2976385429501525
leaf_count=54038 49072 1102 22 750 32 310 555 69 17 8 40 69 21 13 83 6739 66 142 29 20 67 18 32 76 51 20 1 19 24 21
internal_value=-0.00113257 0.010176 0.0282457 0.0288994 0.0103525 -0.00477188 -0.0154076 0.00442341 -0.0414093 0.0107827 0.00591073 0.0300037 0.0297526 0.0375522 0.0299987 0.0297034 0.0134205 0.000543647 0.00936341 0.0189903 0.0274156 0.0169022 0.0275448 0.0241185 0.0316097 0.0164736 -0.0431365 0.000590301 -0.00607076 0.0493723
internal_weight=1442.35 1145.41 863.36 850.623 47.8003 22.7763 12.7376 7.22626 5.51134 16.2058 15.1912 802.823 795.457 4.5146 790.028 778.165 28.618 21.256 18.5251 14.9339 12.5366 12.3661 9.40097 25.024 18.9806 9.57265 6.57049 6.04331 5.42848 11.8636
internal_count=113526 64454 10416 8660 1357 1159 1756 637 1119 408 400 7303 7234 82 7189 7085 346 280 258 116 96 90 72 198 147 71 751 51 45 104
is_linear=0
shrinkage=0.05


Tree=58
num_leaves=31
num_cat=0
split_feature=10 10 4 4 1 7 1 3 3 1 3 4 1 3 0 6 7 3 7 6 5 9 1 0 5 1 3 10 3 4
split_gain=268.243 427.933 9.08857 6.49757 3.66755 2.33327 3.15817 2.16382 2.6347 1.99151 1.77105 2.95171 5.18677 3.82635 2.74319 2.59968 1.66445 1.94872 2.14982 1.51257 1.56966 1.43782 1.37627 1.36764 2.01619 2.51087 4.74361 2.10231 5.20395 1.35986
threshold=1.0992168415445007 1.0991991879725476 3.5000000000000004 20.500000000000004 39.590000000000011 3.5000000000000004 32.530000000000008 7.7550000000000034 7.6250000000000009 30.155000000000005 7.3150000000000004 4.5000000000000009 41.030000000000008 4.9400000000000004 44.470000000000006 1.5000000000000002 6.5000000000000009 3.6199999999999997 22.500000000000004 11.500000000000002 2.5000000000000004 1.5000000000000002 43.280000000000008 50.030000000000008 2.5000000000000004 42.910000000000004 7.5650000000000022 1.1104837291589207 4.9299999999999988 4.5000000000000009
decision_type=2 2 2 2 2 2 2 2 2 2 2 2 2 2 2 2 2 2 2 2 2 2 2 2 2 2 2 2 2 2
left_child=1 -1 9 7 5 6 -5 8 10 -3 11 12 13 -4 15 -15 -11 -18 -19 22 -21 -12 -6 -2 -25 26 -26 28 -27 -10
right_child=23 2 3 4 19 -7 -8 -9 29 16 21 -13 -14 14 -16 -17 17 18 -20 20 -22 -23 -24 24 25 27 -28 -29 -30 -31
leaf_value=-0.044888760663340334 -0.045730786197450891 -0.050631058782410455 -0.037880031538992498 -0.03819309570692582 0.055861042061537663 -0.0059357322318982185 0.051796818388836076 0.056732356967868547 -0.030180670593675591 0.021212589087693131 0.013097209976204208 0.029475212305031435 0.049973603987787461 0.056494598771393345 -0.033940618326442032 0.0077078223687402931 -0.050340447862903627 -0.036282452876426036 0.054360001598647345 -0.010087664850349105 0.039164766271183704 0.057511780927985895 0.012420413891928118 -0.047222474438573213 0.36186113289332078 -0.050307582748671115 -0.050308250851283369 -0.027572232772865357 0.35930287839586911 0.019788878626675541
leaf_weight=269.73481473862194 251.86689747613855 2.9951071944087735 4.9582587331533494 1.2813151411246533 6.3462775871157628 26.13716186909005 4.0777543028816581 7.0537934005260459 2.7828592061996451 3.8889582168776524 2.2742222622036925 733.02587632462382 7.0884072929620734 3.8121625110507038 2.6697716787457457 9.6243403051048499 2.8332156769465655 1.2950424146838488 1.3218376501463351 3.6510769263841203 2.9046120643615723 9.1676267609000188 2.5582502111792564 16.209887763950974 0.12130971718579786 0.21257698955014248 0.16442239377647638 15.395070577505974 0.1220667683519423 2.6657306626439095
leaf_count=54038 43756 661 156 76 53 1118 41 69 21 207 21 6739 66 31 21 72 636 172 80 31 22 83 16 2673 20 35 27 2541 20 24
internal_value=-0.00112029 0.00993835 0.027452 0.0280836 0.0100166 0.000226507 0.0302809 0.0291641 0.0289142 -0.0151537 0.0291585 0.028865 0.0129773 0.00052774 0.0123514 0.0215495 -0.00377583 -0.0216065 0.00950284 0.0299615 0.0117345 0.0486838 0.0433807 -0.0444899 -0.0347912 -0.022209 0.124681 -0.0248772 0.0991045 -0.00573299
internal_weight=1398.24 1114.15 844.414 832.079 46.9564 31.4962 5.35907 785.123 778.069 12.3342 772.621 761.179 28.1529 21.0645 16.1063 13.4365 9.33905 5.4501 2.61688 15.4602 6.55569 11.4418 8.90453 284.092 32.2253 16.0154 0.285732 15.7297 0.334644 5.44859
internal_count=113526 64454 10416 8660 1357 1235 117 7303 7234 1756 7189 7085 346 280 124 103 1095 888 252 122 53 104 69 49072 5316 2643 47 2596 55 45
is_linear=0
shrinkage=0.05


Tree=59
num_leaves=31
num_cat=0
split_feature=10 10 0 2 4 3 2 4 7 1 2 2 2 1 3 3 1 2 3 2 0 2 1 1 0 1 3 3 7 2
split_gain=252.767 399.707 8.39888 15.5621 2.71767 3.62891 3.49581 2.66799 2.46651 3.32588 3.43963 6.20825 2.59082 2.24029 2.07951 2.53279 2.02939 2.0078 3.68723 1.8238 5.48626 5.25963 3.29367 2.5381 13.1933 3.92872 9.93657 8.97358 4.30279 2.36337
threshold=1.0992168415445007 1.0991991879725476 34.280000000000008 7.3500000000000005 2.5000000000000004 1.1899999999999997 3.6500000000000008 20.500000000000004 6.5000000000000009 36.410000000000004 7.6500000000000012 6.6500000000000012 5.2500000000000009 26.720000000000002 7.7550000000000034 7.6250000000000009 34.220000000000006 6.3500000000000005 1.5600000000000007 5.4500000000000011 38.280000000000008 3.9500000000000006 34.780000000000008 34.970000000000006 40.155000000000008 34.410000000000004 2.4700000000000011 1.8099999999999972 10.500000000000002 9.1500000000000004
decision_type=2 2 2 2 2 2 2 2 2 2 2 2 2 2 2 2 2 2 2 2 2 2 2 2 2 2 2 2 2 2
left_child=1 -1 3 17 6 -6 -4 14 16 10 11 12 -10 -5 15 19 -9 -3 -19 20 21 22 -7 24 25 29 27 -27 -29 -21
right_child=-2 2 4 13 5 7 -8 8 9 -11 -12 -13 -14 -15 -16 -17 -18 18 -20 23 -22 -23 -24 -25 -26 26 -28 28 -30 -31
leaf_value=-0.044632950414227504 -0.044216451919369681 -0.052264478914012882 -0.050307579540733532 -0.035891937872059701 -0.04773518085447509 -0.037715834311318142 0.056449569968876262 -0.014435951470908827 -0.049903774934043105 0.017232064116861144 0.058168185050262423 -0.25559726574989278 0.028413131822786927 0.031501378485122029 0.056364415401654079 -0.0054169330807218178 0.051182739697910207 -0.044152458105068751 0.052784013298482507 0.043857997440867345 0.027783292856397624 0.025502792418299083 -0.17296426393638506 0.037105620171554714 -0.080615659097063308 0.03517532431827821 0.044636396333691847 -0.019107554815333123 -0.09646671147769996 0.023359780577690854
leaf_weight=258.0136116950307 271.89333775569685 9.2638068548403663 2.3917849340941753 1.3041427286807472 1.5806598551571358 3.3382328150328244 1.1286834855563936 1.4367703741881985 3.5469175754115012 21.785877419169992 1.0701664611697195 0.31435631215572346 1.503689296543598 22.647876309463754 6.7524666637182227 5.4666403532028189 6.5493546021170914 2.8809080068022004 1.4875148381106553 38.28465361148119 513.12793183932081 4.0742575065232813 0.52030966663733114 127.75233063846827 2.8064996004104605 4.4883576929569262 11.800430223345755 3.8930715471506119 3.3392884060740471 22.22487723082304
leaf_count=54038 49072 1395 520 223 11 156 17 50 322 184 9 2 11 210 69 45 70 171 24 350 4868 30 19 1238 20 41 107 25 22 207
internal_value=-0.00110789 0.00969705 0.0266522 0.00355949 0.027752 0.0279484 -0.0160806 0.028101 0.0148454 0.00790321 -0.0236792 -0.0400056 -0.0265869 0.0278319 0.0287427 0.0284911 0.0393774 -0.0390875 -0.0111441 0.028743 0.0271454 -0.0141179 -0.0559536 0.0326224 0.0260269 0.0295886 0.0122482 -0.0203603 -0.0548254 0.0363291
internal_weight=1356.67 1084.78 826.762 37.5842 789.178 785.657 3.52047 784.076 36.2071 28.221 6.43513 5.36496 5.05061 23.952 747.869 741.117 7.98612 13.6322 4.36842 735.65 521.061 7.9328 3.85854 214.59 86.8372 84.0307 23.5211 11.7207 7.23236 60.5095
internal_count=113526 64454 10416 2023 8393 7856 537 7845 648 528 344 335 333 433 7197 7128 120 1590 195 7083 5073 205 175 2010 772 752 195 88 47 557
is_linear=0
shrinkage=0.05


Tree=60
num_leaves=31
num_cat=0
split_feature=10 10 1 7 1 2 3 0 2 3 3 2 0 7 0 0 7 3 0 0 3 0 0 2 7 2 1 4 3 3
split_gain=235.901 363.043 9.35869 4.31471 5.87188 8.44346 5.66274 11.0756 6.13763 8.89808 6.22681 3.59326 4.94213 3.76653 3.39889 9.57682 5.6574 3.48674 3.41043 5.75358 2.93792 2.83504 4.06022 3.91775 2.73856 4.57144 7.6841 5.10893 6.72548 11.0276
threshold=1.0988446461986625 1.0992168415445007 30.655000000000005 3.5000000000000004 34.970000000000006 7.0500000000000007 6.8200000000000029 40.030000000000008 1.4500000000000002 2.2499999999999987 1.9700000000000009 5.3500000000000005 38.030000000000008 18.500000000000004 45.410000000000004 45.155000000000008 11.500000000000002 5.6900000000000004 44.910000000000004 44.530000000000008 4.5650000000000004 46.720000000000006 47.030000000000008 -1.4499999999999997 23.500000000000004 4.3500000000000005 39.970000000000006 13.500000000000002 3.2500000000000022 4.3099999999999978
decision_type=2 2 2 2 2 2 2 2 2 2 2 2 2 2 2 2 2 2 2 2 2 2 2 2 2 2 2 2 2 2
left_child=-1 2 -2 -4 5 6 7 8 -5 10 -10 12 13 -6 15 17 20 24 19 -19 -17 -16 23 -23 25 -14 27 28 -27 -30
right_child=1 -3 3 4 11 -7 -8 -9 9 -11 -12 -13 14 -15 21 16 -18 18 -20 -21 -22 22 -24 -25 -26 26 -28 -29 29 -31
leaf_value=-0.045568205557736934 -0.012594728020454478 -0.042596899872116845 0.037054697930180118 -0.051936957996863722 -0.059969069007869726 0.023729424471926455 0.042104741443819024 -0.11470198300384314 -0.0038873561268633139 0.036626631089946696 -0.092907100395881473 0.03428232732561811 0.027123294299241207 0.043913303720331774 0.037758072235383154 -0.064838506348155675 0.012952421440643798 0.011623873641325352 0.057215890145367189 -0.056010726158871593 -0.0073290351332637579 -0.061074665557497403 0.028198980414858917 0.011620364774896502 0.037131858134746905 0.038093764301374122 -0.088732754357159438 0.040410211718945356 -0.090599244192641509 0.022300584160930524
leaf_weight=246.05429943301715 15.998210971709339 260.55966424010694 79.830197428353131 5.5968247556593331 2.9549174474086604 72.96577372495085 5.1760231181979171 2.5266015087254337 7.3503496733028459 11.600953533314167 2.6808947180397809 124.52598474966362 107.94022367196158 1.2381949708797035 69.21469039330259 5.4509591343812662 9.9774625236168486 15.054002543445682 2.7341833338141432 3.9746220037341109 3.7475265339016914 2.1260584145784405 173.25073387194425 14.451306886970995 43.312700439244509 5.0695059373974862 2.0748382005840531 9.2710623894818109 4.3475761241279525 4.3042275831103325
leaf_count=53813 1385 49129 923 956 50 668 42 22 201 175 36 1264 1171 41 683 48 89 149 25 36 29 21 1702 141 449 47 23 91 41 40
internal_value=-0.0014266 0.00873067 0.0252672 0.0260313 0.024797 0.0140517 -0.00616338 -0.0145597 -0.00526739 0.00680727 -0.0276783 0.0267132 0.0247516 -0.0292934 0.0252274 0.0206154 -0.013124 0.0238816 0.0049995 -0.00250337 -0.0414088 0.0290955 0.025937 0.00229718 0.0262122 0.0226563 0.00342103 0.011737 -0.00763657 -0.0344322
internal_weight=1315.36 1069.31 808.747 792.748 712.918 107.897 34.9316 29.7556 27.229 21.6322 10.0312 605.021 480.495 4.19311 476.302 217.259 19.1759 198.083 21.7628 19.0286 9.19849 259.043 189.828 16.5774 176.32 133.007 25.0672 22.9924 13.7213 8.6518
internal_count=113490 59677 10548 9163 8240 2100 1432 1390 1368 412 237 6140 4876 91 4785 2238 166 2072 210 185 77 2547 1864 162 1862 1413 242 219 128 81
is_linear=0
shrinkage=0.05


Tree=61
num_leaves=31
num_cat=0
split_feature=4 4 0 2 7 1 2 3 2 0 3 3 6 2 0 7 0 1 2 1 1 5 3 3 0 2 0 2 2 1
split_gain=52.0549 25.308 4.39607 3.53734 3.11491 3.23286 3.06268 7.3595 2.75826 2.49064 3.19472 3.32677 6.77263 3.02722 1.97231 1.78645 5.19795 2.71934 2.6617 2.60695 2.43881 6.49606 2.15813 2.08768 2.4607 3.40062 2.41584 2.01074 2.72023 2.45014
threshold=3.5000000000000004 21.500000000000004 31.220000000000002 10.950000000000001 1.5000000000000002 33.410000000000004 8.9500000000000011 2.5599999999999974 14.65 51.655000000000008 4.3150000000000004 6.3150000000000004 11.500000000000002 -1.9499999999999997 52.155000000000008 6.5000000000000009 51.530000000000008 45.090000000000011 -4.2499999999999991 32.155000000000008 45.590000000000011 4.5000000000000009 1.1549999999999996 1.1899999999999997 34.155000000000008 8.4500000000000011 36.155000000000008 12.350000000000003 11.950000000000001 32.530000000000008
decision_type=2 2 2 2 2 2 2 2 2 2 2 2 2 2 2 2 2 2 2 2 2 2 2 2 2 2 2 2 2 2
left_child=6 2 -2 4 5 -3 -1 -8 9 15 -11 12 13 -12 -13 16 17 18 -4 22 21 -19 -20 24 -21 26 -26 28 -17 -30
right_child=1 3 8 -5 -6 -7 7 -9 -10 10 11 14 -14 -15 -16 27 -18 20 19 23 -22 -23 -24 -25 25 -27 -28 -29 29 -31
leaf_value=-0.045262408860986772 -0.037640234205815123 -0.053658557206966578 -0.13864963066365055 0.1591277620600654 -0.046571410689220369 0.054023270319428919 -0.017615449694610433 0.41235074801770433 -0.090817920162269722 -0.14973277658221243 0.021510110308497976 0.033307387525427834 0.26068675554842335 0.1749222731492171 0.0034768223903291827 0.0010531996785188261 -0.14333658627269372 0.0032397890749575387 0.022318734106786278 0.012214264069248469 0.026426313714873185 0.31107831073562442 -0.026747041903958921 0.0081950518137352164 0.016974759194940185 -0.19785317965654498 -0.13633096514782195 0.024251168952602681 -0.2288371032567186 -0.040267675141345272
leaf_weight=66.62660069973208 6.8743463349528602 1.2174041436519467 0.31757130194455285 0.21973364078439672 32.036285793175921 1.6306061989162115 0.52381243370473285 0.1228661797940731 0.79197323741391201 0.28598986659199255 2.7542389091104278 7.8229100005701211 0.38897494925186027 0.36406686343252914 18.996561293490231 903.6320332379546 0.57986289449036021 0.38824308011680786 2.8946999625768504 1.5392596917226904 1.5521326535381375 0.30679613351821899 9.9254253376275283 202.97231902671047 0.79505587532184996 0.42339268932119001 0.37970208842307329 9.3386979121714813 0.19296514801680942 1.6055581802502272
leaf_count=18671 1272 239 23 6 9160 73 106 10 38 18 184 542 37 15 1445 64603 32 38 210 138 93 40 721 14953 68 20 6 609 11 109
internal_value=-0.00140262 0.000976999 0.00222669 -0.0408569 -0.0421166 0.00799384 -0.0442114 0.0640763 0.00246128 0.00252456 0.0165981 0.0181667 0.0639607 0.0394212 0.012178 0.00214559 0.00616832 0.00655972 0.00599884 0.00620866 0.0612826 0.139122 -0.0156683 0.00756942 -0.0329055 -0.0763626 -0.0325763 0.001169 0.000930933 -0.0604995
internal_weight=1277.5 1210.23 1175.12 35.104 34.8843 2.84801 67.2733 0.646679 1168.25 1167.46 30.6127 30.3268 3.50728 3.11831 26.8195 1136.84 222.074 221.495 219.247 218.93 2.24717 0.695039 12.8201 206.11 3.13741 1.59815 1.17476 914.769 905.431 1.79852
internal_count=113490 94703 85225 9478 9472 312 18787 116 83953 83915 2241 2223 236 199 1987 81674 16342 16310 16139 16116 171 78 931 15185 232 94 74 65332 64723 120
is_linear=0
shrinkage=0.05


Tree=62
num_leaves=31
num_cat=0
split_feature=10 10 1 0 0 2 1 1 2 3 1 1 2 3 3 2 1 5 1 2 2 3 3 3 2 0 4 3 3 2
split_gain=219.9 338.235 8.07356 3.61509 7.22254 6.04468 4.50535 11.1407 3.671 3.36727 4.21516 2.88555 8.67252 4.89206 4.89211 4.24462 5.05741 4.09395 4.38085 4.55526 3.95964 3.76383 3.43937 6.20683 5.77357 6.95885 4.373 4.03487 6.34708 3.80307
threshold=1.0988446461986625 1.0992168415445007 30.655000000000005 45.410000000000004 45.155000000000008 -2.1499999999999999 40.720000000000006 40.655000000000008 1.5500000000000003 4.9999999999999991 39.470000000000006 34.970000000000006 7.0500000000000007 2.2499999999999987 1.9700000000000009 0.65000000000000002 34.720000000000006 1.5000000000000002 34.655000000000008 8.5500000000000025 6.3500000000000005 4.6799999999999988 3.0600000000000009 3.1899999999999999 1.9500000000000002 41.280000000000008 18.500000000000004 2.6899999999999999 2.3200000000000025 6.2500000000000009
decision_type=2 2 2 2 2 2 2 2 2 2 2 2 2 2 2 2 2 2 2 2 2 2 2 2 2 2 2 2 2 2
left_child=-1 2 -2 4 5 -4 7 9 -5 -6 -11 12 13 14 20 -15 -17 18 19 -14 -7 -21 26 24 -24 29 -13 28 -28 -26
right_child=1 -3 3 8 6 11 -8 -9 -10 10 -12 22 17 15 -16 16 -18 -19 -20 21 -22 -23 23 -25 25 -27 27 -29 -30 -31
leaf_value=-0.045287224486345506 -0.010917364729797322 -0.042250602981399446 -0.030202878206303026 0.027036801798740857 0.058140770501465294 -0.033103023415701656 0.027751779145937058 -0.082212224856766936 0.041767577350296792 0.022593863887357495 -0.059151014704839966 0.037666134674684153 0.045283348901686497 -0.035663636526483189 -0.082705362873429861 0.032369425840590015 -0.027604235863444401 0.035216797734270985 -0.031607848710164907 0.013035749783840254 0.037229067458938413 -0.057472652824936243 -0.090212222121190511 0.024659669593893107 -0.08747690678901994 0.056469668102828469 0.02143911327432681 0.055559600444717076 -0.037911457729973071 0.0081563132104396276
leaf_weight=232.6347832758911 15.76284005306661 249.64625961706042 5.1026384739670894 230.49867153214291 2.6433988884091395 6.0261973724700493 6.721127913799136 4.9858526508323839 51.797592287883162 4.1439234986901283 2.5458513200283051 108.5393721323926 10.988631241023542 4.174291392555463 3.082712670788168 16.453597829677168 4.4701941148377946 53.257766264025122 4.7644811887294045 14.419752161949875 2.9961623996496201 2.1787019297480574 2.0788184301927668 193.43115242663771 2.0801256373524666 3.4371096268296242 20.678492140723399 5.5057171552907667 5.7593186302110544 2.0781859755516052
leaf_count=53813 1385 49129 362 2323 23 535 65 44 528 34 21 1143 100 425 111 299 34 515 41 132 21 20 22 1996 20 34 180 60 54 21
internal_value=-0.00134116 0.00848666 0.0245078 0.0252285 0.0226429 0.0239219 -0.00601935 -0.021871 0.0297397 0.0103638 -0.00851485 0.0245141 0.017936 -0.00221946 -0.0283268 0.0103724 0.0195566 0.0266949 0.012666 0.0203123 -0.00974701 0.00378086 0.0268654 0.0227049 -0.0163791 0.0038286 0.0328804 0.0166193 0.00850995 -0.0396826
internal_weight=1272.88 1040.25 790.603 774.84 492.544 471.503 21.0402 14.319 282.296 9.33317 6.68977 466.401 122.812 37.2032 12.1051 25.0981 20.9238 85.6093 32.3516 27.5871 9.02236 16.5985 343.588 203.105 9.67424 7.59542 140.483 31.9435 26.4378 4.15831
internal_count=113490 59677 10548 9163 6312 6125 187 122 2851 78 55 5763 2233 1425 667 758 333 808 293 252 556 152 3530 2093 97 75 1437 294 234 41
is_linear=0
shrinkage=0.05


Tree=63
num_leaves=31
num_cat=0
split_feature=4 4 0 2 2 3 7 1 2 0 3 3 6 2 5 2 6 7 7 1 5 0 3 3 0 0 3 1 1 4
split_gain=46.8644 22.6162 3.83071 3.1436 2.94672 6.32876 2.92312 2.92115 2.49388 2.32037 2.87187 3.10929 5.90958 3.10822 1.90654 1.72173 1.67709 2.27177 5.12073 3.48612 4.66703 6.5522 4.95069 13.1232 6.72541 4.59069 4.34073 3.88418 8.54655 3.91303
threshold=3.5000000000000004 21.500000000000004 31.220000000000002 10.950000000000001 8.9500000000000011 2.5599999999999974 1.5000000000000002 33.410000000000004 14.65 51.655000000000008 4.3150000000000004 6.3150000000000004 11.500000000000002 -1.9499999999999997 4.5000000000000009 10.750000000000002 6.5000000000000009 7.5000000000000009 15.500000000000002 38.030000000000008 1.0000000180025095e-35 43.910000000000004 4.6200000000000001 4.1900000000000004 38.530000000000008 36.910000000000004 6.1200000000000001 40.655000000000008 40.845000000000006 20.500000000000004
decision_type=2 2 2 2 2 2 2 2 2 2 2 2 2 2 2 2 2 2 2 2 2 2 2 2 2 2 2 2 2 2
left_child=4 2 15 6 -1 -6 7 -3 9 16 -11 12 13 -12 -13 -2 -4 -18 19 20 22 -22 23 24 25 -19 -23 -21 -29 -30
right_child=1 3 8 -5 5 -7 -8 -9 -10 10 11 14 -14 -15 -16 -17 17 18 -20 27 21 26 -24 -25 -26 -27 -28 28 29 -31
leaf_value=-0.044763791978364449 -0.052636167275199056 -0.053792102421607535 0.0040055010908908234 0.14229295350529572 -0.015694408761395405 0.378760252737391 -0.046181157378454796 0.051192724291465923 -0.085962736814970311 -0.14015158042780781 0.020908392428828453 0.0017491357639895383 0.24464757349469224 0.18387904177333514 0.029998354103957344 0.0036741422469643266 0.006029611393748335 -0.013955914507132475 0.0024139542509622972 0.0052138873228461165 -0.0087621269444420943 -0.29296070943453212 0.022577545398339425 -0.20695450783205904 0.034774752853127221 -0.097210685870646407 -0.063836443038019094 -0.05558459068872388 -0.0019191142920405306 0.1847821259943046
leaf_weight=61.442230660701171 4.6153037550393483 1.1281338287517422 536.19908172194846 0.23411539779044588 0.5050766917411228 0.12732004374265671 29.451444740407169 1.6055853581055997 0.7996184250805517 0.29095754865557211 2.6663881791755566 16.720153425820175 0.39455827325582493 0.32863175123930233 9.2919921590946597 1.9230934339575467 126.09802722255699 2.8049272811040264 285.58508881134912 58.624547737184912 52.58447705139406 0.3185533182695498 2.2522076023742548 1.3134545357897867 2.3601266085170209 4.0414797710254788 0.58875164296478033 9.7217504447326046 22.507050419226292 0.28418970527127285
leaf_count=18671 1148 239 39870 6 106 10 9160 73 38 18 184 1312 37 15 675 124 9540 95 21739 4305 3624 23 121 23 124 89 44 396 1656 25
internal_value=-0.00131838 0.000918942 0.00208768 -0.0402624 -0.0436586 0.0637209 -0.0415903 0.00786825 0.00230737 0.00236956 0.0161628 0.0177097 0.062753 0.0387905 0.0118402 -0.036074 0.00199901 0.000108473 -0.001577 -0.00881809 -0.0175447 -0.0110608 -0.0447005 -0.059104 -0.0380108 -0.0631018 -0.144282 -0.00247316 -0.0163338 0.00040891
internal_weight=1236.81 1174.73 1142.31 32.4193 62.0746 0.632397 32.1852 2.73372 1135.78 1134.98 29.6927 29.4017 3.38958 2.99502 26.0121 6.5384 1105.28 569.085 442.987 157.402 66.264 53.4918 12.7722 10.52 9.20653 6.84641 0.907305 91.1375 32.513 22.7912
internal_count=113490 94703 85225 9478 18787 116 9472 312 83953 83915 2241 2223 236 199 1987 1272 81674 41804 32264 10525 4143 3691 452 331 308 184 67 6382 2077 1681
is_linear=0
shrinkage=0.05


Tree=64
num_leaves=31
num_cat=0
split_feature=10 10 1 7 1 2 1 3 7 2 0 7 3 0 0 3 1 2 1 7 4 0 3 4 3 0 1 2 7 9
split_gain=205.074 315.564 7.05345 3.98584 4.83451 6.9071 6.37485 6.84329 5.41024 3.43352 4.36338 4.78454 2.91495 2.88513 2.646 5.21399 5.36585 6.86104 17.2136 6.37674 4.20962 3.98744 9.49314 19.5035 2.62559 3.82728 4.01014 4.40574 4.3428 7.10686
threshold=1.0988446461986625 1.0992168415445007 30.655000000000005 3.5000000000000004 34.970000000000006 0.35000000000000003 34.720000000000006 2.1850000000000009 18.500000000000004 5.3500000000000005 38.410000000000004 18.500000000000004 7.7150000000000007 42.410000000000004 51.030000000000008 6.5000000000000027 44.780000000000008 -2.4499999999999997 45.970000000000006 30.500000000000004 18.500000000000004 51.155000000000008 7.0650000000000004 9.5000000000000018 3.0649999999999999 43.280000000000008 35.845000000000006 5.6500000000000012 20.500000000000004 1.0000000180025095e-35
decision_type=2 2 2 2 2 2 2 2 2 2 2 2 2 2 2 2 2 2 2 2 2 2 2 2 2 2 2 2 2 2
left_child=-1 2 -2 -4 5 13 -7 -8 -9 10 11 -6 -12 -5 -3 16 -16 19 20 -18 -19 22 -17 -24 -11 26 -26 -28 -29 -30
right_child=1 14 3 4 9 6 7 8 -10 24 12 -13 -14 -15 15 21 17 18 -20 -21 -22 -23 23 -25 25 -27 27 28 29 -31
leaf_value=-0.044996265513780165 -0.0096170766630740978 -0.043311163334872588 0.035390614037306797 -0.040964369954843677 -0.051896781798942852 0.020879031106383488 0.044410829322003291 -0.062451893758859914 0.02072928426537753 0.041590893748407048 0.02314439715632104 0.048418545443636919 0.055891806322127396 -0.26070886441990132 0.36775246126312017 -0.050261528773126708 -0.050287470213523859 -0.050301527792948511 0.64700859558484536 0.29467429900946246 0.24597847192557198 -0.042276618277207433 -0.050261499988168638 0.79632975395503769 0.042887393746094321 0.051860086444561408 0.055951915021484944 0.02207762337198187 -0.053289971078996391 0.014538272001159697
leaf_weight=220.14495000545867 15.481689743464811 223.35465559945442 75.315743727842346 4.1114535431843242 3.84631817578338 86.9902434181422 3.3732757270336142 6.7778919176198524 2.747116582468152 48.501444444060326 447.16531744296663 1.7202289164997635 6.900293603539466 0.15500339865684498 0.11961268167943062 0.54330880055203934 1.7721098316833379 0.4139927169308063 0.14339945325627923 0.14492230908945214 0.16876005940139294 12.51908345101401 0.16042833402752876 0.11812101723626256 15.380978063214569 12.212717412970958 5.2402838361449531 20.745469050947577 6.4261004943400648 9.6780088730156404
leaf_count=53813 1385 46085 923 717 67 1282 29 45 26 515 4682 52 75 1 23 105 320 72 23 23 29 2395 31 23 165 129 56 223 71 105
internal_value=-0.00126024 0.00825172 0.0237922 0.0244752 0.0232697 0.0133542 0.0160152 -0.016788 -0.0384615 0.0250571 0.0231027 -0.0208964 0.023642 -0.0489478 -0.0418999 -0.0223257 0.0401931 0.02537 0.156259 -0.0242093 0.0354985 -0.0352728 0.0714142 0.308742 0.032658 0.0264406 0.0210388 0.0130547 0.00695437 -0.0125276
internal_weight=1232.37 1012.23 772.77 757.288 681.972 104.155 99.8885 12.8983 9.52501 577.817 459.632 5.56655 454.066 4.26646 239.458 16.1037 2.7628 2.64318 0.726152 1.91703 0.582753 13.3409 0.821858 0.278549 118.185 69.6836 57.4708 42.0899 36.8496 16.1041
internal_count=113490 59677 10548 9163 8240 2100 1382 100 71 6140 4876 119 4757 718 49129 3044 490 467 124 343 101 2554 159 54 1264 749 620 455 399 176
is_linear=0
shrinkage=0.05


Tree=65
num_leaves=31
num_cat=0
split_feature=10 10 1 4 5 1 0 0 3 3 3 7 0 1 7 3 3 4 3 3 7 3 4 1 0 3 1 6 7 0
split_gain=203.832 304.162 5.96265 3.52773 2.63814 4.08935 4.72733 3.86266 2.55806 4.33305 2.94364 2.54906 4.1677 4.30324 3.84534 4.80358 6.25611 2.20101 1.69027 2.48609 3.35954 1.87915 2.53155 2.71132 5.13659 3.62462 3.96862 2.49285 1.96787 1.88691
threshold=1.0992168415445007 1.0988446461986625 31.910000000000004 19.500000000000004 4.5000000000000009 42.470000000000006 42.590000000000011 40.655000000000008 1.750000000000002 1.4999999999999984 1.620000000000003 28.500000000000004 48.410000000000004 38.780000000000008 15.500000000000002 4.4999999999999991 4.8099999999999978 2.5000000000000004 7.8150000000000022 7.6250000000000009 13.500000000000002 7.3150000000000004 4.5000000000000009 41.030000000000008 47.470000000000006 6.8750000000000009 33.030000000000008 11.500000000000002 1.5000000000000002 50.155000000000008
decision_type=2 2 2 2 2 2 2 2 2 2 2 2 2 2 2 2 2 2 2 2 2 2 2 2 2 2 2 2 2 2
left_child=1 -1 17 18 8 6 7 -6 9 -5 -11 14 13 -13 15 -10 -17 -3 19 21 -21 22 23 24 25 26 27 -4 -24 -30
right_child=-2 2 3 4 5 -7 -8 -9 11 10 -12 12 -14 -15 -16 16 -18 -19 -20 20 -22 -23 28 -25 -26 -27 -28 -29 29 -31
leaf_value=-0.043567923789836642 -0.042828511065671017 -0.028490562198737964 0.047172013607580984 0.033854317922530124 0.0011940756233138707 -0.046502334799199449 0.039324854089593624 -0.08336570514978503 0.038167715888162465 -0.060938547319987352 0.004873509789515596 0.0091644259713789152 0.060173829261554228 -0.12693586726363101 0.048050086035809327 -0.073565034507193247 0.014183855084637917 0.008720085321939415 0.055160132475604223 0.038115813295842328 -0.03529544327799411 0.047177230093717513 0.043768827914002301 0.039237429991324124 -0.1670968086330204 0.041461388001026611 -0.029315006413880865 -0.053413257973032383 0.027000644914064554 0.014087131811029413
leaf_weight=210.76808402407914 229.29541460401379 4.6237048758193842 3.5579533169511803 5.4872736199758929 8.5220532647799754 3.8194900918751946 7.940066121518611 1.6048373929224897 12.55782852927223 3.183912669075653 3.6433290825225413 1.2671677093021569 1.2399073764681814 1.0722286105155943 17.209928307216614 2.6768528926186255 8.4219327846076322 28.280893734190613 5.0910705626010886 2.6697519868612281 3.7439986541867256 10.85128044337034 16.663713835179806 6.0515784341841927 0.44558733701705833 4.8724653646349898 8.3808745432179403 0.74495259369723488 556.22741029271856 29.803737129084766
leaf_count=53912 49000 829 163 73 176 37 77 16 163 37 57 37 10 9 281 26 93 1181 61 26 33 111 181 66 4 41 498 85 5870 312
internal_value=-0.000425894 0.00958284 0.0243102 0.0252516 0.0152506 0.000503248 0.0104406 -0.0122064 0.020937 0.000771504 -0.0258182 0.0265243 -0.0139361 -0.0532152 0.030068 0.0169862 -0.0069798 0.0034913 0.0264633 0.0262364 -0.00473768 0.026548 0.0261909 0.0102843 0.000551224 0.00480622 -0.00927483 0.0297579 0.0268257 0.0263439
internal_weight=1200.72 971.424 760.656 727.751 78.6468 21.8864 18.067 10.1269 56.7604 12.3145 6.82724 44.4458 3.5793 2.3394 40.8665 23.6566 11.0988 32.9046 649.104 644.013 6.41375 637.6 626.748 24.0534 18.0018 17.5562 12.6838 4.30291 602.695 586.031
internal_count=113465 64465 10553 8543 1092 306 269 192 786 167 94 619 56 46 563 282 119 2010 7451 7390 59 7331 7220 857 791 787 746 248 6363 6182
is_linear=0
shrinkage=0.05


Tree=66
num_leaves=31
num_cat=0
split_feature=10 10 1 2 0 4 2 1 3 3 0 1 7 0 3 7 2 2 1 5 2 2 2 3 3 2 1 2 5 7
split_gain=191.685 283.745 5.61324 5.86201 4.12956 3.3412 2.78343 4.61051 3.18119 11.6172 3.16524 3.80429 6.00359 4.18334 8.30219 4.05412 4.02158 2.68327 2.5369 1.99754 2.13936 3.93538 1.76356 2.98167 1.64659 2.51525 4.88354 3.29976 3.73975 2.45651
threshold=1.0992168415445007 1.0988446461986625 31.910000000000004 6.4500000000000011 35.030000000000008 19.500000000000004 2.3500000000000001 36.910000000000004 1.620000000000003 1.4999999999999984 50.780000000000008 42.720000000000006 19.500000000000004 45.280000000000008 4.4999999999999991 27.500000000000004 1.1500000000000001 2.0500000000000003 26.470000000000002 4.5000000000000009 3.6500000000000008 6.8500000000000005 11.950000000000001 1.9700000000000009 7.8150000000000022 -3.1499999999999999 43.970000000000006 -3.3499999999999992 1.0000000180025095e-35 14.500000000000002
decision_type=2 2 2 2 2 2 2 2 2 2 2 2 2 2 2 2 2 2 2 2 2 2 2 2 2 2 2 2 2 2
left_child=1 -1 3 4 -3 22 7 -7 9 -8 11 13 -13 14 16 -14 -9 -6 -5 -10 -21 -22 24 -24 25 26 29 28 -28 -4
right_child=-2 2 5 18 17 6 8 10 19 -11 -12 12 15 -15 -16 -17 -18 -19 -20 20 21 -23 23 -25 -26 -27 27 -29 -30 -31
leaf_value=-0.043265647879685398 -0.042497047902057286 -0.051802833734589521 -0.012417753379279996 -0.050282403837012268 -0.056438459022674664 -0.050184283218318221 0.038122578619496451 0.00070866485694623621 0.041997211174750533 -0.086173890398626871 0.060768774313756095 -0.067923984422089523 0.05501943757644543 0.041259841907373827 -0.064643668778574512 -0.038718356928933294 0.060607973338719048 0.03459630513460412 0.022357921771284515 0.056247452493591844 -0.031552655993853873 0.056748178539692155 -0.055504487956831099 0.024808665729987682 0.054884607776239651 0.026165817115725049 -0.021668834632627167 -0.039290199862251463 0.04865710296227365 -0.1185247320095227
leaf_weight=201.85458494676277 219.77129221172072 6.5379981661681068 1.1223722617141896 1.2759888684377099 1.0857150454539803 3.3648451881017527 5.9045351631939393 8.8771018511615747 19.298241634853188 2.7578923478722572 2.9332875981926909 3.9153432548046094 2.7532058134675026 10.188633559271691 3.7739029964432111 1.985172167420387 4.0946960127912453 3.1810969840735197 20.715882981428877 2.0302101301494977 3.9547376213595271 1.8530721738934515 1.7943413481116284 3.2466724384576082 4.8664719164371482 612.06764844851568 2.5817790473811311 2.1038377704098812 7.0590964257717133 1.0612182945478705
leaf_count=53912 49000 1345 62 314 69 367 53 76 200 17 26 37 33 111 38 16 35 37 245 23 41 19 19 36 61 7113 28 23 77 32
internal_value=-0.000422967 0.00932845 0.0235521 0.00332642 -0.0268314 0.0244817 0.014693 0.00594339 0.0249305 -0.00145019 0.0108462 0.00673136 -0.0221094 0.0159976 0.000627217 0.0157474 0.0196166 0.011432 0.0181433 0.0333518 0.0120656 -0.0033789 0.0256776 -0.00377868 0.0259129 0.0256877 0.00467773 0.0174437 0.0298242 -0.0639854
internal_weight=1168.01 948.24 746.385 32.7967 10.8048 713.588 77.6849 41.8862 35.7987 8.66243 38.5213 35.5881 8.65372 26.9343 16.7457 4.73838 12.9718 4.26681 21.9919 27.1363 7.83802 5.80781 635.903 5.04101 630.862 625.996 13.9283 11.7447 9.64088 2.18359
internal_count=113465 64465 10553 2010 1451 8543 1092 739 353 70 372 346 86 260 149 49 111 106 559 283 83 60 7451 55 7396 7335 222 128 105 94
is_linear=0
shrinkage=0.05


Tree=67
num_leaves=31
num_cat=0
split_feature=4 4 2 2 0 2 0 3 2 5 1 4 0 7 1 6 1 2 2 2 3 3 2 1 3 3 5 1 0 0
split_gain=36.5578 21.9177 2.87842 2.71412 4.13127 2.30079 2.21523 1.7366 3.42684 2.96976 7.58627 2.51577 2.22434 2.07225 1.94109 1.85539 1.83501 2.72883 2.1754 1.77746 1.58909 4.77742 3.58883 3.55247 9.31743 3.42943 6.09633 4.69958 6.16545 4.25643
threshold=3.5000000000000004 21.500000000000004 10.950000000000001 8.2500000000000018 34.530000000000008 14.65 31.910000000000004 7.3150000000000004 3.4500000000000006 3.5000000000000004 35.655000000000008 4.5000000000000009 33.155000000000008 1.5000000000000002 31.030000000000005 11.500000000000002 29.655000000000005 13.750000000000002 10.550000000000002 -5.5499999999999989 4.1900000000000004 3.9999999999999987 11.950000000000001 32.030000000000008 4.8099999999999978 4.5000000000000027 1.0000000180025095e-35 37.470000000000006 40.280000000000008 45.845000000000006
decision_type=2 2 2 2 2 2 2 2 2 2 2 2 2 2 2 2 2 2 2 2 2 2 2 2 2 2 2 2 2 2
left_child=3 5 -3 -1 6 7 -5 11 -9 -10 -11 12 -2 -13 15 -14 17 18 -15 -18 21 -21 -23 24 -22 26 27 28 -25 -29
right_child=1 2 -4 4 -6 -7 -8 8 9 10 -12 13 14 16 -16 -17 19 -19 -20 20 23 22 -24 25 -26 -27 -28 29 -30 -31
leaf_value=-0.043226077783950406 -0.052156718660984105 -0.043884394662418585 0.12777459037384822 -0.050136652176473645 0.22709211919637662 -0.082243130507827944 0.03858149462577877 0.009866042194454569 0.0338468407191507 0.021936335016679805 0.35337252329527935 0.015316102170130498 0.037259037482496531 -0.060513975955612233 -0.011335782573723183 -0.056041760340416483 -0.095345839860674561 -0.22677406000969344 0.032663850576709084 0.0032497987104704537 0.016439399926312971 0.023304824332499949 -0.14764176883085076 -0.014229324908220237 -0.24075867869399931 0.002408409681309091 -0.0040041039172243218 0.010408808815306071 -0.15334724490383514 -0.096491156855180227
leaf_weight=51.146670594578609 2.9280178886838248 27.40674626687542 0.24640453862957556 1.5519759624730793 0.19659779407083977 0.79585705790668626 1.2871739116962997 30.175323728239164 1.438921106513589 0.41848919540643681 0.29390234546735883 32.618568670470268 3.7993023390881708 1.6410278824623672 29.8099621811416 0.61977202328853298 0.46278973086736996 0.17875717394053925 1.0131287481635807 433.66970711573958 0.98697246657684334 37.034116722643375 0.30959046538919111 1.3394475472159677 0.54744211817160249 421.03727687965147 46.692150015151128 3.3829277975019068 1.9644312984310088 1.2848301818594334
leaf_count=18153 800 9463 6 594 31 38 71 2268 80 33 28 2701 234 340 2398 66 44 5 69 35862 90 2799 29 104 33 33283 3424 243 72 104
internal_value=-0.000420302 0.00158654 -0.0423548 -0.0404997 0.00543392 0.00273892 -0.00991486 0.00280311 0.0142128 0.075182 0.158673 0.00244198 -0.0103294 0.00292416 -0.0067514 0.0241737 0.00249937 -0.037682 -0.0249467 0.00261935 0.00266716 0.00472748 0.0218876 0.000633716 -0.0753227 0.00087872 -0.0109034 -0.0513147 -0.0969465 -0.0190161
internal_weight=1136.28 1082.1 27.6532 54.1824 3.03575 1054.44 2.83915 1053.65 32.3266 2.15131 0.712392 1021.32 37.1571 984.163 34.229 4.41907 951.545 2.83291 2.65416 948.712 948.249 471.013 37.3437 477.235 1.53441 475.701 54.6638 7.97164 3.30388 4.66776
internal_count=113465 94616 9469 18849 696 85147 665 85109 2409 141 61 82700 3498 79202 2698 300 76501 414 409 76087 76043 38690 2828 37353 123 37230 3947 523 176 347
is_linear=0
shrinkage=0.05


Tree=68
num_leaves=31
num_cat=0
split_feature=4 4 2 2 0 2 3 2 7 7 4 0 7 2 0 7 1 2 2 2 3 2 1 3 2 3 0 7 2 3
split_gain=34.3283 20.5192 2.59544 2.58088 3.58622 2.00651 1.57259 3.12003 2.70904 7.3546 2.28019 2.15114 1.87698 1.80701 2.9044 5.31495 1.68763 2.12348 2.05144 1.58901 1.49323 3.54565 4.04116 1.51068 6.15053 1.43569 2.98505 2.15147 2.0068 1.43566
threshold=3.5000000000000004 21.500000000000004 10.950000000000001 8.2500000000000018 31.910000000000004 14.65 7.3150000000000004 3.4500000000000006 20.500000000000004 24.500000000000004 4.5000000000000009 33.155000000000008 1.5000000000000002 -1.6499999999999997 44.655000000000008 4.5000000000000009 29.655000000000005 13.750000000000002 10.550000000000002 -5.5499999999999989 4.2399999999999975 2.6500000000000008 31.910000000000004 5.6299999999999981 0.75000000000000011 7.5650000000000022 42.470000000000006 28.500000000000004 -1.3499999999999999 4.1900000000000004
decision_type=2 2 2 2 2 2 2 2 2 2 2 2 2 2 2 2 2 2 2 2 2 2 2 2 2 2 2 2 2 2
left_child=3 5 -3 20 -5 6 10 25 -9 -10 11 -2 -12 14 -13 -16 17 18 -14 -18 -1 23 -23 -22 -25 27 -27 -8 -29 -21
right_child=1 2 -4 4 -6 -7 7 8 9 -11 12 13 16 -15 15 -17 19 -19 -20 29 21 22 -24 24 -26 26 -28 28 -30 -31
leaf_value=-0.046481634849062675 -0.052095881903363429 -0.043386512479442738 0.11634593132531038 -0.050129971699359677 0.059647098553166383 -0.075383938046484938 0.026896090315956085 0.026173668709984568 0.34159468080220051 0.033222783181383851 0.014590455392717258 -0.082203433334654796 -0.060227935139349778 -0.0016724729954230575 -0.24926664157807368 0.013855641152202109 -0.089692244369022928 -0.19466771598715188 0.031213529016248406 0.0044955548966801925 -0.050150747505631643 -0.0019081754950108815 0.17583601983402969 -0.05031417014877948 0.34928758543683741 -0.18254597228385525 0.0025229787521886672 0.0040245359809894243 -0.18803052506946252 0.00060351381843347504
leaf_weight=41.600085299927741 2.7883879118598989 26.361805347027261 0.25678794318810005 1.4764769293833517 1.4995732142124323 0.82409512414596875 11.915160086005926 1.2868603514507406 0.29755092738196243 0.55213887710124254 32.531106465728953 1.9328770998399694 1.5682226682547478 29.196252777939662 0.20579214533790979 2.8474550049286336 0.46725608035921951 0.19728925731033076 1.0073459376581011 470.58184812194668 5.1681191199459127 1.4096837677061556 0.41360881947912265 0.44801294663920987 0.12265701591968536 0.22064560698345559 17.405506280018017 0.3399517540819943 0.22673438116908151 477.22206581942737
leaf_count=15830 800 9463 6 594 102 38 885 84 27 30 2701 102 340 2291 28 277 44 5 69 38690 1958 233 9 122 1 10 1323 37 13 37353
internal_value=-0.000403146 0.00150944 -0.0418456 -0.0400293 0.00518454 0.00260476 0.00266581 0.0135375 0.0719231 0.141211 0.00232232 -0.00986797 0.00278053 -0.00642328 -0.0342416 -0.00387908 0.00237656 -0.0365738 -0.0244637 0.00249046 -0.0427663 -0.022328 0.0384126 -0.0416262 0.0355743 0.00939425 0.000206271 0.022369 -0.0728178 0.0025359
internal_weight=1132.37 1080.23 26.6186 52.1382 2.97605 1053.61 1052.79 32.2445 2.13655 0.84969 1020.55 36.9708 983.575 34.1824 4.98612 3.05325 951.044 2.77286 2.57557 948.271 49.1622 7.56208 1.82329 5.73879 0.57067 30.108 17.6262 12.4818 0.566686 947.804
internal_count=113465 94616 9469 18849 696 85147 85109 2409 141 57 82700 3498 79202 2698 407 305 76501 414 409 76087 18153 2323 242 2081 123 2268 1333 935 50 76043
is_linear=0
shrinkage=0.05


Tree=69
num_leaves=31
num_cat=0
split_feature=10 10 1 4 2 1 2 3 7 3 1 2 3 5 3 1 4 2 1 6 2 5 2 7 1 1 2 3 3 7
split_gain=180.456 259.453 4.51004 3.03422 2.91916 3.31719 2.18113 2.34367 2.16223 2.01711 1.98222 2.75439 4.32955 2.94202 5.24705 2.90919 2.74603 2.84698 4.52749 3.64109 3.50975 3.58493 1.96805 1.87303 2.50672 6.59154 6.37891 5.92423 7.91178 4.81274
threshold=1.0992168415445007 1.0988446461986625 30.655000000000005 19.500000000000004 5.4500000000000011 34.220000000000006 6.5500000000000007 3.4300000000000019 8.5000000000000018 6.0599999999999978 45.090000000000011 -0.94999999999999984 6.1800000000000024 4.5000000000000009 3.6800000000000019 39.845000000000006 20.500000000000004 1.3500000000000003 41.345000000000006 11.500000000000002 3.6500000000000008 2.5000000000000004 13.750000000000002 2.5000000000000004 34.970000000000006 34.410000000000004 0.65000000000000002 2.4700000000000011 1.8099999999999972 9.5000000000000018
decision_type=2 2 2 2 2 2 2 2 2 2 2 2 2 2 2 2 2 2 2 2 2 2 2 2 2 2 2 2 2 2
left_child=1 -1 6 23 5 -5 9 8 -8 -3 11 13 16 15 -15 -7 17 18 -13 -20 21 -19 -10 -4 25 26 -25 28 -27 -29
right_child=-2 2 3 4 -6 10 7 -9 22 -11 -12 12 -14 14 -16 -17 -18 20 19 -21 -22 -23 -24 24 -26 27 -28 29 -30 -31
leaf_value=-0.042828959708286839 -0.042146628610300579 -0.050805202872780987 0.035279268068770457 -0.042005061885467002 0.032083624645931133 -0.06398768310372295 0.016068623628776129 0.061882091522235866 -0.017764878908582731 0.024204301808721688 0.058601681593485236 -0.072168651362000208 0.056799371897202966 0.0083974094899527934 -0.10846948547325608 0.016645516086332274 0.023609157231348626 -0.013153240550824561 -0.03861385820871379 0.055564122583404076 -0.026857921543566105 0.055788835931368852 -0.12478693362516209 -0.048398419877316995 0.025215135573312987 0.02718966779144924 0.02702159692404546 -0.030961899725246607 -0.06790122720002216 0.034053218226876028
leaf_weight=190.10615440947004 210.46562441741116 3.6074934017378828 37.834223878802732 3.0325956656597546 17.580908620264381 1.3058427863288651 5.5736042049247754 1.7222058156039555 2.355838260846213 1.1925539523363111 2.1626545935869208 3.2322613643482354 5.6216723024845114 2.0247174438554789 1.8271916001103816 7.8023275476880372 18.417873399797827 2.9814022183418256 2.1224073432385921 1.9872248107567427 3.9838730623014262 5.1303265164606273 0.52535931766033162 2.923758343094959 501.35762223019265 3.2815892815124261 68.208577598445117 4.0514326263219109 6.560612227069214 9.5704452020581794
leaf_count=53912 49000 946 520 425 177 80 216 13 222 7 21 30 60 41 29 66 179 24 24 22 37 56 3 437 5693 34 963 38 70 120
internal_value=-0.000388025 0.00918489 0.0227679 0.0233383 0.0141121 0.0089857 -0.00438603 0.00871815 -0.00211111 -0.0321694 0.0116245 0.00982437 0.0158552 -0.0104071 -0.0470396 0.0050851 0.00977478 -0.0033339 -0.0278952 0.00692618 0.0115746 0.0304497 -0.0372793 0.0244914 0.0238066 0.0163412 0.0239216 -0.00663925 -0.036196 0.0147164
internal_weight=1128.55 918.085 727.979 713.002 79.2133 61.6324 14.9771 10.177 8.4548 4.80005 58.5998 56.4371 43.477 12.9601 3.85191 9.10817 37.8554 19.4375 7.34189 4.10963 12.0956 8.11173 2.8812 633.788 595.954 94.5964 71.1323 23.4641 9.8422 13.6219
internal_count=113465 64465 10553 9146 1271 1094 1407 454 441 953 669 648 432 216 70 146 372 193 76 46 117 80 225 7875 7355 1662 1400 262 104 158
is_linear=0
shrinkage=0.05


Tree=70
num_leaves=31
num_cat=0
split_feature=10 10 0 2 1 6 0 7 3 3 1 1 3 5 3 5 1 2 2 2 5 3 0 4 7 1 1 1 2 0
split_gain=158.518 241.383 5.33135 12.7929 4.55463 3.87268 6.30299 3.86803 4.04474 7.29633 7.31682 4.94467 3.69233 3.95253 3.40322 6.25042 3.16089 3.03679 2.80998 2.59541 2.49213 2.28031 2.22299 2.08416 2.70171 2.51214 6.64134 4.69221 4.03773 3.69525
threshold=1.0988446461986625 1.0992168415445007 37.410000000000004 3.2500000000000004 27.410000000000004 6.5000000000000009 37.280000000000008 8.5000000000000018 3.5000000000000022 1.750000000000002 34.410000000000004 33.590000000000011 3.3149999999999999 3.5000000000000004 1.6850000000000007 2.5000000000000004 33.345000000000006 12.550000000000002 7.8500000000000005 9.6500000000000004 5.5000000000000009 1.3750000000000002 34.410000000000004 18.500000000000004 28.500000000000004 42.410000000000004 42.845000000000006 41.090000000000011 -0.6499999999999998 49.910000000000004
decision_type=2 2 2 2 2 2 2 2 2 2 2 2 2 2 2 2 2 2 2 2 2 2 2 2 2 2 2 2 2 2
left_child=-1 2 3 -2 -5 -6 7 12 9 11 16 -9 17 -14 15 -4 19 20 23 -11 22 -22 -7 24 -16 27 28 -25 -27 -28
right_child=1 -3 14 4 5 6 -8 8 -10 10 -12 -13 13 -15 18 -17 -18 -19 -20 -21 21 -23 -24 25 -26 26 29 -29 -30 -31
leaf_value=-0.043327064402181009 -0.054830118553961193 -0.040356886485147771 -0.057844762369426463 -0.052201913095089071 0.030270242527304092 0.020836641873898606 -0.066350942490362427 -0.022889076674843481 0.057341229763970193 -0.0039960039770442169 -0.090384365279995854 0.050260473434188525 -0.07209011915644381 0.026746650928887002 0.023041984402821333 0.028271203494103558 0.038179194565942293 -0.016833634017448508 0.036808313200318299 -0.15004563047655395 -0.054045292479053202 0.028895660080093873 0.051530320431836987 0.014132520936563975 0.03723053466258959 -0.014245585563824954 0.039216613103450898 0.048242981577353912 -0.11148270719859728 -0.0070927271982987377
leaf_weight=182.27052728342824 6.8910965938121072 202.88365994323976 3.6305845519527775 2.4089686311781398 36.136171247111633 9.7018284660298466 2.6208975762128821 4.1992663568817132 2.3224082530941805 0.81643344159237885 4.4747228100895882 5.1355267912149429 1.9983368436805893 2.048395101679489 436.28567351540551 5.0212968401610851 2.426179438829422 3.2820195052772752 38.373425813391805 0.48482967168092728 1.4359552634414279 1.9595795040950177 15.049723930191247 53.153884990606457 36.345872944686562 2.6352782472968102 8.2332391226664203 12.441769547760485 1.7946756035089517 9.0348246693611127
leaf_count=53997 1405 49266 26 638 557 173 22 124 34 51 28 45 19 31 5136 37 23 27 458 5 19 28 169 654 435 24 87 141 20 88
internal_value=-0.000754042 0.00774309 0.0214811 0.010986 0.0156859 0.017424 0.00941418 0.0130027 -0.00466571 -0.0128772 -0.0472832 0.0173541 0.0228935 -0.0220604 0.0232689 -0.0078656 0.00445896 0.0286817 0.0237191 -0.0584117 0.0339889 -0.00617967 0.0394994 0.0228221 0.0241331 0.015724 0.00097621 0.0206024 -0.0536386 0.0149871
internal_weight=1095.5 913.227 710.343 103.392 96.5012 94.0923 57.9561 55.3352 19.8594 17.537 8.20217 9.33479 35.4758 4.04673 606.951 8.65188 3.72744 31.4291 598.299 1.30126 28.1471 3.39553 24.7516 559.925 472.632 87.2937 21.698 65.5957 4.42995 17.2681
internal_count=113767 59770 10504 3398 1993 1355 798 776 310 276 107 169 466 50 7106 63 79 416 7043 56 389 47 342 6585 5571 1014 219 795 44 175
is_linear=0
shrinkage=0.05


Tree=71
num_leaves=31
num_cat=0
split_feature=10 10 0 2 1 6 0 3 5 2 3 1 0 3 3 1 5 5 2 1 4 2 1 0 3 4 2 2 2 4
split_gain=149.234 224.8 4.91993 12.0022 4.2556 3.56838 5.56006 3.15148 5.65366 2.72399 2.32548 6.74918 5.06044 3.51108 5.27585 2.76405 2.48103 2.40358 2.376 2.0986 3.95619 3.55901 3.61443 5.57342 3.98245 3.38693 2.22421 4.03125 2.17241 3.71124
threshold=1.0988446461986625 1.0992168415445007 37.410000000000004 3.2500000000000004 27.410000000000004 6.5000000000000009 37.280000000000008 1.6850000000000007 2.5000000000000004 7.8500000000000005 1.750000000000002 34.410000000000004 36.780000000000008 1.3750000000000002 1.3699999999999994 32.410000000000004 3.5000000000000004 3.5000000000000004 5.3500000000000005 43.720000000000006 14.500000000000002 -2.2499999999999996 43.280000000000008 42.845000000000006 6.7150000000000007 15.500000000000002 -1.0499999999999998 -1.5499999999999998 -2.6499999999999999 19.500000000000004
decision_type=2 2 2 2 2 2 2 2 2 2 2 2 2 2 2 2 2 2 2 2 2 2 2 2 2 2 2 2 2 2
left_child=-1 2 3 -2 -5 -6 10 8 -4 19 13 15 -13 14 -7 16 18 -17 -12 21 -21 22 23 -9 -24 -22 27 28 29 -27
right_child=1 -3 7 4 5 6 -8 9 -10 -11 11 12 -14 -15 -16 17 -18 -19 -20 20 25 -23 24 -25 -26 26 -28 -29 -30 -31
leaf_value=-0.043017795985663132 -0.054792398765530284 -0.039945895653509006 -0.054978151544295417 -0.052139355025727342 0.029239975975045997 0.018460198943515131 -0.060714927254961026 -0.050075554334239561 0.027061600938597042 0.036046746831187804 0.029729121665494254 -0.090454852556904108 -0.0021598459327198333 0.04563780231126164 -0.074013393689792623 0.049330927257495077 0.02645070462915829 -0.00040775063520749047 -0.04123399258621599 0.04021101124852524 -0.038948439476345562 0.021707089249444866 0.0086976182225974776 0.035310710883779808 -0.085888278507687266 -0.031498473636931645 0.054961998743260389 -0.036858547895243558 0.042911390522310626 0.046318490006223477
leaf_weight=174.59648518473841 6.559413978480733 194.92485722992569 3.628928776830433 2.2941624328959724 35.554059191374108 14.163882025983185 2.7183230817317954 2.5772955347783846 4.9844136191532016 37.253633399959654 1.5921135349199227 2.9492105320096007 3.6080538928508759 10.510302402544765 1.7308869261760271 7.5702758878469449 4.3659239262342453 3.5763816647231579 4.5521922842599452 39.960336048621684 2.6413469091057804 472.14382648095489 2.1221881061792365 7.3935707691125572 2.3398318514227867 3.4474307564087274 3.944677656050767 3.2442470788955715 7.6408075280487529 2.757910780608654
leaf_count=53997 1405 49266 26 638 557 229 22 218 37 458 54 18 30 151 22 86 98 44 44 469 29 5516 23 82 21 39 48 36 82 22
internal_value=-0.000741329 0.00752674 0.0207874 0.0106255 0.0151336 0.0167951 0.00907816 0.0225219 -0.00750296 0.0229621 0.0125517 0.00257091 -0.0418716 0.0232162 0.00839014 0.0160272 -0.00236828 0.0333724 -0.022846 0.0220762 0.0306148 0.0209594 -0.0034985 0.0132398 -0.0409021 0.0144187 0.02112 0.0133088 0.0250634 0.00308661
internal_weight=1067.35 892.75 697.826 101.745 95.1858 92.8916 57.3375 596.08 8.61334 587.467 54.6192 28.2142 6.55726 26.4051 15.8948 21.6569 10.5102 11.1467 6.14431 550.213 63.6368 486.577 14.4329 9.97087 4.46202 23.6764 21.0351 17.0904 13.8461 6.20534
internal_count=113767 59770 10504 3398 1993 1355 798 7106 63 7043 776 374 48 402 251 326 196 130 98 6585 725 5860 344 300 44 256 227 179 143 61
is_linear=0
shrinkage=0.05


Tree=72
num_leaves=31
num_cat=0
split_feature=10 10 0 2 0 2 6 0 3 5 3 1 0 1 3 3 2 5 5 0 3 10 2 1 5 2 0 4 1 6
split_gain=140.454 209.307 4.62556 3.72774 2.94506 11.8543 3.66758 4.96864 2.91787 5.11528 2.79559 5.85537 4.36151 2.86235 2.70937 5.28155 2.63392 2.32035 2.21126 2.13457 6.13428 4.73183 5.71493 6.83427 11.3658 6.98097 4.18431 7.27508 4.55179 2.07792
threshold=1.0988446461986625 1.0992168415445007 30.655000000000005 10.550000000000002 37.410000000000004 3.2500000000000004 6.5000000000000009 37.280000000000008 1.6850000000000007 2.5000000000000004 1.750000000000002 34.410000000000004 36.780000000000008 32.410000000000004 1.3750000000000002 1.3699999999999994 7.8500000000000005 3.5000000000000004 5.5000000000000009 51.030000000000008 6.5000000000000027 1.1434349078063903 -2.4499999999999997 45.470000000000006 2.5000000000000004 -2.2499999999999996 51.155000000000008 19.500000000000004 43.720000000000006 11.500000000000002
decision_type=2 2 2 2 2 2 2 2 2 2 2 2 2 2 2 2 2 2 2 2 2 2 2 2 2 2 2 2 2 2
left_child=-1 2 3 -2 5 -4 -7 10 9 -6 14 13 -13 -12 15 18 -10 -15 -8 -3 21 22 29 -24 -25 -26 27 28 -22 -21
right_child=1 19 4 -5 8 6 7 -9 16 -11 11 12 -14 17 -16 -17 -18 -19 -20 20 26 -23 23 24 25 -27 -28 -29 -30 -31
leaf_value=-0.04269786089694267 -0.054367696149608381 -0.041001103557854329 -0.05482365037043109 0.037214340881048483 -0.052274662671122032 0.029952469942566274 0.032163764741556015 -0.055779434239615414 0.021351728074341603 0.02589893505877848 -0.0037504511213638358 -0.083328716305004699 -0.0020492254971556357 0.048790219308970033 0.044967896645014792 -0.072074061810351669 0.035286303150576778 -0.00038723621740356813 -0.022974388316016107 -0.050217394169856766 0.24677130382781376 0.35115025803877198 -0.050267455601189372 -0.050400481440163493 0.24229111984311358 0.73064123576031248 -0.045237404936966451 0.48999669937418455 -0.050242964860438957 0.085133800019918243
leaf_weight=167.29471237980761 3.6647721973713479 174.00695280497894 6.1510261717485255 1.5946027496829627 3.6258502742275578 33.675841319840401 10.098617718787862 2.8084555715322486 540.752891671611 4.9486986547708511 10.824125812621793 3.038899488747119 3.6125625893473625 7.2788641378283483 9.9737910677213204 1.6879886635579175 36.181142227724195 3.577528771944344 2.2176430912222722 1.2230666815303268 0.16827025962993403 0.1245569554157554 0.27569857169873935 0.18115982133895159 0.17080058297142386 0.12803870346397161 10.059277457185088 0.092544625047594309 0.55263441288843751 0.36914388183504354
leaf_count=53997 906 46148 1365 12 26 415 127 22 6585 37 190 18 30 86 136 21 458 44 26 289 27 24 55 25 26 20 2443 19 126 64
internal_value=-0.000728986 0.00731299 0.0201097 -0.0266007 0.0204707 0.0123021 0.0169521 0.00900919 0.0217953 -0.0071577 0.0124876 0.00185395 -0.0391839 0.0144442 0.0250521 0.0108682 0.0222256 0.0325847 0.0222357 -0.0395231 -0.0202515 0.050836 0.0349043 0.148134 0.262091 0.451526 -0.0364169 0.0726595 0.0190847 -0.0188371
internal_weight=1040.36 873.065 685.713 5.25937 680.454 94.9453 88.7943 55.1185 585.509 8.57455 52.31 28.332 6.65146 21.6805 23.978 14.0042 576.934 10.8564 12.3163 187.352 13.3452 2.47247 2.34791 0.755698 0.479999 0.298839 10.8727 0.813449 0.720905 1.59221
internal_count=113767 59770 10504 918 9586 2480 1115 700 7106 63 678 368 48 320 310 174 7043 130 153 49266 3118 503 479 126 71 46 2615 172 153 353
is_linear=0
shrinkage=0.05


Tree=73
num_leaves=31
num_cat=0
split_feature=10 10 3 0 2 6 7 1 3 0 2 3 5 1 3 2 0 7 5 1 2 5 2 9 2 1 5 0 0 10
split_gain=132.111 194.917 4.455 3.11837 11.0587 3.37302 3.43888 3.28878 5.0992 3.01233 2.73649 2.59836 7.40824 2.54937 2.52638 2.4396 2.34785 2.5758 3.44171 2.21861 4.20709 2.40289 2.27344 2.9756 4.95969 4.201 3.95046 2.12468 2.10434 5.45792
threshold=1.0988446461986625 1.0992168415445007 0.90499999999999947 37.410000000000004 3.2500000000000004 11.500000000000002 6.5000000000000009 34.410000000000004 1.9700000000000009 36.155000000000008 7.8500000000000005 1.9350000000000007 2.5000000000000004 27.410000000000004 2.1850000000000009 4.9500000000000011 36.280000000000008 11.500000000000002 2.5000000000000004 43.720000000000006 -3.2499999999999996 5.5000000000000009 -0.94999999999999984 1.5000000000000002 -1.5499999999999998 45.590000000000011 3.5000000000000004 52.345000000000006 51.030000000000008 1.1372067952310994
decision_type=2 2 2 2 2 2 2 2 2 2 2 2 2 2 2 2 2 2 2 2 2 2 2 2 2 2 2 2 2 2
left_child=-1 2 -2 4 -4 7 9 13 16 -7 11 12 15 -6 -13 -5 -9 -18 -19 20 -16 22 23 24 25 -21 -26 -27 -3 -30
right_child=1 28 3 10 5 6 -8 8 -10 -11 -12 14 -14 -15 19 -17 17 18 -20 21 -22 -23 -24 -25 26 27 -28 -29 29 -31
leaf_value=-0.042367034341609183 -0.03492334598765777 -0.040611390693235654 -0.054718868253189237 -0.061101301560792132 -0.053997246944430914 -0.052906865018145358 0.0071609705245490041 -0.023273193384271969 -0.032032473079824625 -0.24160346388977874 0.034617330822855452 0.041281507586836741 0.030201289773796589 0.02384789871887958 -0.048324884288705516 -0.0038367147218509355 0.058967708951600833 -0.027672184756545766 0.056324055576422533 0.035644587937502921 0.019415563497627408 0.054754394085216075 0.05486118991199971 0.03263374625663143 0.0070122722207050861 -0.055677842002987213 -0.091138834539491578 0.012767727406630763 0.06126337505366225 -0.032627382970452104
leaf_weight=160.34726751921698 3.7473874050192526 167.069198083831 5.9364977430086574 4.2356331681367037 1.0687524413224299 0.61533248471096103 1.335509131895378 2.4939231202006367 7.8055566921830168 0.32227453589439392 35.312435072846711 14.745413264958186 9.6248070502188039 66.084924162365496 2.303934405790641 3.3159191757440567 4.4497984275221807 2.9740721955895424 2.067205622792244 11.628194997552788 444.70460433885455 8.0108200092799944 5.8186527029611161 26.908612813800573 2.0595433712005606 2.2436154298484317 2.0412364900112152 2.2921735793352127 1.7917191174346943 11.370734465308486
leaf_count=53997 390 46148 1402 36 284 83 107 26 53 2 460 199 78 954 102 32 46 31 22 126 5473 100 72 331 23 25 22 25 336 2782
internal_value=-0.00072242 0.00709332 0.0194416 0.0197455 0.011361 0.0157579 -0.0443684 0.0173299 -0.000583313 -0.117766 0.0211325 0.0202505 0.00111529 0.022609 0.0208793 -0.0359562 0.0198988 0.0312429 0.00677097 0.0202871 0.0190664 0.0292316 0.0253733 0.0217361 0.00726555 0.0197246 -0.0418442 -0.0210887 -0.0390949 -0.0198466
internal_weight=1014.73 854.378 674.147 670.399 95.1538 89.2173 2.27312 86.9442 19.7906 0.937607 575.246 539.933 17.1764 67.1537 522.757 7.55155 11.985 9.49108 5.04128 508.011 447.009 61.0028 52.992 47.1734 20.2648 16.164 4.10078 4.53579 180.232 13.1625
internal_count=113767 59770 10504 10114 3010 1608 192 1416 178 85 7104 6644 146 1238 6498 68 125 99 53 6299 5575 724 624 552 221 176 45 50 49266 3118
is_linear=0
shrinkage=0.05


Tree=74
num_leaves=31
num_cat=0
split_feature=10 10 3 0 2 1 3 9 2 0 3 2 3 2 4 7 7 3 0 0 1 3 2 3 5 1 5 3 7 5
split_gain=124.259 181.366 4.08461 2.88931 10.361 2.73255 4.88092 3.34275 3.04707 7.08578 5.43825 2.76952 2.87891 2.63685 2.92281 2.92607 3.34478 3.83364 6.18894 4.41189 11.607 4.89678 4.1238 5.63657 4.20985 4.25482 3.44248 4.67111 3.20568 2.87055
threshold=1.0988446461986625 1.0992168415445007 0.90499999999999947 37.410000000000004 3.2500000000000004 34.410000000000004 1.9399999999999997 1.0000000180025095e-35 6.3500000000000005 34.780000000000008 4.6799999999999988 6.2500000000000009 1.4999999999999984 7.8500000000000005 18.500000000000004 28.500000000000004 18.500000000000004 6.2499999999999991 42.780000000000008 50.780000000000008 42.720000000000006 6.4400000000000004 1.0500000000000003 1.7499999999999984 1.5000000000000002 38.590000000000011 4.5000000000000009 4.1299999999999981 30.500000000000004 2.5000000000000004
decision_type=2 2 2 2 2 2 2 2 2 2 2 2 2 2 2 2 2 2 2 2 2 2 2 2 2 2 2 2 2 2
left_child=-1 2 -2 4 -4 8 11 -8 9 -6 -10 -7 -13 14 -5 16 17 18 22 20 21 -19 23 -16 -24 -26 -18 -28 -17 -20
right_child=1 -3 3 13 5 6 7 -9 10 -11 -12 12 -14 -15 15 28 26 19 29 -21 -22 -23 24 -25 25 -27 27 -29 -30 -31
leaf_value=-0.042025106152763031 -0.033563954628824576 -0.038649470089970855 -0.05467734357773494 0.021231579360402639 -0.05295456699317988 0.062749614186782321 -0.06325094084782 -0.000385429428648581 0.027420450499206633 0.032563973174316328 -0.051673041737560536 -0.037528907469788049 0.024458314954623767 0.033859624158437733 0.0021732175400556966 -0.036718846611552128 0.038996681093863159 -0.051708077552863635 0.0068199636801786583 0.026412441250654447 -0.1529524062395623 0.054932926539801342 -0.029579615093367817 -0.11537985353431315 0.042195926990368005 -0.038029050308598669 -0.042580333950891835 0.040244179250012009 0.035472393105045727 0.04133908853425905
leaf_weight=153.73706428264268 3.7053058448946095 173.38008414756041 5.6511533580487585 441.64898987091146 4.3943710847524908 2.8518640398979214 3.9794099703431112 4.5122540518641472 55.760426931781694 5.3970367186702788 2.2614301014691582 2.6538573130965215 6.3669843524694443 34.322905652690679 2.1762531613931086 5.8324908290524027 20.093331226380545 2.3248042762279493 9.4115137523040193 3.0905130654573441 1.8152826577425001 2.0047362260520458 5.9107734165154389 1.9188618627376852 7.3579847249202412 2.1315048551186919 3.4857327339705071 3.3272557649761438 2.0883855673018843 16.725858148187399
leaf_count=53997 390 49266 1402 5577 602 25 22 36 760 44 19 29 71 460 20 67 257 26 102 31 15 25 60 68 75 24 38 44 23 192
internal_value=-0.000709826 0.00688261 0.018786 0.0190801 0.0109542 0.0151604 -0.00090147 -0.0298458 0.0199838 -0.00581664 0.0243377 0.0198003 0.00622218 0.020428 0.0195604 0.0113316 0.0141422 0.00706093 0.0130066 -0.0223174 -0.0468259 -0.00232938 -0.00831423 -0.052909 0.00354406 0.024176 0.0285826 -0.00213137 -0.0176852 0.0289095
internal_weight=990.318 836.581 663.201 659.496 93.8288 88.1776 20.3644 8.49166 67.8133 9.79141 58.0219 11.8727 9.02084 565.667 531.344 89.6953 81.7744 54.8681 45.6327 9.23534 6.14482 4.32954 19.4954 4.09512 15.4003 9.48949 26.9063 6.81299 7.92088 26.1374
internal_count=113767 59770 10504 10114 3010 1608 183 58 1425 646 779 125 100 7104 6644 1067 977 638 541 97 66 51 247 88 159 99 339 82 90 294
is_linear=0
shrinkage=0.05


Tree=75
num_leaves=31
num_cat=0
split_feature=10 10 0 2 7 0 10 10 2 0 2 2 2 6 6 1 10 0 0 1 7 6 1 2 1 5 5 2 2 7
split_gain=110.208 162.329 3.88667 9.42474 3.4644 3.01171 4.54242 7.77039 9.06616 7.08212 7.72037 25.8008 8.3349 5.36819 3.17641 2.87886 7.87966 2.60251 2.78926 4.05288 2.60914 2.51301 2.204 13.2332 9.08513 4.94341 5.33821 4.11113 4.12112 4.04784
threshold=1.0992168415445007 1.0988446461986625 34.530000000000008 6.3500000000000005 2.5000000000000004 51.030000000000008 1.1372067952310994 1.1314614440469815 -2.2499999999999996 51.155000000000008 -2.1499999999999999 -2.3499999999999992 -3.4499999999999997 11.500000000000002 11.500000000000002 34.530000000000008 1.0338369643273271 51.655000000000008 51.280000000000008 44.780000000000008 13.500000000000002 6.5000000000000009 37.280000000000008 0.35000000000000003 37.030000000000008 1.0000000180025095e-35 4.5000000000000009 5.3500000000000005 5.2500000000000009 27.500000000000004
decision_type=2 2 2 2 2 2 2 2 2 2 2 2 2 2 2 2 2 2 2 2 2 2 2 2 2 2 2 2 2 2
left_child=1 15 3 -3 21 -2 7 14 13 10 11 12 -8 -9 -7 -1 -17 18 22 20 -20 -4 23 -6 -25 -26 29 28 -24 -27
right_child=5 2 4 -5 17 6 9 8 -10 -11 -12 -13 -14 -15 -16 16 -18 -19 19 -21 -22 -23 27 24 25 26 -28 -29 -30 -31
leaf_value=-0.049224174987866826 -0.039462972999310834 -0.052179172860010219 0.022836747034034502 0.014363460746981286 -0.056223200060597313 -0.050334869235579865 0.48083972279506693 -0.050230825630911746 0.50574368199038966 -0.039697641383171868 -0.050332836191526224 0.95687373233592588 -0.050273110439062733 0.34551456172922507 0.14836724803313298 0.37344473161501374 -0.035345843950209038 0.038230476618985557 0.055545647998470449 -0.078172091446238878 -0.030352318026160736 0.049653047450894994 0.018568565385775872 0.019105791848562963 -0.08349901086353792 0.02647356716809611 -0.088559946573720572 0.03642679182689363 -0.046418391038296675 -0.04887600003233665
leaf_weight=55.942840695730411 154.04535514093004 6.6212952680652952 21.498891022289172 27.100486895302311 6.6512536113150409 1.0062113469466556 0.094125708332285285 0.26651801029220223 0.17972268816083659 9.5295964139513654 0.45769331301562388 0.099278167821466923 0.34325904631987214 0.12629901431500912 0.25137318577617396 0.11803429829887946 91.074789659469388 15.179030969738958 1.7822048738598817 1.8639930933713911 1.754174083471298 14.716975058196111 351.53656361647882 155.86307039007079 2.7341515570878974 6.8234728635288739 1.7452202793210752 33.566509317141026 2.4565579453483215 2.4125873874872923
leaf_count=26152 45979 1437 301 623 784 199 17 61 20 2559 86 18 73 19 32 38 27666 197 20 20 21 214 4266 1964 24 83 22 448 29 30
internal_value=-0.000529611 0.00715842 0.0178293 0.00129777 0.0187276 -0.037558 -0.013805 0.0588989 0.211591 -0.0264483 0.10053 0.229193 0.064023 0.0770097 -0.0106172 -0.0402946 -0.0348167 0.0177976 0.0172527 -0.0185102 0.0129371 0.033734 0.0175953 0.0129592 0.0156727 -0.023341 -0.00836265 0.0197033 0.0181176 0.00679121
internal_weight=967.842 801.442 654.306 33.7218 620.585 166.399 12.3541 1.83012 0.57254 10.524 0.994356 0.536663 0.437385 0.392817 1.25758 147.136 91.1928 584.369 569.19 5.40037 3.53638 36.2159 563.789 176.23 169.579 13.7154 10.9813 387.56 353.993 9.23606
internal_count=113402 64339 10483 2060 8423 49063 3084 331 100 2753 194 108 90 80 231 53856 27704 7908 7711 61 41 515 7650 2907 2123 159 135 4743 4295 113
is_linear=0
shrinkage=0.05


Tree=76
num_leaves=31
num_cat=0
split_feature=10 10 7 0 2 3 2 0 3 10 7 2 0 3 4 0 9 2 0 0 0 3 3 2 5 0 5 3 2 0
split_gain=103.26 151.165 3.66719 4.40314 7.39085 3.52055 3.09118 2.92052 4.08714 5.81992 3.05585 4.31154 4.99173 8.21224 3.54352 2.89329 4.77344 8.39138 2.50927 2.4602 2.56892 3.07964 2.43272 2.04735 2.13769 2.63983 2.0052 1.92166 2.13298 3.36246
threshold=1.0992168415445007 1.0988446461986625 2.5000000000000004 34.530000000000008 6.3500000000000005 1.1899999999999997 13.750000000000002 51.030000000000008 6.5000000000000027 1.1440761668684067 30.500000000000004 -2.4499999999999997 51.410000000000004 6.0000000000000027 12.500000000000002 51.155000000000008 1.5000000000000002 -2.1499999999999999 37.410000000000004 51.655000000000008 51.280000000000008 6.7500000000000027 6.8150000000000004 10.750000000000002 1.5000000000000002 31.220000000000002 1.0000000180025095e-35 1.3750000000000002 8.9500000000000011 32.910000000000004
decision_type=2 2 2 2 2 2 2 2 2 2 2 2 2 2 2 2 2 2 2 2 2 2 2 2 2 2 2 2 2 2
left_child=1 18 22 4 -4 -5 23 -2 9 10 11 -9 -13 -14 -15 16 17 -10 -1 20 -7 -22 -3 24 26 -26 -6 28 29 -28
right_child=7 2 3 5 6 19 -8 8 15 -11 -12 12 13 14 -16 -17 -18 -19 -20 -21 21 -23 -24 -25 25 -27 27 -29 -30 -31
leaf_value=-0.047624450396732694 -0.039028084298967161 0.034380921208557506 -0.052160464490204742 -0.072318259369193519 0.0035395244688733126 0.017140866784515794 -0.069256118686062684 -0.050234703604964681 0.38223210776195549 0.39058343701287773 0.22146417832750742 -0.050486362867660763 0.42748281615322059 0.22979492649331379 -0.050687632775475049 -0.038492093639826523 -0.050374060495494227 -0.050353532168864061 -0.034152145615376002 0.037522878456171499 -0.065795504915970471 0.011672662032817888 -0.024545322058497573 0.045123796399881885 -0.050711831572941561 0.036257167783903914 -0.062132633634025915 0.0012057166130439367 -0.0071787279035610014 -0.27641720947985665
leaf_weight=60.181362848961726 148.12442686862778 38.89195437298622 6.0370388719020438 1.0971209090203036 6.1346922919619917 554.71672368515283 1.1541266292333592 1.3461137469857938 0.23083854070864618 0.11338603915646661 0.1838701176457106 0.43499907338991695 0.20906458282843232 0.17815712955780327 0.30604757415130734 8.5574751808308047 0.52053417940624058 0.21795578626915713 81.189880292862654 14.704155724495648 2.0472851395606986 3.4360592216253281 1.8341224305331696 4.3896832130849353 0.99890418560244043 6.8975396640598774 0.47963732422795169 0.94547493685968209 0.45097501948475838 0.29607605934143066
leaf_count=28573 45979 651 1369 8 99 7642 9 319 23 16 22 61 17 20 37 2428 102 39 25283 197 21 40 22 44 218 66 69 20 6 2
internal_value=-0.000527471 0.00693487 0.0172051 0.0162256 -0.00321558 0.0171634 0.0103716 -0.0370842 -0.0136712 0.039768 0.0248042 0.0101905 0.0822825 0.16559 0.0525125 -0.0292184 0.0526526 0.172148 -0.0398873 0.0173341 0.0168042 -0.0172512 0.0317271 0.0148343 0.00662851 0.0252555 -0.0110782 -0.0523621 -0.0936498 -0.143921
internal_weight=946.306 785.883 644.512 603.785 27.7841 576.001 21.7471 160.423 12.2984 2.77164 2.65825 2.47438 1.12827 0.693269 0.484205 9.5268 0.969329 0.448794 141.371 574.904 560.2 5.48334 40.7261 20.593 16.2033 7.89644 8.30686 2.17216 1.22669 0.775713
internal_count=113402 64339 10483 9810 1902 7908 533 49063 3084 492 476 454 135 74 57 2592 164 62 53856 7900 7703 61 673 524 480 284 196 97 77 71
is_linear=0
shrinkage=0.05


Tree=77
num_leaves=31
num_cat=0
split_feature=10 10 7 1 2 1 4 8 7 2 0 2 2 4 4 1 3 1 7 0 7 0 0 0 3 10 2 3 2 0
split_gain=96.6554 140.67 3.46031 4.16248 11.8308 7.23556 4.13897 5.80552 6.9158 3.91978 3.81138 6.7392 3.77114 3.07112 4.23129 3.02637 9.98456 3.01592 4.4971 3.34365 3.8819 2.97445 2.88601 2.85169 3.61418 5.50809 2.71395 2.70489 2.78766 4.87023
threshold=1.0992168415445007 1.0988446461986625 2.5000000000000004 37.280000000000008 0.35000000000000003 37.030000000000008 8.5000000000000018 1.0000000180025095e-35 27.500000000000004 5.3500000000000005 34.530000000000008 6.3500000000000005 5.2500000000000009 9.5000000000000018 15.500000000000002 34.530000000000008 1.1549999999999996 34.970000000000006 28.500000000000004 35.780000000000008 6.5000000000000009 42.280000000000008 42.590000000000011 51.030000000000008 6.5000000000000027 1.1447853815966365 13.750000000000002 1.7150000000000001 -1.7499999999999998 49.530000000000008
decision_type=2 2 2 2 2 2 2 2 2 2 2 2 2 2 2 2 2 2 2 2 2 2 2 2 2 2 2 2 2 2
left_child=1 15 -3 4 22 10 -7 8 -8 12 11 -6 27 21 17 -1 -17 19 -19 20 -15 -12 -4 -2 25 -25 -13 -5 -29 -30
right_child=23 2 3 9 5 6 7 -9 -10 -11 13 26 -14 14 -16 16 -18 18 -20 -21 -22 -23 -24 24 -26 -27 -28 28 29 -31
leaf_value=-0.049122947662628341 -0.038581296946901239 0.030853744914372247 -0.069968796692447099 -0.016508791487950803 -0.052170690009559678 -0.066307096847941366 0.039081184424412586 -0.088326670079326458 -0.067388914608714101 0.035340195188691928 0.031634995730490438 0.014339925174299554 -0.043907905243689538 -0.038549974385144035 0.024199178660459456 0.48098925129503289 -0.034270496488103312 0.020832779278431836 -0.063061518671017669 -0.01722524146242848 0.039855560736979601 -0.024722726164141364 0.015123857168811233 0.020943298383730026 -0.028658199109023414 0.36741845351029762 -0.062833009139902987 0.027988420807207943 0.01778666732623211 -0.0083970942547219648
leaf_weight=50.806204439140856 142.4911578046158 39.812207866227254 5.6261246076319358 5.7399935498833647 5.4674288274254677 3.9259081962518385 6.0527926706708932 1.7439172738231725 2.0389939174056053 32.110126509796828 43.431754721794277 20.277439560857605 2.5141562209464601 2.1141559481620806 47.512039904715493 0.09412330435588856 84.975673034670763 26.674883629661057 1.6991290152072895 21.768613893538713 6.2327540293335915 2.4745973646640769 1.2109124474227426 2.7984918423462655 9.2717192226555181 0.11961156362667669 1.2070476263761509 59.284199322573841 277.68908086395822 18.972646310925484
leaf_count=26152 45979 673 923 31 1214 38 76 21 24 448 605 524 29 25 628 21 27683 349 22 234 74 27 16 481 2592 11 9 763 3494 236
internal_value=-0.000522593 0.00671023 0.0165821 0.0156284 0.00973731 0.0120315 -0.0229047 -0.00558066 0.0122525 0.0185934 0.0147195 -0.00260853 0.0171169 0.0177939 0.0131154 -0.0394671 -0.0337004 0.00411188 0.0158089 -0.00690874 0.0199965 0.028597 -0.054898 -0.0365956 -0.0133844 0.0351451 0.0100042 0.0175411 0.0180902 0.0161121
internal_weight=926.138 771.457 635.581 595.769 199.458 192.621 13.7616 9.8357 8.09179 396.31 178.86 26.9519 364.2 151.908 106.002 135.876 85.0698 58.4895 28.374 30.1155 8.34691 45.9064 6.83704 154.681 12.1898 2.9181 21.4845 361.686 355.946 296.662
internal_count=113402 64339 10483 9810 4809 3870 159 121 100 5001 3711 1747 4553 1964 1332 53856 27704 704 371 333 99 632 939 49063 3084 492 533 4524 4493 3730
is_linear=0
shrinkage=0.05


Tree=78
num_leaves=31
num_cat=0
split_feature=4 4 2 1 0 0 3 2 7 2 2 2 4 4 3 7 2 3 2 0 1 2 1 0 1 4 3 7 7 4
split_gain=19.7365 13.7095 2.8172 9.14554 2.54289 2.53306 3.87815 2.54312 4.48206 2.68782 2.39431 8.72448 14.6278 2.92747 4.75605 2.3193 4.38513 8.41845 4.39098 4.91341 3.42266 7.41741 5.77468 6.10568 3.65673 3.56896 11.7596 8.28379 4.26874 4.23663
threshold=3.5000000000000004 21.500000000000004 8.9500000000000011 31.280000000000005 51.655000000000008 52.155000000000008 5.1850000000000014 -1.6499999999999997 13.500000000000002 -1.8499999999999999 -2.9499999999999997 -3.0499999999999994 14.500000000000002 9.5000000000000018 7.3700000000000019 8.5000000000000018 -3.5499999999999994 3.6299999999999977 -2.8499999999999992 51.530000000000008 37.280000000000008 -1.0000000180025095e-35 37.030000000000008 44.530000000000008 37.345000000000006 8.5000000000000018 1.9350000000000007 11.500000000000002 16.500000000000004 12.500000000000002
decision_type=2 2 2 2 2 2 2 2 2 2 2 2 2 2 2 2 2 2 2 2 2 2 2 2 2 2 2 2 2 2
left_child=2 4 -1 -4 15 6 -6 9 -9 -7 11 13 -13 -8 -15 16 17 -2 19 -18 21 -17 23 -23 -22 26 -24 -28 -27 -30
right_child=1 -3 3 -5 5 7 10 8 -10 -11 -12 12 -14 14 -16 20 18 -19 -20 -21 24 22 25 -25 -26 28 27 -29 29 -31
leaf_value=-0.038181185471963842 0.61823682005744041 -0.042277025545981041 -0.040862510437249047 0.5732381962781421 0.26791591857306452 0.0069734743510526803 0.018825752054994125 -0.3347237785457795 0.0099802698706673194 0.1429473459146238 0.017810424360039417 0.73879177253706885 0.0072801471234842513 0.48217032124149528 0.0059230760881239458 -0.066472290078489649 -0.029731076759010364 0.068353266401538035 0.006313074375652883 -0.22249227906865562 0.054312177621843517 -0.0018446540004095639 -0.43767853874010298 0.23630195985851732 0.0019241986716842076 0.03098642161099582 -0.13570798253215496 0.0072419086717358909 0.021530110195073834 -0.062054661632722496
leaf_weight=35.589321591192856 0.074804126052184894 17.93487177870702 0.24871832260396232 0.080169746186584234 0.18704872787930327 14.265605780412441 1.595061064232141 0.14889880851842185 0.25719085521996021 0.37293879501521665 4.8161305286921561 0.12672996637411404 0.14832657249644399 0.093923946144059189 0.11864199838601053 4.904020949616096 3.1770061899442221 1.0011398704955352 212.31693405797705 0.36898029409348954 3.3572778024245045 165.10496429947671 0.20927681284956534 0.26958393678069015 424.87354429229163 3.1130197644233686 1.7629318109247831 2.3838243894279003 2.1060060092713684 5.4116443432867527
leaf_count=18687 22 9440 100 12 19 1474 158 24 35 28 433 32 13 27 17 801 293 103 22016 14 297 16569 12 6 41551 270 49 216 229 455
internal_value=-0.000513225 0.000985471 -0.0368351 0.108831 0.00189556 0.0186229 0.0432715 0.00701368 -0.116411 0.0104376 0.0371807 0.0819737 0.344318 0.0420542 0.216357 0.00144978 0.00589336 0.106583 0.00539148 -0.049789 -0.000121513 -0.00579941 -0.00414972 -0.00145644 0.00233491 -0.0338694 -0.0719867 -0.0535311 -0.0182504 -0.0386391
internal_weight=906.419 870.5 35.9182 0.328888 852.565 22.1305 7.08586 15.0446 0.40609 14.6385 6.89881 2.08268 0.275057 1.80763 0.212566 830.435 216.939 1.07594 215.863 3.54599 613.496 185.265 180.361 165.375 428.231 14.9867 4.35603 4.14676 10.6307 7.51765
internal_count=113402 94603 18799 112 85163 2260 699 1561 59 1502 680 247 45 202 44 82903 22448 125 22323 307 60455 18607 17806 16575 41848 1231 277 265 954 684
is_linear=0
shrinkage=0.05


Tree=79
num_leaves=31
num_cat=0
split_feature=10 10 7 3 2 1 1 0 3 3 1 1 3 2 0 4 0 0 7 2 0 2 3 4 2 0 0 0 4 3
split_gain=90.8429 129.763 3.29106 3.80139 3.63076 3.20994 3.19609 11.8265 2.96165 4.58617 8.20445 15.106 7.37202 6.22581 4.53307 4.28679 3.09326 7.20415 8.49439 5.13524 4.89486 4.63674 4.28631 3.79564 3.48552 3.3018 3.16703 4.14141 3.32209 4.46842
threshold=1.0992168415445007 1.0991991879725476 2.5000000000000004 1.9049999999999996 7.2500000000000009 33.090000000000011 34.530000000000008 35.910000000000004 3.0649999999999999 3.4300000000000019 36.470000000000006 35.845000000000006 3.3099999999999974 -1.1499999999999997 48.030000000000008 15.500000000000002 45.410000000000004 45.155000000000008 17.500000000000004 -0.14999999999999999 46.720000000000006 -1.7499999999999998 4.5650000000000004 18.500000000000004 1.1500000000000001 42.590000000000011 40.155000000000008 40.280000000000008 10.500000000000002 4.6799999999999988
decision_type=2 2 2 2 2 2 2 2 2 2 2 2 2 2 2 2 2 2 2 2 2 2 2 2 2 2 2 2 2 2
left_child=1 6 -3 4 5 -4 -1 -8 -5 10 11 12 -10 14 -12 -14 17 19 22 25 -18 -22 -19 24 -21 -11 28 -28 -26 -30
right_child=-2 2 3 8 -6 -7 7 -9 9 16 13 -13 15 -15 -16 -17 20 18 -20 23 21 -23 -24 -25 26 -27 27 -29 29 -31
leaf_value=-0.049048022135239067 -0.036114980094263928 0.030167698199720372 -0.039365036561697681 0.023374954197889167 0.01570300922895157 -0.00025946683975843274 0.57491768039601054 -0.033382018938265576 0.022470152259435456 -0.071037985054514238 -0.07874415095904351 -0.22418353841974636 -0.14997723693071674 0.022799480063047155 0.024511332485866927 -0.005503148937573879 0.034095684671563022 -0.075101391376272086 0.042454258609356983 0.046697962534098691 0.028461051788862043 0.0093907477318580755 -0.011841930265617178 0.035583622017603123 0.040247787041174571 0.014097562985544735 -0.056761560010843641 0.0080727425665011975 0.026757455699117624 -0.025562500161813134
leaf_weight=47.457685496541671 149.41689055447932 38.729149296879768 6.7095947915222522 120.28752852440812 29.793084662291221 24.082760122488253 0.079978927038608982 83.461474451003596 3.6978327757678953 2.8527766655897713 2.9829840022139313 1.0765243654604999 1.3200806785607713 18.660212703049179 1.6513690911233423 0.84026119299232949 48.580225765705109 5.6536090779118222 3.7285381704568854 7.185967731056734 47.763027396053076 95.815309751778841 5.0873055160045624 20.915594198508188 16.467891942360438 1.8955926259513942 2.5269891694188109 97.391972701996565 12.244292967021467 6.1210207417607299
leaf_count=26192 49063 664 1111 2133 534 340 21 27842 111 272 39 15 36 231 21 15 627 57 42 145 603 1211 50 306 260 32 21 1193 146 69
internal_value=-0.000493848 0.00655512 0.0160519 0.0151179 0.00325935 -0.0087805 -0.038686 -0.0327997 0.016487 0.0144385 -0.00429473 -0.052036 -0.0204015 0.00991767 -0.0419509 -0.0937843 0.0159517 0.0112817 -0.0225679 0.0142041 0.0203766 0.0157347 -0.0451393 0.0156985 0.0127683 -0.0370511 0.0109589 0.00643306 0.0239413 0.00931961
internal_weight=904.478 755.061 624.061 585.332 60.5854 30.7924 130.999 83.5415 524.747 404.459 30.2293 6.9347 5.85817 23.2946 4.63435 2.16034 374.23 182.072 14.4695 167.602 192.159 143.578 10.7409 162.854 141.938 4.74837 134.752 99.919 34.8332 18.3653
internal_count=113402 64339 10284 9620 1985 1451 54055 27863 7635 5502 468 177 162 291 60 51 5034 2593 149 2444 2441 1814 107 2140 1834 304 1689 1214 475 215
is_linear=0
shrinkage=0.05


Tree=80
num_leaves=31
num_cat=0
split_feature=10 10 3 0 0 0 3 10 5 4 3 10 2 10 4 0 0 2 2 2 0 2 0 3 7 7 3 0 6 3
split_gain=85.8205 117.006 4.36942 3.36121 2.83648 3.45878 2.81749 2.76279 3.5966 3.30845 7.90432 4.129 9.49409 23.599 4.50738 4.48289 3.91911 2.70782 5.128 2.30058 13.6133 3.89129 5.90859 4.98171 3.09136 2.72727 4.56207 5.73896 3.93739 5.5527
threshold=1.0999733464112851 1.0991991879725476 7.1200000000000001 31.720000000000002 51.030000000000008 52.345000000000006 7.0650000000000004 1.1104837291589207 4.5000000000000009 4.5000000000000009 7.4050000000000002 1.1513593122409052 -3.5499999999999994 1.1447853815966365 19.500000000000004 51.410000000000004 52.155000000000008 13.750000000000002 10.65 1.2500000000000002 41.030000000000008 1.0500000000000003 46.410000000000004 4.4999999999999991 3.5000000000000004 15.500000000000002 6.5650000000000004 47.655000000000008 6.5000000000000009 1.4999999999999984
decision_type=2 2 2 2 2 2 2 2 2 2 2 2 2 2 2 2 2 2 2 2 2 2 2 2 2 2 2 2 2 2
left_child=1 -1 3 17 -2 7 19 -6 -9 10 -10 12 13 -11 -13 -16 -14 18 -3 20 -5 -22 23 -23 -21 28 -27 -28 29 -26
right_child=4 2 -4 6 5 -7 -8 8 9 11 -12 14 16 -15 15 -17 -18 -19 -20 24 21 22 -24 -25 25 26 27 -29 -30 -31
leaf_value=-0.037443046650326182 -0.037945813417269603 -0.038240540378279508 0.036261172159997093 -0.049183394072979919 0.18492891442449666 -0.050166781548795114 -0.05430379788237169 -0.027578920882102061 -0.050261960326040835 -0.050220382191093274 0.6593699653940519 -0.050196265009991005 -6.4218230308975234e-05 0.98079217273082975 0.42939226488055671 -0.050172026811246967 0.26995219044823399 -0.1308941925572539 0.063997054255048022 0.03123480849542902 0.015521206090389275 0.017121728425769821 0.032663221047851208 -0.06614451495333179 -0.06242140359993234 0.021256727990410881 -0.092486977962644157 0.028538286325365227 0.0055517209678563979 0.024389809811749971
leaf_weight=126.08958519226871 131.1033470389666 4.6629802327370262 24.114999778568745 9.0417075456352887 0.21194560592993905 4.0185382724739611 1.4647231847047795 4.3953001499176025 0.088557393057272171 0.12980623054318119 0.070464530028402805 1.5264320583082733 0.99128402280621253 0.096958387875929475 0.10399921610951413 0.091697832103818655 0.15545869432389736 0.51202562451362599 1.6642411202192304 36.43052274081856 177.36888166912831 2.6806821099016798 4.5156767517328253 5.4448855752125382 1.9029909215169016 181.48549572448246 2.0016969814896579 1.9182339087128637 106.92417805327568 57.485539751010947
leaf_count=53999 45603 1090 310 1321 33 1238 15 1082 21 33 19 431 173 18 14 27 18 3 14 531 2355 37 57 50 30 2681 20 25 1398 826
internal_value=-0.000341982 0.00646177 0.0153962 0.0145513 -0.0358259 -0.0124317 0.0149562 0.00685621 0.00192262 0.0417634 0.264184 0.0303377 0.0949976 0.390613 -0.0212327 0.204683 0.0365407 -0.020299 -0.0113491 0.0151289 0.0107586 0.013611 -0.0131913 -0.0386744 0.0173701 0.015934 0.0201041 -0.0332628 0.0112853 0.0216081
internal_weight=888.693 745.709 619.619 595.504 142.984 11.8804 588.665 7.8619 7.64996 3.25466 0.159022 3.09564 1.37351 0.226765 1.72213 0.195697 1.14674 6.83925 6.32722 587.2 199.052 190.01 12.6412 8.12557 388.149 351.718 185.405 3.91993 166.313 59.3885
internal_count=113472 64762 10763 10453 48710 3107 9346 1869 1836 754 40 714 242 51 472 41 191 1107 1104 9331 3820 2499 144 87 5511 4980 2726 45 2254 856
is_linear=0
shrinkage=0.05


Tree=81
num_leaves=31
num_cat=0
split_feature=10 10 3 1 0 1 0 5 5 0 3 1 3 9 0 3 4 0 3 0 7 4 0 5 1 3 0 0 0 1
split_gain=80.2952 108.747 4.15671 3.23117 2.94852 2.8748 25.4102 26.2425 12.693 2.73527 3.2748 4.90906 2.67854 4.63212 2.56643 3.10566 4.57405 2.48285 3.14268 2.26198 2.63841 2.9056 6.8218 2.51916 3.62543 2.1404 2.05235 9.31866 1.98742 6.14971
threshold=1.0999733464112851 1.0991991879725476 7.1200000000000001 30.655000000000005 33.410000000000004 34.280000000000008 35.780000000000008 5.5000000000000009 1.0000000180025095e-35 51.030000000000008 6.5000000000000027 44.655000000000008 7.0000000000000027 1.5000000000000002 51.155000000000008 7.0650000000000004 11.500000000000002 32.470000000000006 2.4700000000000011 51.410000000000004 30.500000000000004 17.500000000000004 51.780000000000008 5.5000000000000009 46.090000000000011 2.6199999999999997 47.090000000000011 48.530000000000008 45.030000000000008 39.220000000000006
decision_type=2 2 2 2 2 2 2 2 2 2 2 2 2 2 2 2 2 2 2 2 2 2 2 2 2 2 2 2 2 2
left_child=1 5 3 4 17 -1 7 8 -7 28 11 -11 -5 -14 15 -12 -17 -3 -19 -13 21 23 -23 -21 -25 -20 -4 -28 29 -2
right_child=9 2 26 12 -6 6 -8 -9 -10 10 14 19 13 -15 -16 16 -18 18 25 20 -22 22 -24 24 -26 -27 27 -29 -30 -31
leaf_value=-0.047671404730052915 -0.036777942062757508 -0.011962678594501473 0.055363916407814864 0.01487970952901212 0.036282660659651265 0.78717892898197905 -0.033236646506198134 1.1924362786592322 -0.050255036085923993 0.33420907063177857 -0.050305949566162911 -0.050362587265512099 -0.079896480144425852 0.020656479459609106 -0.037379210364061485 -0.050407399430903402 0.23965336942254015 -0.19795666797833786 0.063397292521099283 -0.050322288971558084 0.23241375406752141 0.29482211446231266 -0.050569138264347217 0.29702844174917348 -0.051102915047218561 -0.080097115443970565 -0.08139903463153729 0.039080589831772428 -0.043400519377543391 0.012585615888773376
leaf_weight=41.311914650374092 52.396820286638103 8.510144043597391 8.3595084957778472 570.10211490164511 2.6432920639635986 0.059706313884816065 79.840334223001264 0.080466766958124936 0.18685883947182447 0.12934064771979992 0.45679192082024911 0.82821051147766445 2.0310237631201735 2.6264053657650948 7.817008251324296 0.22501475783064961 0.34323349595069885 0.41415932553354551 0.3623314978322012 0.9838974417652937 0.17647992679849256 0.28878514515236009 0.28311323467642069 0.14322054758667946 0.15650775702670217 0.91903834580443799 1.8264690935611714 13.234346851706503 66.679963254020549 7.1730477748205876
leaf_count=25171 20669 1230 96 8997 88 19 28727 22 60 6 105 153 19 29 2444 44 20 30 10 211 13 24 43 16 28 50 22 192 22512 2422
internal_value=-0.000342631 0.00625016 0.0148401 0.0140168 -0.0107811 -0.0369566 -0.031435 0.408402 0.152532 -0.0353167 -0.012329 0.0329101 0.0145712 -0.0231929 -0.0276246 0.0467643 0.124795 -0.0229707 -0.0782216 0.0192851 0.0476724 0.0301015 0.123839 -0.0116618 0.115246 -0.0395214 0.0354969 0.0244697 -0.0374711 -0.0308339
internal_weight=870.59 732.508 611.029 587.609 12.849 121.479 80.1674 0.327032 0.246565 138.081 11.8316 2.98956 574.76 4.65743 8.84205 1.02504 0.568248 10.2057 1.69553 2.86021 2.032 1.85552 0.571898 1.28363 0.299728 1.28137 23.4203 15.0608 126.25 59.5699
internal_count=113472 64762 10763 10453 1408 53999 28828 101 79 48710 3107 494 9045 48 2613 169 64 1320 90 488 335 322 67 255 44 60 310 214 45603 23091
is_linear=0
shrinkage=0.05


Tree=82
num_leaves=31
num_cat=0
split_feature=10 10 3 1 1 0 10 7 0 0 0 1 5 3 0 1 5 0 3 1 1 9 7 7 3 1 10 1 0 0
split_gain=75.001 101.094 3.96542 2.94878 2.91153 13.7338 6.23807 4.10826 2.67849 2.65942 3.11588 3.08909 2.86912 2.51513 4.34012 2.37454 2.57552 2.23707 2.29818 2.07461 4.84344 2.02091 2.87307 3.88125 5.22421 6.55457 3.27701 5.31462 2.87074 2.01214
threshold=1.0999733464112851 1.0991991879725476 7.1200000000000001 30.655000000000005 34.280000000000008 35.780000000000008 1.0381332909113519 9.5000000000000018 33.410000000000004 51.030000000000008 52.345000000000006 46.470000000000006 4.5000000000000009 6.905000000000002 51.530000000000008 43.910000000000004 2.5000000000000004 32.470000000000006 2.4700000000000011 43.720000000000006 43.590000000000011 1.0000000180025095e-35 15.500000000000002 14.500000000000002 6.8150000000000004 45.090000000000011 1.1658864929566113 44.030000000000008 52.155000000000008 47.090000000000011
decision_type=2 2 2 2 2 2 2 2 2 2 2 2 2 2 2 2 2 2 2 2 2 2 2 2 2 2 2 2 2 2
left_child=1 4 3 8 -1 6 7 -6 17 -2 11 12 19 -5 15 16 -15 -3 -19 20 -11 -14 23 24 25 -23 27 -25 -27 -4
right_child=9 2 29 13 5 -7 -8 -9 -10 10 -12 -13 21 14 -16 -17 -18 18 -20 -21 -22 22 -24 26 -26 28 -28 -29 -30 -31
leaf_value=-0.047549367922057738 -0.036985736185703159 -0.011393352471630792 0.054898656985565265 0.014506789191532157 -0.050498719014555195 -0.032663774355129273 0.43345484828939251 0.29452317427209695 0.034905957123677382 -0.051013618586112724 -0.050152487396877478 0.20046329667804971 -0.050450635018714864 0.022287309833699961 0.054291139406211233 -0.070564133761261374 -0.033229017226580178 -0.17024628218917182 -0.038952485208337072 -0.037579543946889227 0.33010191782821008 0.33817178184303659 -0.050250321232302275 0.40400281673008753 -0.050238755586703425 0.012931275797630384 0.47872950283273524 -0.050213623280712022 0.23871912923489058 0.023779073082551158
leaf_weight=39.395458753220737 121.64218513120431 8.489178969874045 8.0175052434206027 555.58549924613908 0.21403690858278324 77.244963700184599 0.20670351095031947 0.14454550470691174 2.6110105710104099 0.22881964058615079 3.6792197648901483 0.19797229534015048 0.59388466598466072 3.5944319590926153 2.3073391169309607 1.9928199052810658 4.9884684383869171 0.45629264728631724 1.2365262163802979 3.9278036109171808 0.13114264421164989 0.25616923905909172 0.56985712447203685 0.10915339738130558 0.81337026180699457 0.78534784819930792 0.094515469390898943 0.15707233129069209 0.17152357171289623 14.751514267176388
leaf_count=25171 45603 1230 96 8894 42 28727 40 19 88 35 1238 26 154 42 32 25 52 30 60 1033 19 30 147 7 229 109 22 44 14 214
internal_value=-0.000347352 0.00602199 0.0142679 0.0134661 -0.0364742 -0.0308668 0.214688 0.0885805 -0.0102734 -0.0347945 -0.012043 0.00540372 0.00047732 0.0140003 -0.00784016 -0.0213955 -0.00997934 -0.021859 -0.0743422 -0.0270508 0.0878356 0.033718 0.0506224 0.0747026 0.0478027 0.113542 0.225809 0.136017 0.0534048 0.034737
internal_weight=854.594 721.236 604.031 581.262 117.206 77.8102 0.565286 0.358582 12.793 133.358 11.7159 8.03663 7.83866 568.469 12.8831 10.5757 8.5829 10.182 1.69282 4.28777 0.359962 3.55089 2.95701 2.38715 2.02641 1.21304 0.360741 0.266226 0.956871 22.769
internal_count=113472 64762 10763 10453 53999 28828 101 61 1408 48710 3107 1869 1843 9045 151 119 94 1320 90 1087 54 756 602 455 382 153 73 51 123 310
is_linear=0
shrinkage=0.05


Tree=83
num_leaves=31
num_cat=0
split_feature=10 10 3 1 0 2 3 1 2 0 2 0 3 1 3 3 4 3 3 3 2 2 1 5 5 0 0 0 5 1
split_gain=70.05 93.9054 3.80075 2.80104 10.4508 11.594 4.4956 2.69905 2.66233 10.8248 3.39931 5.29711 4.20174 2.77347 4.14588 2.70648 6.58168 2.61818 2.61657 6.39489 6.09814 8.90098 5.86104 3.43147 2.79929 2.57473 2.5728 2.94526 2.51572 3.27057
threshold=1.0999733464112851 1.0988446461986625 7.1299999999999981 34.280000000000008 35.780000000000008 6.9500000000000011 1.2150000000000001 30.655000000000005 1.2500000000000002 41.030000000000008 1.0500000000000003 46.410000000000004 4.4999999999999991 40.970000000000006 6.5650000000000004 7.0000000000000027 14.500000000000002 7.1200000000000001 5.6299999999999981 5.2500000000000027 4.4500000000000011 3.5500000000000003 34.780000000000008 3.5000000000000004 5.5000000000000009 49.090000000000011 51.030000000000008 52.345000000000006 1.5000000000000002 33.590000000000011
decision_type=2 2 2 2 2 2 2 2 2 2 2 2 2 2 2 2 2 2 2 2 2 2 2 2 2 2 2 2 2 2
left_child=1 3 7 -1 5 6 -5 -3 9 17 15 12 -12 14 18 -11 -17 -9 19 28 21 23 -22 -21 -20 -15 -2 -28 -10 -30
right_child=26 2 -4 4 -6 -7 -8 8 13 10 11 -13 -14 25 -16 16 -18 -19 24 20 22 -23 -24 -25 -26 -27 27 -29 29 -31
leaf_value=-0.047412099132917801 -0.036487841541870854 -0.0098128992281484723 0.034584685307653469 0.19510359269668176 -0.032484329023883166 -0.050421233923551523 0.54504000355865057 -0.048974081493513455 0.0085398691380336022 0.01419199778039501 0.015080475200964347 0.031080990301617165 -0.061949439349233831 0.035208267709685638 -0.040961293189830245 0.03446299675491931 -0.085135303094815873 0.083426628030245434 0.031691497724486553 0.031244580316209161 -0.064604344173933348 -0.14065437876603118 0.023303584971193992 -0.057698722262068861 -0.00057875249757839817 -0.014125391761005253 0.004732389689491797 -0.050145030937600504 0.03458845922317428 0.015879485028585865
leaf_weight=37.438371362164617 117.24895631743129 12.7884928927524 20.942860927432775 0.20240026013925572 73.659633143339306 0.34054167196154594 0.16792916471604258 9.0578904368448967 90.81025661691092 168.82651246758178 2.5934387741144729 4.2956282566301516 5.5777755952440202 27.288362540770326 3.3223476372659198 2.3265414908528319 2.2753943651914597 0.38944074511528093 38.863056257367134 2.1262286677956608 2.3642863705754271 2.0446107462048531 9.5747857429087144 2.213152676820755 8.12522955983877 2.9285914264619342 8.1096504546003398 3.5002893810160449 27.590101330424659 152.33937085804064
leaf_count=25124 45603 1419 298 13 28556 58 30 1297 1284 2365 39 58 51 417 36 29 20 2 506 27 19 25 126 27 107 42 1869 1238 553 2234
internal_value=-0.000347161 0.00580447 0.0136602 -0.036258 -0.030643 0.160151 0.353785 0.0129017 0.0134159 0.00869457 0.011348 -0.0138702 -0.0375011 0.0159113 0.0146189 0.0131608 -0.0246715 -0.0435162 0.0151684 0.0133895 -0.0151974 -0.0546439 0.00589524 -0.0141179 0.0261113 0.0304269 -0.0342647 -0.0118126 0.0153242 0.0187483
internal_weight=839.332 710.473 598.664 111.809 74.3705 0.710871 0.370329 577.721 564.933 195.343 185.895 12.4668 8.17121 369.59 339.373 173.428 4.60194 9.44733 336.051 289.063 18.3231 6.38399 11.9391 4.33938 46.9883 30.217 128.859 11.6099 270.74 179.929
internal_count=113472 64762 10981 53781 28657 101 43 10683 9264 3861 2562 148 90 5403 4944 2414 49 1299 4908 4295 224 79 145 54 613 459 48710 3107 4071 2787
is_linear=0
shrinkage=0.05


Tree=84
num_leaves=31
num_cat=0
split_feature=10 10 3 1 3 10 2 7 7 3 1 2 1 7 4 3 3 7 6 4 1 1 1 7 4 3 1 1 3 6
split_gain=65.3572 87.2606 3.60956 2.83704 8.12691 8.30291 22.3778 47.6934 3.38445 5.85884 2.4708 2.44365 9.61793 3.35974 2.9385 3.66703 4.61274 5.67189 4.28778 3.13252 2.92181 6.29808 2.95329 7.79404 3.94664 2.9169 2.75858 8.25706 10.3548 4.54383
threshold=1.0999733464112851 1.0988446461986625 7.1299999999999981 34.280000000000008 1.3750000000000002 1.0381332909113519 6.9500000000000011 8.5000000000000018 16.500000000000004 1.1549999999999996 30.655000000000005 1.2500000000000002 38.470000000000006 3.5000000000000004 9.5000000000000018 6.0650000000000004 6.1900000000000004 20.500000000000004 1.5000000000000002 6.5000000000000009 41.220000000000006 42.410000000000004 40.655000000000008 10.500000000000002 17.500000000000004 7.1200000000000001 39.655000000000008 39.530000000000008 4.8700000000000001 6.5000000000000009
decision_type=2 2 2 2 2 2 2 2 2 2 2 2 2 2 2 2 2 2 2 2 2 2 2 2 2 2 2 2 2 2
left_child=1 3 10 -1 5 8 7 -7 -5 -10 -3 12 25 -13 15 -15 19 -18 -19 -17 22 -22 26 -24 -25 -12 27 29 -29 -16
right_child=-2 2 -4 4 -6 6 -8 -9 9 -11 11 13 -14 14 20 16 17 18 -20 -21 21 -23 23 24 -26 -27 -28 28 -30 -31
leaf_value=-0.047278991568394213 -0.033711028748676035 -0.0093287285289955987 0.033838977870538349 -0.050609031389171423 -0.032453698301883105 1.4217107540092748 -0.050327442577272778 -0.050387721603577844 0.46529731793922313 -0.050234574981110607 -0.04373135043271037 0.030651882861371067 0.011067542204776216 0.0259103225917829 0.018315410886927022 -0.089834478838825282 0.045092733480473803 0.030265023936639508 -0.06448746484952185 8.0309687663570119e-06 0.060797116297000166 -0.03497277457438485 -0.082433732184034977 0.041645043976147683 -0.042375131540635019 0.072834978404937509 0.025587100408379526 0.021467512487255397 -0.15832567501640726 0.0028431178801462415
leaf_weight=35.710250261239707 124.54663358512335 12.77984656114131 20.349381547421217 0.73503768467344233 70.716329633491114 0.10188683331944048 0.27174799842759967 0.1196138464147225 0.096550075802952051 0.12840622197836637 10.187890180037353 32.517578069120646 182.39636035286821 76.467902432428673 90.156406372785568 2.074840702116489 6.6749815717339498 2.0249546244740486 2.9094545394182205 1.8223888576030729 7.2419823850505036 2.2500478615984321 3.1090545109473151 4.2759816679172218 2.0763263609260321 0.56652367860078889 28.136068319901824 1.5613375031389289 1.6440929025411604 100.17848980729468
leaf_count=25124 48710 1419 298 183 28300 25 62 40 5 42 1345 527 2512 1255 1332 27 81 26 35 24 108 33 44 66 30 4 406 25 22 1362
internal_value=-0.00034086 0.00560258 0.0131462 -0.0357521 -0.0300484 0.0869949 0.253726 0.626754 0.00132763 0.171029 0.0124089 0.0129065 0.0083583 0.0153125 0.0138128 0.0214145 -0.000755966 0.0150443 -0.0256035 -0.0478231 0.0109072 0.0380952 0.00979072 -0.0175664 0.0141821 -0.0375908 0.0109583 0.00883168 -0.07075 0.0101719
internal_weight=823.828 699.282 591.402 107.88 72.1696 1.45324 0.493249 0.221501 0.959994 0.224956 571.053 558.273 193.151 365.122 332.604 91.9745 15.5066 11.6094 4.93441 3.89723 240.63 9.49203 231.138 9.46136 6.35231 10.7544 221.676 193.54 3.20543 190.335
internal_count=113472 64762 10981 53781 28657 357 127 65 230 47 10683 9264 3861 5403 4876 1448 193 142 61 51 3428 141 3287 140 96 1349 3147 2741 47 2694
is_linear=0
shrinkage=0.05


Tree=85
num_leaves=31
num_cat=0
split_feature=10 10 0 7 3 7 3 1 0 1 3 7 0 0 1 1 5 6 7 0 9 6 7 1 1 7 3 0 7 0
split_gain=63.7385 87.5478 4.03803 2.74633 2.68354 2.36637 2.28468 4.44755 6.49604 6.47084 4.37872 3.64642 3.47039 7.94332 5.24586 3.60399 3.28112 6.91285 2.80539 6.29386 7.41856 2.9576 4.39754 2.47014 6.29061 2.27528 2.21722 2.837 6.25669 5.13593
threshold=1.0988446461986625 1.0999733464112851 34.530000000000008 8.5000000000000018 1.1899999999999997 2.5000000000000004 5.0650000000000004 41.280000000000008 45.155000000000008 40.910000000000004 5.0950000000000015 14.500000000000002 44.970000000000006 44.410000000000004 40.280000000000008 38.030000000000008 4.5000000000000009 11.500000000000002 26.500000000000004 41.720000000000006 1.0000000180025095e-35 6.5000000000000009 13.500000000000002 46.345000000000006 45.845000000000006 29.500000000000004 6.1299999999999981 43.280000000000008 9.5000000000000018 41.720000000000006
decision_type=2 2 2 2 2 2 2 2 2 2 2 2 2 2 2 2 2 2 2 2 2 2 2 2 2 2 2 2 2 2
left_child=-1 2 3 -2 -4 -6 7 8 -7 11 -8 -10 13 15 -14 18 17 -15 21 -20 -21 -12 26 24 25 -16 27 28 29 -23
right_child=1 -3 4 -5 5 6 10 -9 9 -11 12 -13 14 16 23 -17 -18 -19 19 20 -22 22 -24 -25 -26 -27 -28 -29 -30 -31
leaf_value=-0.037220226532574688 0.0074872063013978439 -0.034328065276179202 -0.060506324880140877 -0.022486025504522066 0.027220129533706464 0.014418932457581064 -0.062904604870258354 0.027215727582199031 -0.062742214880043487 0.029829453485919429 0.02478037868425649 0.010438999528255343 0.033823033811279761 -0.077594630353370442 0.0076629881506552009 0.045228693820508287 -0.098714162762391242 0.035553884446547911 0.046680725808041647 -0.13641221208307389 -0.013130179767731488 -0.082518131987265958 0.021957885420712715 0.053837621916753925 -0.073125887582435045 0.035584463276785057 0.019488495901816241 -0.093485685973331678 0.053409372246258441 0.011664657008546348
leaf_weight=104.5876093293773 18.519902176107284 120.0198539145058 1.2218864206224669 13.011670505860819 30.470446640392765 244.88745946611743 2.1113177062943569 64.75126530486159 6.9504948963876796 4.2403125362470737 14.72365007328335 2.2542624771595001 26.254500661045313 3.0264134742319575 104.128732226789 5.3368247002363196 2.2638543099164963 2.4367937222123146 2.1513777036452657 1.8300680741667745 3.6622643657028675 3.8705376312136668 9.1315845644567144 3.0061826035380355 2.345022950321435 7.8459685631096354 2.3804155737161627 1.6789519488811482 2.0549712359206751 2.3122046515345573
leaf_count=53846 700 48654 9 1416 560 4412 27 1014 68 64 219 29 350 38 1419 70 25 29 47 23 47 37 134 50 33 105 27 20 26 30
internal_value=-0.000782864 0.00459308 0.0125259 -0.00488141 0.0135107 0.0136734 0.0128881 0.0154981 0.0125611 -0.021277 0.00872485 -0.04482 0.00947935 -0.000975342 0.0136196 0.00643587 -0.0480998 -0.0271262 0.00170872 -0.0258123 -0.0542083 0.00752751 -0.00432695 0.00909855 0.00792208 0.00961942 -0.0238456 -0.0342476 -0.0221741 -0.0472959
internal_weight=813.467 708.879 588.859 31.5316 557.328 556.106 525.635 323.084 258.333 13.4451 202.552 9.20476 200.44 56.8599 143.58 49.1329 7.72706 5.46321 43.796 7.64371 5.49233 36.1523 21.4287 117.326 114.32 111.975 12.2971 9.91667 8.23771 6.18274
internal_count=113528 59682 11028 2116 8912 8903 8343 5587 4573 161 2756 97 2729 772 1957 680 92 67 610 117 70 493 274 1607 1557 1524 140 113 93 67
is_linear=0
shrinkage=0.05


Tree=86
num_leaves=31
num_cat=0
split_feature=10 10 0 2 0 0 2 0 0 2 1 2 2 1 1 0 7 4 3 2 1 7 0 2 9 7 7 3 3 0
split_gain=59.691 81.2106 3.70452 6.14717 2.27524 5.7648 5.57219 9.48911 4.62731 8.22784 7.53512 3.72572 3.46507 3.73187 3.02313 3.02384 3.44361 3.17649 4.36734 3.70817 8.72559 10.529 9.66386 7.92058 3.43386 3.28917 3.16308 3.91575 2.83691 4.02936
threshold=1.0988446461986625 1.0999733464112851 34.530000000000008 6.3500000000000005 45.655000000000008 46.720000000000006 1.8500000000000003 40.155000000000008 45.155000000000008 0.65000000000000002 40.155000000000008 1.0500000000000003 -1.9499999999999997 40.590000000000011 40.345000000000006 41.590000000000011 2.5000000000000004 15.500000000000002 4.3799999999999981 4.6500000000000012 39.530000000000008 26.500000000000004 43.470000000000006 5.7500000000000009 2.5000000000000004 24.500000000000004 28.500000000000004 4.5650000000000004 5.0650000000000004 46.970000000000006
decision_type=2 2 2 2 2 2 2 2 2 2 2 2 2 2 2 2 2 2 2 2 2 2 2 2 2 2 2 2 2 2
left_child=-1 2 3 -2 6 -6 7 -4 12 -10 -11 -12 13 -9 15 16 -8 19 -19 25 21 24 -22 -23 -21 -17 27 -20 29 -7
right_child=1 -3 4 -5 5 28 14 8 9 10 11 -13 -14 -15 -16 17 -18 18 26 20 22 23 -24 -25 -26 -27 -28 -29 -30 -31
leaf_value=-0.036728629726319725 -0.052024047643816199 -0.033773454598999282 -0.05211704811447835 0.005661202382244563 0.033257645280677144 -0.020028503307415752 0.046962729775814657 -0.06044742164437597 0.026168028294562048 0.035519802000936983 -0.12063706222342188 -0.04509090653288874 0.017684652049712975 0.039242812189462906 0.035917509282396932 0.002265631154341992 0.014993468121306431 0.039091582897326449 -0.051149875750772303 0.013929330153695128 -0.21217422801781449 -0.17206929944676158 -0.016928116882747573 -0.01144784205280203 -0.049553880307117021 0.039769425428919557 -0.06293275155207019 0.017735246298562695 0.0090582592867192446 0.033609606979450285
leaf_weight=100.7850233692443 5.6231104206526679 115.99409773852676 8.2510197651572508 25.846093883505091 44.137231152737513 4.0498799111228463 8.8797195139341039 2.9899348703911519 7.2339946837164488 2.5121188797056666 2.1006771523971093 7.315298919333145 42.13464228133671 1.3684308677911756 14.677792144706471 31.90196821349673 163.92533754906617 14.36011050827801 2.3641618750989499 18.876557644922297 1.1284975409507745 1.5451244367286556 1.4456143199931828 1.5250863502733407 2.4010705882683387 7.157983547775074 1.6673616468906391 16.196233544498682 115.16652535274625 25.84827697253786
leaf_count=53846 1460 48654 987 656 683 59 155 98 108 30 27 80 601 8 237 462 2335 236 32 291 18 20 26 22 33 106 18 212 1599 429
internal_value=-0.000756711 0.00443268 0.012039 -0.00464635 0.0129917 0.0174351 0.0106691 -0.00157847 0.00477282 -0.0159035 -0.0414184 -0.061945 0.0132946 -0.0291469 0.0138115 0.0126246 0.0166362 0.00573145 0.0180047 -0.000702232 -0.0149797 -0.0057242 -0.102525 -0.0922827 0.00676558 0.00913844 0.00303474 0.00896089 0.0126209 0.026344
internal_weight=799.409 698.624 582.63 31.4692 551.161 189.202 361.959 73.9061 65.6551 19.1621 11.9281 9.41598 46.493 4.35837 288.053 273.375 172.805 100.57 34.5879 65.9819 26.922 24.3478 2.57411 3.07021 21.2776 39.06 20.2278 18.5604 145.065 29.8982
internal_count=113528 59682 11028 2116 8912 2770 6142 1939 952 245 137 107 707 106 4203 3966 2490 1476 498 978 410 366 44 42 324 568 262 244 2087 488
is_linear=0
shrinkage=0.05


Tree=87
num_leaves=31
num_cat=0
split_feature=10 10 0 2 7 10 10 6 7 7 2 4 4 6 0 5 10 1 2 5 0 3 3 2 1 1 5 0 1 0
split_gain=55.8831 75.3532 3.39588 5.83126 2.33489 2.57154 8.84796 16.5978 22.6763 15.5969 6.15371 13.3101 11.9386 30.5898 3.03097 3.02699 11.0456 2.46779 17.9802 15.6844 22.0429 43.4124 2.44667 13.3985 2.40265 7.45661 2.32446 8.79664 2.1497 6.78962
threshold=1.0988446461986625 1.0999733464112851 34.530000000000008 6.3500000000000005 21.500000000000004 1.1237804365679309 1.1231865265500034 11.500000000000002 11.500000000000002 19.500000000000004 7.8500000000000005 3.5000000000000004 17.500000000000004 6.5000000000000009 48.655000000000008 1.0000000180025095e-35 1.1057353862768851 42.590000000000011 2.9500000000000006 1.0000000180025095e-35 49.090000000000011 6.9999999999999991 7.7150000000000007 4.1500000000000012 45.720000000000006 45.845000000000006 5.5000000000000009 48.845000000000006 34.280000000000008 35.780000000000008
decision_type=2 2 2 2 2 2 2 2 2 2 2 2 2 2 2 2 2 2 2 2 2 2 2 2 2 2 2 2 2 2
left_child=28 2 3 -2 5 6 10 9 -9 -8 -3 -12 15 -14 -7 16 -13 18 19 20 -16 -22 24 -24 -6 -26 -21 -28 -1 -30
right_child=1 4 -4 -5 22 14 7 8 -10 -11 11 12 13 -15 17 -17 -18 -19 -20 26 21 -23 23 -25 25 -27 27 -29 29 -31
leaf_value=-0.04691514709766105 -0.051934560672128809 -0.02745925842251544 0.012506082461103124 0.005392885605866338 -0.047091269903060756 -0.041442841695278093 -0.050119115329954604 -0.050123305381530071 1.2009580522759831 0.8169772180649475 0.82296929886062997 0.69152152795156585 1.1391625416393665 -0.050119893982449398 -0.050119156192676297 -0.05012120315628682 -0.050120696046049774 -0.024170136948251642 0.98551586823635184 -0.050120335581771674 2.0590857442341521 -0.050120247373331019 -0.050125533103140656 0.75240022950163366 0.45101874632808586 -0.050416506879421098 0.52828499068537027 -0.050125642283364094 0.098224928454872684 -0.033056798784803255
leaf_weight=31.692367082345299 5.3578524027252596 19.854909627581954 544.52242395200301 25.777241643867455 32.9931328141829 40.355294490698725 0.51535815338138391 0.066230535041540861 0.079931222600862384 0.05766396108083427 0.057243119226767614 0.067417920334264525 0.084083996480330714 0.1514667512383312 0.11382941156625737 1.0512924990616737 0.19662700081244111 13.370280729024669 0.048279454233124741 1.8762395523954185 0.047411232255399227 0.050255050882697105 0.31487762392498453 0.06229914934374392 0.099615181563421085 0.28990676114335656 0.086444518528878578 0.2743550909217447 1.0001426788512606 64.475075771217234
leaf_count=25138 1460 8740 8912 656 14558 18275 225 27 35 26 14 28 34 64 48 436 82 4839 20 785 20 21 128 19 21 61 36 112 105 28603
internal_value=-0.00073154 0.00428265 0.0115878 -0.00447225 -0.0332092 -0.0284755 -0.0140594 0.158451 0.634053 0.0371379 -0.0198399 0.0742334 0.0465976 0.374415 -0.0341633 -0.0121081 0.139241 -0.015649 0.0299812 0.0111403 0.422703 0.973775 -0.044203 0.0824295 -0.0456338 0.0778191 -0.02777 0.0884566 -0.0362256 -0.0310515
internal_weight=784.99 687.822 575.658 31.1351 112.164 78.4046 22.1822 0.719184 0.146162 0.573022 21.463 1.60813 1.55089 0.235551 56.2224 1.31534 0.264045 15.8671 2.49681 2.44853 0.211496 0.0976663 33.7598 0.377177 33.3827 0.389522 2.23704 0.3608 97.1676 65.4752
internal_count=113528 59682 11028 2116 48654 33867 9711 313 62 251 9398 658 644 98 24156 546 110 5881 1042 1022 89 41 14787 147 14640 82 933 148 53846 28708
is_linear=0
shrinkage=0.05


Tree=88
num_leaves=31
num_cat=0
split_feature=10 10 0 2 7 10 10 5 4 7 5 2 4 4 2 2 1 0 4 4 7 3 2 5 10 10 7 2 1 0
split_gain=52.1654 70.42 3.09527 5.92759 2.47396 2.71853 5.83271 6.5389 8.71781 37.6749 6.9834 4.31037 14.0432 11.6653 4.35404 16.9483 20.4711 2.89898 2.23585 5.74686 10.8388 48.0169 19.1387 7.77239 12.3798 39.705 2.57983 20.1619 2.17857 5.94044
threshold=1.0988446461986625 1.0992168415445007 34.780000000000008 6.3500000000000005 21.500000000000004 1.1237804365679309 1.1231865265500034 3.5000000000000004 15.500000000000002 16.500000000000004 2.5000000000000004 7.8500000000000005 19.500000000000004 2.5000000000000004 8.3500000000000032 8.1500000000000004 35.590000000000011 48.655000000000008 13.500000000000002 10.500000000000002 18.500000000000004 4.1800000000000024 -0.44999999999999996 1.0000000180025095e-35 1.1139437288752341 1.1173177544624611 1.5000000000000002 0.45000000000000007 34.280000000000008 35.780000000000008
decision_type=2 2 2 2 2 2 2 2 2 2 2 2 2 2 2 2 2 2 2 2 2 2 2 2 2 2 2 2 2 2
left_child=28 2 3 -2 5 6 11 8 10 -10 -8 18 13 -13 15 -15 -17 -7 19 -3 23 -22 -23 24 -21 -26 27 -20 -1 -30
right_child=1 4 -4 -5 -6 17 7 -9 9 -11 -12 12 -14 14 -16 16 -18 -19 26 20 21 22 -24 -25 25 -27 -28 -29 29 -31
leaf_value=-0.046760784505389952 -0.051814456198882121 -0.032188493231807495 0.012100521207282919 0.0055306892283200973 -0.044012608225173305 -0.041072853351369287 -0.050214229125494572 -0.05020251048249718 -0.050156952420230452 1.4452203067281406 0.43059366879614569 0.66213644607112521 0.825000265206009 -0.050156686480753082 -0.050215737217306135 -0.05016478000222796 1.04926427099224 -0.015711124925692585 1.0927047740519631 -0.050128218537586658 1.567264479089558 1.0291313529471435 -0.050117532403251924 -0.027600555788339521 1.5218865415032699 -0.050205759455580902 -0.050127720684220736 -0.050122449204964031 0.084942784588734999 -0.032482263524991742
leaf_weight=30.243755103670992 5.3374625392607404 8.3669912525219932 534.56688738346566 28.94011408847291 32.711612104554661 38.724301941459998 0.27591399778611858 0.38525604724418372 0.11380703561007977 0.066868392983451486 0.1039808695204556 0.07011399231851001 0.057130882749333867 0.44009249145165075 1.2055909091141073 0.07921872497536242 0.090948538621887565 15.891400476801207 0.043751030461861684 0.19787888694554556 0.061827727360650786 0.046328566269949079 0.36244846903719008 2.2201205287128687 0.063613027101382613 0.10895266151055694 8.3293515661498514 0.32736405450850725 1.0959731871262182 62.388101109769195
leaf_count=25138 1512 3969 8415 697 14907 18275 91 135 45 17 25 9 21 168 432 30 24 5881 19 81 24 20 155 922 27 40 3603 138 105 28603
internal_value=-0.000749747 0.00407565 0.0111666 -0.00339869 -0.0324791 -0.0276193 -0.0132067 0.108381 0.217368 0.503286 0.0813875 -0.018417 0.0526993 0.0293043 0.00486926 0.113692 0.537442 -0.0336934 -0.0252821 -0.010742 0.0478769 0.268619 0.0721987 0.00777664 0.219797 0.529316 -0.0443807 0.0846063 -0.0357165 -0.0304551
internal_weight=772.917 679.189 568.844 34.2776 110.345 77.6333 23.0175 0.945826 0.56057 0.180675 0.379895 22.0717 1.9431 1.88596 1.81585 0.61026 0.170167 54.6157 20.1286 11.4282 3.06117 0.470605 0.408777 2.59057 0.370445 0.172566 8.70047 0.371115 93.7278 63.4841
internal_count=113528 59682 10624 2209 49058 34151 9995 313 178 62 116 9682 684 663 654 222 54 24156 8998 5238 1269 199 175 1070 148 67 3760 157 53846 28708
is_linear=0
shrinkage=0.05


Tree=89
num_leaves=31
num_cat=0
split_feature=10 10 0 0 2 0 3 1 1 0 0 1 4 1 3 0 2 9 3 7 9 7 5 9 1 2 0 2 0 3
split_gain=48.9138 65.6636 3.01805 5.62573 4.6277 9.44491 4.45297 7.57237 5.17986 5.03204 5.20113 4.10263 3.96841 3.53303 2.86145 3.92352 10.3202 2.85399 2.75733 7.25644 8.81526 8.3219 10.0165 3.31162 4.14154 3.99653 5.39341 8.08828 8.33586 3.04132
threshold=1.0999733464112851 1.0991991879725476 45.655000000000008 46.720000000000006 1.8500000000000003 40.155000000000008 2.9999999999999987 40.655000000000008 40.720000000000006 45.530000000000008 44.470000000000006 41.655000000000008 12.500000000000002 40.345000000000006 5.0650000000000004 46.970000000000006 -1.4499999999999997 1.0000000180025095e-35 5.5000000000000027 14.500000000000002 1.0000000180025095e-35 23.500000000000004 2.5000000000000004 1.0000000180025095e-35 45.345000000000006 -1.5499999999999998 48.910000000000004 -0.44999999999999996 49.720000000000006 6.5599999999999978
decision_type=2 2 2 2 2 2 2 2 2 2 2 2 2 2 2 2 2 2 2 2 2 2 2 2 2 2 2 2 2 2
left_child=1 -1 4 -4 5 -3 12 -8 -9 10 -10 -11 -7 -6 15 16 -5 -12 19 -16 -21 22 -22 24 25 -20 -27 28 -28 -29
right_child=-2 2 3 14 13 6 7 8 9 11 17 -13 -14 -15 18 -17 -18 -19 23 20 21 -23 -24 -25 -26 26 27 29 -30 -31
leaf_value=-0.034877499195589995 -0.032255846809316105 -0.051391142677201067 0.03207259206836531 -0.13484122163595841 0.0097054116663292563 0.047791885176753056 0.010887703786420178 -0.075597400619636504 -0.083477973691382601 -0.0023065407777485554 -0.021538477623342094 -0.13875030087719373 0.0048033789893335566 0.03558026267072141 0.041328285118354208 0.032896136082923973 0.035527714858374387 0.04345990617951806 0.042919968303430554 0.035099242195681814 -0.20889254511403521 0.0057423081610313183 -0.044584579748851799 0.015962685190855537 -0.088510147688332763 0.010004879612114234 -0.17216307577521428 -0.037936786479084217 -0.028919051126764378 0.054335359219418469
leaf_weight=91.81919058895437 106.15139150421601 8.9065537876449508 41.967895617708564 1.3224685790482906 294.49394718842814 8.7343934420496243 25.126679070643149 4.9544810543302438 1.4508506879210452 0.95871051866561119 2.6346173530910164 1.2952524796128271 13.930982141289858 13.811338528525082 3.9366716109216204 24.451227479614317 2.7112286321353194 4.7045251664239913 4.4888753667473855 2.6219769045710546 1.7104419097304346 2.0414669513702393 2.0265054926276207 72.391708247363567 1.3917505182325829 13.594886265695097 1.765705421566963 1.6312772296369069 2.3908556550741196 1.9732460752129553
leaf_count=54067 48654 1477 675 19 5449 144 397 52 20 25 37 18 164 217 58 405 40 69 66 37 24 27 29 1040 19 193 24 24 31 27
internal_value=-0.00076974 0.00433113 0.0107209 0.0160095 0.00818873 -0.00315931 0.00357491 -0.00623229 -0.0331204 -0.0140647 0.003026 -0.0807147 0.0213696 0.0108645 0.0112097 0.0253591 -0.0203286 0.0201267 0.00761002 -0.0146876 -0.0409383 -0.0754405 -0.11979 0.0103712 -0.00449048 3.39973e-05 -0.00898033 -0.0422362 -0.0897691 0.0125763
internal_weight=761.391 655.24 563.421 182.418 381.002 72.697 63.7905 41.1251 15.9984 11.044 8.78999 2.25396 22.6654 308.305 140.45 28.4849 4.0337 7.33914 111.965 12.3371 8.40039 5.77841 3.73695 99.6283 27.2366 25.8448 21.356 7.76108 4.15656 3.60452
internal_count=113528 64874 10807 2738 8069 2403 926 618 221 169 126 43 308 5666 2063 464 59 106 1599 175 117 80 53 1424 384 365 299 106 55 51
is_linear=0
shrinkage=0.05


Tree=90
num_leaves=31
num_cat=0
split_feature=4 4 2 2 6 7 7 1 0 3 0 2 0 3 7 7 5 2 3 3 3 7 1 0 0 1 2 4 2 3
split_gain=10.8552 4.25977 3.36773 5.37651 3.25614 3.39296 1.94395 3.54303 2.59824 1.75563 3.5778 1.69662 4.73193 1.60204 1.60387 3.52535 5.89266 4.54078 4.88397 5.54347 8.39474 4.5947 4.26714 13.3098 6.66405 13.0639 6.8533 4.19521 5.65019 4.87452
threshold=3.5000000000000004 21.500000000000004 8.9500000000000011 9.0500000000000025 1.5000000000000002 8.5000000000000018 30.500000000000004 45.845000000000006 51.910000000000004 5.6299999999999981 39.780000000000008 3.6500000000000008 33.910000000000004 0.75000000000000189 7.5000000000000009 13.500000000000002 5.5000000000000009 9.4500000000000011 2.5649999999999999 4.1900000000000004 4.3099999999999978 11.500000000000002 37.845000000000006 40.155000000000008 42.410000000000004 39.970000000000006 2.1500000000000008 8.5000000000000018 7.8500000000000005 2.6199999999999997
decision_type=2 2 2 2 2 2 2 2 2 2 2 2 2 2 2 2 2 2 2 2 2 2 2 2 2 2 2 2 2 2
left_child=2 6 9 -4 5 -3 13 8 -8 11 -11 -1 -13 -2 -15 16 17 18 22 27 21 -21 23 -16 -24 -26 -27 28 29 -20
right_child=1 4 3 -5 -6 -7 7 -9 -10 10 -12 12 -14 14 15 -17 -18 -19 19 20 -22 -23 24 -25 25 26 -28 -29 -30 -31
leaf_value=-0.05008398414672012 -0.050837108292203573 0.032217683085570679 0.41127977289671175 0.0013809159026019506 -0.050094703469070814 -0.050073666249728248 0.020637008447313549 -0.16129424736466616 0.16732126752063611 0.25263279528539873 -0.050399486969414743 -0.040839607063801159 0.036602568367509122 0.0048919987333233723 -0.037583837301314676 0.0017169025361472964 0.015259916565650865 0.033991312453736988 0.3118387919229566 -0.13833241750387634 -0.012545103744226793 0.027968153626083944 0.036053608758121622 -0.44034885207645946 -0.46189912776057995 0.022483652532509415 -0.21202594233649236 -0.0011056612475977366 -0.20615799251619943 0.043110451618896685
leaf_weight=12.719381467613866 1.5247672027326178 3.3249361483030935 0.10795184632297505 0.30895815161056817 7.3543441221117973 2.009703429590445 11.678091855428642 0.26241347473114807 0.30990347801707763 0.15874508023261924 0.2520745670190081 8.8039794276701269 2.5420787479961282 158.18455217574956 23.174663009820513 381.99490599922137 24.289752687560394 5.2316006431356064 0.17279590724502014 2.0561678955564271 59.14472432679031 0.52048336376901705 4.7595331793418145 0.20695209281984617 0.19485503970645357 1.3751350543461738 0.40279970481060434 22.256926954374649 0.22280964325182129 7.207795906055253
leaf_count=11802 345 635 32 71 6955 1856 1386 11 33 1 106 6603 321 19820 2383 47337 2876 585 28 116 6038 66 623 14 6 213 37 2571 40 874
internal_value=-0.000935504 0.000190103 -0.0333954 0.107517 -0.0285228 0.0012163 0.000706768 0.0204506 0.024429 -0.0357956 0.0666954 -0.0375452 -0.0234887 0.000357709 0.000470612 -0.000841053 -0.0073028 -0.0116206 -0.0135814 -0.00783761 -0.0163939 -0.10474 -0.0310492 -0.0411487 0.0040267 -0.0732411 -0.0306456 0.00984829 0.0419131 0.049402
internal_weight=742.754 717.861 24.8932 0.41691 12.689 5.33464 705.172 12.2504 11.988 24.4763 0.41082 24.0654 11.3461 692.921 691.396 533.212 151.217 126.927 121.696 91.5817 61.7214 2.57665 30.1139 23.3816 6.73232 1.97279 1.77793 29.8603 7.6034 7.38059
internal_count=113784 94848 18936 103 9446 2491 85402 1430 1419 18833 107 18726 6924 83972 83627 63807 16470 13594 13009 9733 6220 182 3276 2397 879 256 250 3513 942 902
is_linear=0
shrinkage=0.05


Tree=91
num_leaves=31
num_cat=0
split_feature=10 10 1 3 2 10 6 7 2 7 2 7 3 3 3 0 10 3 0 2 2 10 1 7 0 3 3 2 2 0
split_gain=44.2544 52.9719 3.16522 6.24858 4.59441 7.30759 5.9013 2.72589 3.92329 2.68546 2.48048 5.00042 7.46074 34.2528 5.6261 2.63171 3.07846 4.71766 3.55371 3.74161 10.4168 14.2421 3.54266 3.08891 4.18822 2.58852 20.1619 2.68423 14.7566 2.32609
threshold=1.0999733464112851 1.0988446461986625 34.280000000000008 1.3750000000000002 6.9500000000000011 1.0387505355738254 1.5000000000000002 16.500000000000004 6.7500000000000009 30.500000000000004 8.1500000000000004 5.5000000000000009 4.3700000000000001 4.1299999999999981 3.2500000000000022 50.655000000000008 1.1372067952310994 6.3099999999999978 51.155000000000008 -2.0499999999999994 -2.3499999999999992 1.1599906018783219 44.590000000000011 25.500000000000004 51.655000000000008 5.8099999999999978 5.8150000000000004 12.65 12.850000000000003 45.655000000000008
decision_type=2 2 2 2 2 2 2 2 2 2 2 2 2 2 2 2 2 2 2 2 2 2 2 2 2 2 2 2 2 2
left_child=1 2 -1 4 5 6 -4 -8 -9 29 15 12 13 14 -12 -2 17 23 19 20 22 -22 -18 -17 -25 27 -27 -13 -29 -3
right_child=10 9 3 -5 -6 -7 7 8 -10 -11 11 25 -14 -15 -16 16 18 -19 -20 -21 21 -23 -24 24 -26 26 -28 28 -30 -31
leaf_value=-0.046390356598289099 -0.036160335581797799 0.0070305941552084644 0.40648625638075447 -0.028540926926302581 -0.050634851392872673 0.37730706195015706 -0.051289653877474112 -0.050255271203420937 0.34925458190997505 0.036496948541665998 0.34237781829873626 -0.038811748490336355 -0.050269253329524637 1.1691787200987063 -0.050347875490896532 -0.014829164898949386 -0.0502803261496386 0.33935405290827597 -0.042535902111870083 -0.050175869166434565 -0.050198987148543983 0.51384102944704035 0.1724436728706476 -0.050286656448015381 0.22818524490795131 1.1349679817625347 -0.050106183814876193 0.85294970358050015 -0.050105167334453096 0.014041399539334238
leaf_weight=27.241395824763458 85.993769253604114 367.40167636005208 0.10898358712438383 57.961780265846755 0.53037815808784206 0.23277892044279724 0.52235237625427544 0.12221567367669195 0.12359952367842197 9.2230003232834843 0.12631702143698831 4.415671412833035 0.43379781628027558 0.08199660200625658 0.3279777494026348 1.4055054587079205 0.91927305283024907 0.12708400702103961 6.5655503253219649 0.98060094891115834 0.19401889760047208 0.26447402546182275 0.22157402546145022 0.2172113622073083 0.35684374812990427 0.04219146049581457 0.24032908689696342 0.055367497145198175 0.24724985100328922 174.50850101979449
leaf_count=25225 42444 8064 17 28422 132 38 105 45 2 183 15 1977 166 27 101 357 315 15 2578 385 66 31 28 55 24 20 114 26 119 2688
internal_value=-0.000889797 0.00402443 -0.0322708 -0.0258175 0.0704186 0.128264 0.0621726 0.0133232 0.150624 0.00974357 -0.0312643 1.64805e-05 0.103905 0.228614 0.0588498 -0.033185 -0.0104461 0.0440452 -0.022998 0.0267228 0.0738716 0.275158 -0.00702312 0.025087 0.122817 -0.0201365 0.126872 -0.028939 0.11512 0.00928825
internal_weight=741.193 637.977 86.8435 59.6021 1.64031 1.10993 0.877151 0.768168 0.245815 551.133 103.217 5.9709 0.970089 0.536291 0.454295 97.2459 11.2521 2.10664 9.14549 2.57994 1.59934 0.458493 1.14085 1.97956 0.574055 5.00081 0.282521 4.71829 0.302617 541.91
internal_count=113784 64921 53986 28761 339 207 169 152 47 10935 48863 2565 309 143 116 46298 3854 451 3403 825 440 97 343 436 79 2256 134 2122 145 10752
is_linear=0
shrinkage=0.05


Tree=92
num_leaves=31
num_cat=0
split_feature=10 10 1 3 2 2 10 0 2 2 0 0 10 10 4 0 10 10 0 2 2 4 2 1 1 1 2 3 3 3
split_gain=41.3868 49.0972 3.17077 5.43696 3.53513 5.1749 4.36777 2.33017 2.58582 2.2558 3.45508 18.1406 3.36123 11.7295 5.7237 2.5275 2.73943 3.82927 3.26367 3.14985 6.58921 7.80607 3.01748 4.31176 2.88989 2.14172 7.49074 2.06967 7.59218 3.46111
threshold=1.0999733464112851 1.0988446461986625 34.280000000000008 1.3750000000000002 6.9500000000000011 5.4500000000000011 1.0381332909113519 30.655000000000005 10.750000000000002 8.1500000000000004 43.780000000000008 44.155000000000008 1.1057353862768851 1.1050032890981127 2.5000000000000004 50.655000000000008 1.1372067952310994 1.1314614440469815 51.155000000000008 -2.0499999999999994 -2.3499999999999992 9.5000000000000018 -3.0499999999999994 45.470000000000006 44.590000000000011 46.470000000000006 -2.4499999999999997 7.8150000000000022 7.6250000000000009 7.3150000000000004
decision_type=2 2 2 2 2 2 2 2 2 2 2 2 2 2 2 2 2 2 2 2 2 2 2 2 2 2 2 2 2 2
left_child=1 2 -1 4 5 -4 -7 8 -3 15 12 -12 13 14 -11 -2 17 25 19 20 24 -22 -19 -24 -18 -17 -27 28 29 -9
right_child=9 7 3 -5 -6 6 -8 27 -10 10 11 -13 -14 -15 -16 16 18 22 -20 -21 21 -23 23 -25 -26 26 -28 -29 -30 -31
leaf_value=-0.046213702524698391 -0.035644785860206807 -0.054915979698627541 -0.05024130033455898 -0.027916204952544595 -0.050605203274943993 0.0600159120787849 0.28190529172264228 0.0094517775633490269 0.031036905590560382 0.31460899373056073 0.5649619226144974 -0.05038924122949448 -0.02918297610252546 0.73394794650595474 -0.050229572194082944 -0.050389836984727078 -0.050266776691693354 -0.050369247960500352 -0.042200689000611705 -0.050167311447281926 -0.050226132601820656 0.33058162185434264 -0.050255540644743239 0.24506075109492986 0.14022759081948905 -0.050204623747461208 0.47339635100307326 0.052798756050024709 -0.059941968519179725 0.046074910177687431
leaf_weight=26.009406411438249 82.953239916649181 2.8223385529126963 0.37313975323922821 56.337640308775008 0.50479944702237833 0.44066346576437354 0.44650441547855735 529.71409532165853 1.2682039886713026 0.13494214229285617 0.16219635843299318 0.45787047641351819 4.7738018003292382 0.063762155245058239 0.52865476370789111 0.99524814914911919 0.87466933904215693 0.19664177671074867 6.2937152362428606 0.93293159268796255 0.20589768805075448 0.3884885476436466 0.16385759157128621 0.50308807217516005 0.25776671734638512 0.24668081221170723 0.094464212656021118 2.7600647769868365 3.9198002591729155 6.5308045074343672
leaf_count=25225 42444 902 127 28422 132 62 18 9808 8 4 30 134 2168 25 204 246 315 54 2578 385 62 35 43 33 28 74 1 57 53 107
internal_value=-0.000880041 0.00385989 -0.0317041 -0.0252089 0.061201 0.105983 0.171691 0.00932841 -0.0282677 -0.0307271 -0.00131554 0.110574 -0.0139272 0.0861995 0.0239602 -0.0326401 -0.0102932 0.0396966 -0.0225764 0.0238602 0.0638542 0.198668 0.121757 0.172506 -0.00690618 -0.0133313 0.0947823 0.00961167 0.009391 0.0098978
internal_weight=731.355 631.127 84.1122 58.1027 1.76511 1.26031 0.887168 547.015 4.09054 100.228 6.12123 0.620067 5.50116 0.727359 0.663597 94.1067 11.1534 2.19998 8.95347 2.65975 1.72682 0.594386 0.863587 0.666946 1.13244 1.33639 0.341145 542.925 540.165 536.245
internal_count=113784 64921 53986 28761 339 207 80 10935 910 48863 2565 164 2401 233 208 46298 3854 451 3403 825 440 97 130 76 343 321 75 10025 9968 9915
is_linear=0
shrinkage=0.05


Tree=93
num_leaves=31
num_cat=0
split_feature=10 10 1 3 2 2 10 7 7 3 2 7 10 3 3 0 10 0 10 2 2 10 1 10 3 0 3 1 1 7
split_gain=38.6215 45.4827 3.17372 4.83054 2.85939 3.80796 4.64471 2.92374 2.55523 2.20977 2.12553 3.27118 4.28562 5.25469 2.72871 2.42015 2.42847 3.03281 2.99037 2.73412 4.73345 4.84886 2.43083 2.40323 3.4077 2.02194 5.67823 12.3313 5.39992 9.26329
threshold=1.0999733464112851 1.0988446461986625 34.280000000000008 1.3750000000000002 6.9500000000000011 5.4500000000000011 1.0387505355738254 5.5000000000000009 30.500000000000004 0.75000000000000189 8.1500000000000004 5.5000000000000009 1.1282974273176525 4.1299999999999981 3.2500000000000022 50.655000000000008 1.1372067952310994 51.155000000000008 1.1314614440469815 -2.0499999999999994 -2.3499999999999992 1.1599906018783219 44.590000000000011 1.1338183187733819 6.3099999999999978 45.410000000000004 7.7150000000000007 36.530000000000008 39.220000000000006 11.500000000000002
decision_type=2 2 2 2 2 2 2 2 2 2 2 2 2 2 2 2 2 2 2 2 2 2 2 2 2 2 2 2 2 2
left_child=1 2 -1 4 5 -4 7 -7 9 -3 15 12 13 14 -12 25 18 19 -17 20 22 -22 -18 -20 -25 26 28 -28 -2 -30
right_child=10 8 3 -5 -6 6 -8 -9 -10 -11 11 -13 -14 -15 -16 16 17 -19 23 -21 21 -23 -24 24 -26 -27 27 -29 29 -31
leaf_value=-0.046029637439300719 -0.037280462749017106 -0.050322493279250938 -0.050229529564967436 -0.027287829296432614 -0.050576881337806225 -0.051992658039553212 0.31949855235176639 0.15117462570834225 0.03550490296203325 0.0086647247527087117 0.18802769835223546 -0.019783159038713263 -0.050168111383390945 0.32369375089447966 -0.050477296423445041 -0.013265129075194258 -0.05025387714773847 -0.041854252667596757 0.1956353402433606 -0.050159168267489007 -0.050201981243559637 0.2416815422626063 0.11765618197005284 -0.050725228433911043 0.21069711779212097 -0.042833338908182313 -0.050196141165808089 0.89409882112289063 0.073946758290834164 -0.038387527508949977
leaf_weight=24.837386449449696 31.213815092633013 1.592460793792269 0.35502259421627869 54.792907669092529 0.4804422027664258 0.27896255021914818 0.26622901391237974 0.48486550664529204 8.8982135170372185 532.42679386498639 0.20427746768109389 4.9407034945324995 0.45127583912108094 0.26568023045547307 0.29041303799021989 1.3157250874210142 0.83221939601935446 6.0350837825099006 0.40382068115286518 0.88757241307757606 0.19863713171798747 0.50155059201642871 0.29088666010648012 0.37666632491163909 0.18631839635781944 41.210473229526542 0.099627336370757713 0.052945777075365186 3.2243128748377776 4.2596723112510517
leaf_count=25225 18647 239 127 28422 132 32 9 39 183 10513 15 2256 182 24 88 321 315 2578 50 385 66 31 28 66 14 20200 37 17 1533 2010
internal_value=-0.000861339 0.00370334 -0.0311269 -0.024594 0.054528 0.0909858 0.139657 0.0769746 0.00893161 0.00848882 -0.0301723 -0.00172825 0.0718938 0.144337 0.0480109 -0.0320934 -0.0101346 -0.0221209 0.035793 0.0218107 0.0568454 0.158877 -0.00676484 0.102556 0.0357918 -0.0351183 -0.0269346 0.277492 -0.0281348 0.0100093
internal_weight=721.655 624.413 81.4958 56.6584 1.86552 1.38508 1.03006 0.763828 542.917 534.019 97.2417 6.15235 1.21165 0.760371 0.494691 91.0893 11.0285 8.74595 2.28253 2.71087 1.82329 0.700188 1.12311 0.966805 0.562985 80.0608 38.8504 0.152573 38.6978 7.48399
internal_count=113784 64921 53986 28761 339 207 80 71 10935 10752 48863 2565 309 127 103 46298 3854 3403 451 825 440 97 343 130 80 42444 22244 54 22190 3543
is_linear=0
shrinkage=0.05


Tree=94
num_leaves=31
num_cat=0
split_feature=10 10 1 3 7 2 2 7 3 3 3 3 3 0 2 1 0 2 1 1 6 2 3 1 0 3 3 4 1 7
split_gain=36.0277 42.2231 3.171 4.31931 2.42577 2.37306 2.94487 3.49884 2.04874 6.80958 3.41864 4.00396 2.4496 2.17755 5.34038 5.01848 5.53409 4.88427 4.19672 4.74137 3.66056 5.15275 5.58961 4.83223 4.65442 6.67945 3.63086 3.60825 3.83083 3.54272
threshold=1.0992168415445007 1.0988446461986625 34.280000000000008 1.3750000000000002 30.500000000000004 6.9500000000000011 5.4500000000000011 5.5000000000000009 7.8150000000000022 7.6250000000000009 7.3150000000000004 7.2500000000000027 7.7150000000000007 45.655000000000008 1.2500000000000002 42.530000000000008 39.155000000000008 1.0500000000000003 40.720000000000006 40.655000000000008 1.5000000000000002 -0.24999999999999997 3.0649999999999999 41.345000000000006 42.280000000000008 3.9999999999999987 5.1250000000000009 11.500000000000002 40.090000000000011 12.500000000000002
decision_type=2 2 2 2 2 2 2 2 2 2 2 2 2 2 2 2 2 2 2 2 2 2 2 2 2 2 2 2 2 2
left_child=1 2 -1 5 8 6 -4 -8 9 10 11 13 -11 14 15 16 -3 20 19 -16 23 22 -22 24 -18 -26 -15 -23 -29 -30
right_child=-2 4 3 -5 -6 -7 7 -9 -10 12 -12 -13 -14 26 18 -17 17 -19 -20 -21 21 27 -24 -25 25 -27 -28 28 29 -31
leaf_value=-0.045837895123692712 -0.029377976145585967 -0.058843119303257585 -0.050218332820450351 -0.026656562962745701 0.034886400271996673 -0.050549833735433848 0.030816862369388395 0.20488050553197545 0.05264319765482986 -0.088476347005120373 0.045439112978710429 -0.071888479074225062 -0.0086217117744577607 0.024718315931304854 0.0079685786525638663 -0.10959367584480124 -0.00062326744369831176 -0.043702690099148983 0.036805623223474714 -0.053497537696012946 0.01005288700713647 0.052314611438987427 -0.078084499022352427 0.033069424394934668 -0.16825606792677039 -0.013773422068896807 0.008201500333884032 0.046402951027885997 -0.043450564340175059 0.020736317803953203
leaf_weight=23.722422968829051 95.74923014792148 4.6029611889389335 0.33778133383020659 53.323728957271669 8.6361092235892993 0.45724912546575058 0.57889781182166167 0.57591187418438494 2.5771635975688687 2.4284380972385398 6.1736720316112033 1.563262004405259 1.5885997377336023 47.348795604892075 291.25366030063014 1.2166659757494915 2.3322660392150274 5.8236253778450182 12.57156591163948 3.1715840024407944 5.0941180773079422 8.1916667839977908 2.7808807179098949 2.4005897268652916 1.4993926472961905 1.3119620005600152 111.92911715805531 4.7125798666384062 4.0833176560699922 4.5397652685642242
leaf_count=25225 49273 1189 127 28422 176 132 39 41 56 29 106 21 23 779 5535 17 99 69 215 41 52 129 53 37 17 38 1658 60 58 68
internal_value=-0.000842392 0.00358714 -0.0305466 -0.0239838 0.00860066 0.0491098 0.0796401 0.117624 0.00817169 0.00795406 0.00845254 0.00801038 -0.0568966 0.00825298 0.0060767 -0.00932532 -0.00675016 -0.00114388 0.00851445 0.00730646 0.00556437 0.0135365 -0.0210709 -0.0255056 -0.0528433 -0.0961644 0.0131115 0.0261963 0.0101527 -0.00965831
internal_weight=712.577 616.828 78.996 55.2736 537.832 1.94984 1.49259 1.15481 529.196 526.618 522.601 516.428 4.01704 514.865 355.587 48.5898 47.3731 42.7702 306.997 294.425 36.9465 29.4023 7.875 7.54421 5.14362 2.81135 159.278 21.5273 13.3357 8.62308
internal_count=113784 64511 53986 28761 10525 339 207 80 10349 10293 10241 10135 52 10114 7677 1886 1869 680 5791 5576 611 420 105 191 154 55 2437 315 186 126
is_linear=0
shrinkage=0.05


Tree=95
num_leaves=31
num_cat=0
split_feature=10 10 1 10 10 9 4 3 1 3 2 7 7 3 4 3 3 4 2 3 4 1 1 2 1 7 1 1 7 3
split_gain=39.4362 47.3498 2.87443 3.05308 5.54411 20.9127 48.5216 6.92431 15.5393 2.86209 4.5497 3.22925 8.56326 7.82332 5.7007 4.4908 4.50083 4.09151 3.79702 7.88093 3.52395 4.03946 8.36949 6.59465 3.40066 4.69034 4.47675 6.71256 6.70803 5.20539
threshold=1.0999733464112851 1.0991991879725476 34.280000000000008 1.0782158668484862 1.0775899648257827 1.0000000180025095e-35 13.500000000000002 3.4999999999999987 45.845000000000006 1.1899999999999997 8.9500000000000011 10.500000000000002 11.500000000000002 6.2500000000000027 8.5000000000000018 2.5000000000000022 5.0650000000000004 5.5000000000000009 6.0500000000000007 3.4300000000000019 11.500000000000002 42.410000000000004 39.090000000000011 2.0500000000000003 38.910000000000004 22.500000000000004 37.910000000000004 37.720000000000006 29.500000000000004 4.1299999999999981
decision_type=2 2 2 2 2 2 2 2 2 2 2 2 2 2 2 2 2 2 2 2 2 2 2 2 2 2 2 2 2 2
left_child=1 2 -1 4 7 6 -6 -4 -9 10 -3 -11 13 14 -13 -16 -17 18 -14 -20 -19 22 23 -22 26 -26 27 28 -25 -30
right_child=-2 9 3 -5 5 -7 -8 8 -10 11 -12 12 17 -15 15 16 -18 20 19 -21 21 -23 -24 24 25 -27 -28 -29 29 -31
leaf_value=-0.04784859790866635 -0.031665477720509025 -0.048138310490254244 -0.022320776574882142 -0.044271743344441228 1.8799413425862008 -0.050092652954610753 -0.050095684579391897 1.1279018821429125 -0.050104221968740731 0.015014045726633386 0.017172771417743551 -0.067530778200640462 -0.0025400163116200171 0.054515312681973516 -0.04496935606162844 0.031270531960683655 -0.04906945626888036 0.018476517131739253 -0.2213109362660394 -0.010218662605474028 -0.054616895023139073 -0.0076312598233207272 0.02448984615840628 0.0072899368389524079 -0.10909469084161699 0.017683132426391125 0.032080617263657282 -0.070170856897783018 0.00030745903486265914 -0.15077825525223496
leaf_weight=22.694571318337694 91.508763277961407 5.5564802989829314 37.596573640417773 17.113285903236829 0.051812460878862932 0.37552930851234123 0.087658379110507667 0.042443331214598312 0.082236287416890264 169.91931498458143 5.1269728740444407 7.3081653909757796 37.479225685005076 3.0191653892397872 6.6477727619931093 6.4214609585469571 2.3929106232244521 99.768523571547121 0.61954510270152185 1.5442315782420335 5.0911624833825035 38.328226172132418 62.859288055682555 61.352338337688707 1.5377792504150414 1.3880970231257377 13.596494153141974 3.1900409299414596 1.0740729174576693 1.2149768620729444
leaf_count=25203 48855 630 19949 8766 27 210 46 18 41 3224 73 115 1481 41 73 92 30 1596 46 24 405 557 958 1076 25 22 204 43 30 15
internal_value=-0.00104617 0.0035211 -0.0328631 -0.0267187 -0.0188625 0.144081 0.6669 -0.0210871 0.350912 0.00882439 -0.0167956 0.00934599 0.00663172 -0.0211132 -0.0311409 -0.0139413 0.00945997 0.00880628 -0.0062581 -0.0706598 0.0108698 0.00686786 0.0105408 0.000626918 0.00400115 -0.0489486 0.0059274 0.000606674 0.00415442 -0.0798855
internal_weight=704.989 613.48 78.0441 55.3495 38.2363 0.515 0.139471 37.7213 0.12468 535.436 10.6835 524.753 354.833 25.7895 22.7703 15.4621 8.81437 329.044 39.643 2.16378 289.401 189.632 151.304 88.445 83.3538 2.92588 80.4279 66.8314 63.6414 2.28905
internal_count=113875 65020 54260 29057 20291 283 73 20008 59 10760 703 10057 6833 351 310 195 122 6482 1551 70 4931 3335 2778 1820 1415 47 1368 1164 1121 45
is_linear=0
shrinkage=0.05


Tree=96
num_leaves=31
num_cat=0
split_feature=10 10 1 10 10 2 2 0 7 3 0 3 2 7 7 3 4 0 0 3 4 4 1 0 1 1 0 2 2 3
split_gain=36.6974 44.1756 2.73446 3.47807 3.48624 11.011 6.77364 9.56932 3.50377 13.5472 2.67186 2.59699 4.13299 2.83862 7.80048 7.19877 5.05418 6.68743 4.62464 3.99346 3.78462 3.55329 4.13518 4.44621 3.7082 8.11314 4.58252 4.07826 3.30342 6.33882
threshold=1.0999733464112851 1.0988446461986625 34.280000000000008 1.0782158668484862 1.077034754593418 -3.3499999999999992 7.8500000000000005 38.910000000000004 6.5000000000000009 3.3149999999999999 50.655000000000008 1.1899999999999997 8.9500000000000011 10.500000000000002 11.500000000000002 6.2500000000000027 8.5000000000000018 38.030000000000008 36.910000000000004 5.0650000000000004 5.5000000000000009 11.500000000000002 37.345000000000006 40.410000000000004 42.280000000000008 39.345000000000006 46.030000000000008 2.0500000000000003 6.0500000000000007 3.4300000000000019
decision_type=2 2 2 2 2 2 2 2 2 2 2 2 2 2 2 2 2 2 2 2 2 2 2 2 2 2 2 2 2 2
left_child=1 2 -1 4 -4 -6 8 -8 9 -7 -2 12 -3 -13 15 16 -15 18 -18 -19 28 22 -22 -24 25 27 -26 -23 -16 -30
right_child=10 11 3 -5 5 6 7 -9 -10 -11 -12 13 -14 14 20 -17 17 19 -20 -21 21 24 23 -25 26 -27 -28 -29 29 -31
leaf_value=-0.047725653557310288 -0.034192530808711742 -0.046020739362504642 -0.0213973785763205 -0.046797925855324878 0.67668023187944626 -0.050250034698042172 -0.050192593469606334 0.87968968146908999 -0.050218059645081553 0.84495444206389525 -0.0069684940449689127 0.014257359166637774 0.016464225621067346 -0.063646010450300286 -0.0024816906689680233 0.054277074870900936 0.0012346558266984797 0.028066691899122167 -0.095552892673526305 -0.04478061501823323 0.038470371313678586 -0.037924490958186702 -0.068349637503501787 0.014727212646617797 -0.068492073883137147 0.025246324977753389 -0.002367539943940363 0.0038854709203336893 -0.1934051203637962 -0.0098087431842920139
leaf_weight=21.525573418184649 78.499182871251833 5.5224568372359482 36.396653927164152 15.185351426422129 0.068761914735659846 0.17379112582420819 0.057001709123141953 0.053761883289553225 0.94908571755513549 0.055840246961452067 10.181535650976 168.42790653748671 5.081422561313957 7.3650207979371833 37.593033406534232 2.8842057026922694 1.9791280811186869 7.711644725291988 3.2788949981331825 2.4883830358739942 19.96686630230397 6.2535285140038459 1.6449972093105305 76.876693722326308 2.8155167736113063 55.402568992460147 37.751412908779457 86.630350198596716 0.67246964457444791 1.5624902811832724
leaf_count=25155 45057 630 19717 8594 21 76 26 18 420 13 3798 3301 73 115 1502 41 41 112 16 30 320 424 29 1286 38 884 565 1501 47 25
internal_value=-0.00102456 0.00336905 -0.0326997 -0.0265901 -0.0184623 0.0601886 0.027314 0.401149 -0.0078151 0.16744 -0.0310669 0.00841858 -0.0160777 0.00891686 0.00636784 -0.0201524 -0.0295582 -0.013317 -0.0591219 0.010295 0.00845166 0.0104538 0.0181531 0.0129868 0.00643849 0.0101031 -0.00695686 0.00107056 -0.00599276 -0.0650504
internal_weight=695.056 606.375 74.4658 52.9402 37.7549 1.35824 1.28948 0.110764 1.17872 0.229631 88.6807 531.909 10.6039 521.305 352.877 25.7073 22.8231 15.4581 5.25802 10.2 327.17 287.342 98.4886 78.5217 188.853 148.286 40.5669 92.8839 39.828 2.23496
internal_count=113875 65020 54040 28885 20291 574 553 44 509 89 48855 10980 703 10277 6976 355 314 199 57 142 6621 5047 1635 1315 3412 2809 603 1925 1574 72
is_linear=0
shrinkage=0.05


Tree=97
num_leaves=31
num_cat=0
split_feature=10 10 1 10 10 2 2 0 2 2 3 1 10 2 1 1 10 0 1 0 7 5 2 1 2 10 0 5 2 3
split_gain=34.1575 41.0827 2.87817 2.93761 2.81789 5.41131 3.45546 6.22766 2.62703 6.44484 4.38583 24.1841 18.233 11.1928 45.7346 57.6384 15.546 5.3669 18.1476 27.2842 61.8265 19.4782 21.0974 4.00763 4.64695 22.6307 2.59679 3.82926 2.66955 10.0237
threshold=1.0999733464112851 1.0991991879725476 34.280000000000008 1.0782158668484862 1.077034754593418 -4.0499999999999989 7.8500000000000005 39.780000000000008 3.5500000000000003 5.9500000000000011 2.4399999999999999 40.780000000000008 1.066457947989129 3.8500000000000001 38.030000000000008 37.780000000000008 1.0510036796188615 40.280000000000008 38.655000000000008 40.780000000000008 16.500000000000004 1.0000000180025095e-35 5.6500000000000012 34.345000000000006 5.8500000000000005 1.0460030333670376 50.655000000000008 2.5000000000000004 3.4500000000000006 7.3150000000000004
decision_type=2 2 2 2 2 2 2 2 2 2 2 2 2 2 2 2 2 2 2 2 2 2 2 2 2 2 2 2 2 2
left_child=1 2 -1 4 8 -6 -7 -8 -4 10 11 12 13 14 15 16 -10 23 19 21 -21 -19 -23 -15 -25 -26 28 -28 -2 -30
right_child=26 -3 3 -5 5 6 7 -9 9 -11 -12 -13 -14 17 -16 -17 -18 18 -20 20 -22 22 -24 24 25 -27 27 -29 29 -31
leaf_value=-0.04762412358288106 -0.040750225726586972 0.0081247202689194355 -0.03517748119689703 -0.043737948073939131 0.37500933874364617 -0.0090068625363905631 -0.050583788762622928 0.53640362478203485 1.2101897161561652 -0.032382171607441501 -0.029222089693365778 1.3480708677000359 1.0326519342913458 0.19833923087900429 -0.050091910233474736 2.7679857355012256 -0.05009163218554008 1.2437592537875584 -0.050092217848286692 -0.050093487206558457 2.7021871466556586 -0.050092815732772959 1.12506749952009 -0.050346500427084634 1.328783801084519 -0.050090742928691048 -0.039837790226472991 0.021869209129021266 -0.024574331050099166 0.25252797336850769
leaf_weight=20.635241167503409 48.167843487695791 526.03876340202987 16.764642409631051 15.698856377799528 0.11736841476522397 1.2108254652703165 0.096252268063835911 0.085170138627290726 0.039674000465313664 11.115592282731084 2.3957535569788888 0.035761266597546526 0.046179082244634517 0.19538090249989215 0.33442917314823717 0.035485208383761346 0.063849479658529162 0.038644288899376766 0.83767146326135844 0.046542677329853177 0.036333532189019024 0.37311095150653273 0.042547386256046593 3.029139033518732 0.036261554807424434 0.16588917362969369 4.6767844224814308 5.4367963164113462 27.373979523836173 0.33029198576696117
leaf_count=25203 29578 10760 10060 8766 17 513 30 14 25 5636 1305 20 26 6 183 20 35 21 457 25 20 202 23 1540 21 92 1977 1821 15355 124
internal_value=-0.000993938 0.00323296 -0.0317885 -0.0256044 -0.01794 0.0489696 0.021484 0.224982 -0.0207747 -0.00797771 0.0270129 0.0521627 0.0434535 0.0347936 0.266741 1.02898 0.432894 0.0119233 0.0953779 0.322223 1.15653 0.170025 0.0701983 -0.0215605 -0.0348568 0.19725 -0.030465 -0.00666572 -0.0336374 -0.0212707
internal_weight=685.501 599.515 73.4766 52.8414 37.1425 1.50962 1.39225 0.181422 35.6329 18.8682 7.75265 5.3569 5.32114 5.27496 0.473438 0.139009 0.103523 4.80152 1.37485 0.537179 0.0828762 0.454303 0.415658 3.42667 3.23129 0.202151 85.9857 10.1136 75.8721 27.7043
internal_count=113875 65020 54260 29057 20291 574 557 44 19717 9657 4021 2716 2696 2670 263 80 60 2407 748 291 45 246 225 1659 1653 113 48855 3798 45057 15479
is_linear=0
shrinkage=0.05


Tree=98
num_leaves=31
num_cat=0
split_feature=10 10 0 5 2 3 2 7 4 0 2 9 10 10 0 4 0 10 2 3 0 2 0 0 0 3 7 3 10 2
split_gain=31.6076 39.2378 2.51619 3.54586 2.65332 7.32546 11.752 23.4815 2.72632 4.74036 15.6049 4.64985 5.65221 94.0332 96.0786 17.6156 14.2061 13.7642 15.3979 3.76029 11.2526 3.56605 18.4997 2.83003 10.4539 16.185 3.74364 4.8886 14.231 2.72136
threshold=1.0999733464112851 1.0988446461986625 50.655000000000008 2.5000000000000004 3.4500000000000006 7.3150000000000004 4.2500000000000009 20.500000000000004 8.5000000000000018 48.655000000000008 3.7500000000000004 1.0000000180025095e-35 1.1525592501866515 1.1529427091315945 43.845000000000006 20.500000000000004 41.030000000000008 1.1532876890881487 5.8500000000000005 3.5000000000000022 37.155000000000008 3.5500000000000003 42.345000000000006 43.655000000000008 43.720000000000006 4.6850000000000014 5.5000000000000009 4.6850000000000014 1.1097941016169082 12.65
decision_type=2 2 2 2 2 2 2 2 2 2 2 2 2 2 2 2 2 2 2 2 2 2 2 2 2 2 2 2 2 2
left_child=1 -1 4 -4 -2 8 7 -7 -6 11 -11 29 19 14 -14 17 -17 18 -15 20 -13 22 -21 -23 25 -25 27 28 -26 -10
right_child=2 -3 3 -5 5 6 -8 -9 9 10 -12 12 13 15 -16 16 -18 -19 -20 21 -22 23 -24 24 26 -27 -28 -29 -30 -31
leaf_value=-0.031880916866004812 -0.040359405578209495 0.0077227456657267867 -0.039394107386230615 0.0203401504714587 -0.050099111118096812 -0.050157418117806496 -0.050225300099177389 1.0667126156760636 -0.044935170340761159 1.0327412203860138 -0.050097701344407768 -0.050093694536132417 3.3106336870244735 1.4379932996638425 -0.050084984244373333 -0.05005108922276439 1.6273387640530954 -0.05008863147589613 -0.050086083758160163 1.1115197383558655 0.76945102648400099 -0.040586822736560835 -0.050087331949822636 -0.05011865784687413 -0.050871754523846437 1.4133792864956065 -0.050127738662217848 -0.050357149597904265 0.58310157454867662 0.100803483591559
leaf_weight=71.017178739246447 46.251267643121537 524.09182902699104 4.4975450690835697 5.5501911782193929 7.254475898400421 0.099251867271958782 0.23530269926413894 0.089495880762115121 9.677311579464007 0.046173718990757062 0.11907109839376062 0.13365196180529704 0.044632073724642285 0.033600398106500395 0.040623603155836463 0.021893887489568331 0.029807446990162134 1.5980922690359873 0.036019421531818807 0.043038678588345536 0.061000599642284214 5.2560978342080489 0.16834042186383158 0.042257684166543075 0.20368128002155561 0.034165490767918527 1.0883009955286977 0.2930655290838331 0.1565574862761423 0.33127950888592828
leaf_count=54040 29578 10980 1977 1821 4565 36 69 19 5418 22 64 103 22 20 24 24 16 930 21 20 28 3011 97 21 38 20 589 127 16 159
internal_value=-0.00104403 0.00299665 -0.0298642 -0.00639796 -0.0330771 -0.0206654 0.18552 0.479413 -0.0239384 -0.0141853 0.252476 -0.0164692 0.00901578 0.0884393 1.70928 0.00807125 0.917017 -0.0201073 0.668101 -0.010146 0.206737 -0.0159406 0.186426 -0.0219875 0.0317851 0.604148 0.0066693 0.101284 0.224649 -0.0401113
internal_weight=678.545 595.109 83.4362 10.0477 73.3885 27.1372 0.42405 0.188748 26.7131 19.4587 0.165245 19.2934 9.28483 1.80467 0.0852557 1.71941 0.0517013 1.66771 0.0696198 7.48016 0.194653 7.28551 0.211379 7.07413 1.81803 0.0764232 1.74161 0.653304 0.360239 10.0086
internal_count=113875 65020 48855 3798 45057 15479 124 55 15355 10790 86 10704 5127 1057 46 1011 40 971 41 4070 131 3939 117 3822 811 41 770 181 54 5577
is_linear=0
shrinkage=0.05


Tree=99
num_leaves=31
num_cat=0
split_feature=10 10 1 10 10 3 0 2 2 2 0 5 3 2 2 2 1 0 0 1 4 5 1 3 3 3 3 10 0 2
split_gain=30.5023 36.3493 2.71949 3.3098 2.60953 3.40492 8.79198 4.51439 3.43979 6.65575 2.51051 3.28613 2.38737 3.74383 2.59664 3.34136 2.84418 2.34812 4.35891 10.1908 5.71139 11.2496 2.95177 22.6121 5.40014 19.3907 3.24096 14.1005 10.2751 17.6325
threshold=1.0999733464112851 1.0988446461986625 34.280000000000008 1.0782158668484862 1.077034754593418 3.3149999999999999 46.530000000000008 -4.0499999999999989 7.8500000000000005 8.1500000000000004 50.655000000000008 2.5000000000000004 1.1899999999999997 8.9500000000000011 8.4500000000000011 7.3500000000000005 32.910000000000004 45.410000000000004 44.530000000000008 36.845000000000006 20.500000000000004 4.5000000000000009 40.155000000000008 4.5000000000000027 4.6850000000000014 4.6299999999999981 5.9400000000000004 1.1529427091315945 45.345000000000006 2.0500000000000003
decision_type=2 2 2 2 2 2 2 2 2 2 2 2 2 2 2 2 2 2 2 2 2 2 2 2 2 2 2 2 2 2
left_child=1 2 -1 4 -4 8 -7 -8 -6 -10 17 -12 13 14 15 -3 -16 18 -2 -20 22 -22 23 -21 25 -25 27 28 -26 -30
right_child=10 12 3 -5 5 6 7 -9 9 -11 11 -13 -14 -15 16 -17 -18 -19 19 20 21 -23 -24 24 26 -27 -28 -29 29 -31
leaf_value=-0.047405316818138241 -0.031875037539134315 -0.066690685899553487 -0.020153640538103781 -0.046360256188661075 -0.050195882154850748 0.68269588131138359 0.29633765095132858 -0.050350228593296679 0.50221803394295328 -0.050503727369761255 -0.038938893135313568 0.018946303789759325 0.0078656207211472619 0.015114850971974578 -0.041204671341946615 0.023728187301026611 -0.18520859316424826 -0.042607572041560661 0.5776260391273812 1.2133240700548453 -0.050218476077197705 0.89678969892374849 -0.050110370188666833 -0.050122910785878161 -0.00092802082198651487 1.2948386686122584 -0.050107699908352947 0.81051150768480285 -0.050083584554960495 1.4598734642837154
leaf_weight=18.958310670859646 32.56101006292738 2.1969838318764214 34.850940128671937 13.441287934896534 0.84294644708279409 0.068133915425278135 0.14371566521003842 0.27089038107078522 0.09031320468056947 0.13722013786900789 4.3269592333817837 5.6577066224999726 510.56998695473885 4.9964756353292614 0.79183670529164352 1.9100655015790833 0.60476194322109222 33.40019242069684 0.079092049505560591 0.039575285860337206 0.077226898109074571 0.052799853612668812 2.0101035995176062 0.096000777906738111 2.0326108226436204 0.037176447454839945 1.703728226944804 0.058092801249585935 0.046461987425573059 0.033113524550572038
leaf_count=25155 21298 425 19717 8594 422 9 9 90 12 32 1977 1821 10277 73 47 154 4 20259 2 22 31 23 1120 50 1152 20 1006 26 28 20
internal_value=-0.00110653 0.00287007 -0.031287 -0.0251565 -0.0173276 0.0460837 0.156324 0.0698228 -0.00362982 0.168884 -0.0296388 -0.00613885 0.00738027 -0.0162198 -0.0446668 -0.0246396 -0.103562 -0.0328874 -0.0245259 0.0136638 0.00645424 0.334332 -0.00058454 0.0240159 0.0122702 0.325323 0.00150832 0.0420283 0.0208922 0.57825
internal_weight=672.086 589.874 68.8038 49.8454 36.4042 1.55322 0.48274 0.414606 1.07048 0.227533 82.2119 9.98467 521.07 10.5001 5.50365 4.10705 1.3966 72.2272 38.827 6.26598 6.18689 0.130027 6.05686 4.04676 4.00718 0.133177 3.87401 2.17028 2.11219 0.0795755
internal_count=113875 65020 54040 28885 20291 574 108 99 466 44 48855 3798 10980 703 630 579 51 45057 24798 3500 3498 54 3444 2324 2302 70 2232 1226 1200 48
is_linear=0
shrinkage=0.05


Tree=100
num_leaves=31
num_cat=0
split_feature=10 10 0 2 0 2 0 2 2 7 3 3 2 4 3 0 4 3 3 10 10 3 7 3 7 0 0 3 3 7
split_gain=27.8915 28.645 4.81699 6.39132 4.88125 3.36033 3.2626 3.08389 3.83194 3.67419 3.9714 8.8076 3.22693 5.25633 2.90812 2.85605 3.37577 5.86733 34.8806 54.5545 5.81812 17.9038 6.18855 13.3603 7.66921 17.6908 9.06321 11.584 22.1029 2.7711
threshold=1.0992168415445007 1.0988446461986625 36.530000000000008 7.2500000000000009 36.410000000000004 9.2500000000000018 51.780000000000008 12.15 13.250000000000002 22.500000000000004 1.8149999999999997 2.2500000000000022 8.7500000000000018 19.500000000000004 3.4999999999999987 40.030000000000008 18.500000000000004 3.8149999999999999 3.8799999999999977 1.0935243105660473 1.0661166747690813 2.8450000000000011 16.500000000000004 2.6850000000000009 15.500000000000002 43.345000000000006 40.655000000000008 2.1850000000000009 2.0950000000000011 22.500000000000004
decision_type=2 2 2 2 2 2 2 2 2 2 2 2 2 2 2 2 2 2 2 2 2 2 2 2 2 2 2 2 2 2
left_child=1 15 3 29 7 6 -4 9 -9 14 12 -12 13 -11 -5 -1 -17 20 19 -19 21 22 23 24 26 -26 27 28 -18 -3
right_child=-2 2 5 4 -6 -7 -8 8 -10 10 11 -13 -14 -15 -16 16 17 18 -20 -21 -22 -23 -24 -25 25 -27 -28 -29 -30 -31
leaf_value=-0.036393565452438319 -0.027411821046411263 -0.039903713875975695 0.0083578487092646463 0.029042797176794217 -0.064008047774510177 0.034524255874259877 0.037780295816141354 -0.064360508060962579 0.010489998847483164 0.010009274304497759 -0.17068608553444489 0.017086682650855875 0.044580879108641017 -0.17703841362830258 -0.04272056535011471 -0.022813094254491548 -0.050073690802941544 2.4462595132735583 -0.05007946682986758 -0.05007818250343548 -0.050083922025264432 1.0440193683276051 -0.050118671722453545 0.89944387127802572 -0.050108090559353016 1.4273956823666158 -0.050090301558890396 -0.050653867640164975 1.1163543771286146 0.0065933162524197345
leaf_weight=36.1814506657538 80.813430337875616 14.500166295329111 426.69640691368841 24.324648876441646 2.385759785771369 13.295599118340759 9.6348114088177663 2.9135531438514581 4.1389390863478184 1.4527868957957242 1.1186880917521196 1.413671725313179 2.9229994893539697 0.50655412941705424 1.4986935704946507 25.583363410027236 0.077226798632181959 0.040058696409687289 0.29562980332411826 0.04824335896410048 2.2338387573836371 0.045699477661400922 0.96168769802898157 0.052657618187367805 0.050481596845202037 0.033840590971522033 0.72148194431792945 0.14536611700896174 0.08566554170101881 4.113362450618296
leaf_count=36263 49005 1626 7056 487 28 222 177 36 42 81 19 30 42 28 17 14656 54 26 187 31 1387 27 573 31 28 18 432 49 15 539
internal_value=0.000100202 0.00395032 0.00796961 -0.00518006 0.00548325 0.00976207 0.00900754 0.0095981 -0.0204325 0.01597 -0.0150536 -0.0658633 0.0113003 -0.0383487 0.0248779 -0.0269034 -0.0155992 0.0229152 0.210384 1.0824 0.00658666 0.0648142 0.0437895 0.121195 0.0844098 0.542851 0.0468695 0.273805 0.563354 -0.0296284
internal_weight=658.287 577.473 510.917 61.2898 42.6763 449.627 436.331 40.2905 7.05249 33.238 7.4147 2.53236 4.88234 1.95934 25.8233 66.5567 30.3752 4.79188 0.383932 0.0883021 4.40795 2.17411 2.12841 1.16672 1.11406 0.0843222 1.02974 0.308258 0.162892 18.6135
internal_count=113212 64207 10430 2975 810 7455 7233 782 78 704 200 49 151 109 504 53777 17514 2858 244 57 2614 1227 1200 627 596 46 550 118 69 2165
is_linear=0
shrinkage=0.05


Tree=101
num_leaves=31
num_cat=0
split_feature=10 10 0 2 0 2 1 0 2 7 1 0 3 3 2 2 4 4 3 1 1 4 0 0 6 10 0 3 7 1
split_gain=25.7622 26.9166 4.37704 5.80248 4.26007 3.24243 3.12455 3.08926 2.78966 3.36288 3.4838 5.23552 3.35616 6.60788 3.25422 2.96902 4.61491 2.73127 2.9439 4.33491 12.7831 27.541 4.14298 24.7562 36.5651 3.65846 3.08522 14.5837 2.53657 2.46471
threshold=1.0992168415445007 1.0991991879725476 36.530000000000008 7.2500000000000009 36.410000000000004 9.2500000000000018 34.280000000000008 51.780000000000008 12.15 22.500000000000004 32.410000000000004 35.030000000000008 1.8149999999999997 2.2500000000000022 13.250000000000002 8.7500000000000018 19.500000000000004 18.500000000000004 1.3750000000000002 41.090000000000011 41.280000000000008 19.500000000000004 46.345000000000006 46.030000000000008 1.5000000000000002 1.0381332909113519 44.280000000000008 2.6850000000000009 22.500000000000004 37.030000000000008
decision_type=2 2 2 2 2 2 2 2 2 2 2 2 2 2 2 2 2 2 2 2 2 2 2 2 2 2 2 2 2 2
left_child=1 6 3 28 8 7 -1 29 9 10 11 -5 15 -14 -10 16 -11 -8 25 -20 21 -21 23 26 -25 -19 27 -22 -3 -4
right_child=-2 2 5 4 -6 -7 17 -9 14 12 -12 -13 13 -15 -16 -17 -18 18 19 20 22 -23 -24 24 -26 -27 -28 -29 -30 -31
leaf_value=-0.044315573624745301 -0.026776114184470498 -0.03817565522905849 0.01526344353760125 0.013118314484765227 -0.058142950880841829 0.034139830066926245 -0.025729436661689972 0.037133313909612296 -0.058076320129543224 0.0095775722525157075 0.040332793567415787 -0.11383345083524293 -0.14076133376038488 0.01647333751331901 0.010042713925048566 0.043607147883891306 -0.16442091533077649 0.014458818431295026 -0.027403719804496175 1.1099922646775175 -0.05027701723345427 -0.050227309640203527 -0.050347160181842002 1.6597099973027678 -0.05007677659501053 0.20445463218988735 -0.05015069395648656 0.88385104568013506 0.0063651155626830609 0.00601649561003521
leaf_weight=17.467177119397093 78.651055714930408 14.375764246913606 92.148444235092029 10.146769891958684 2.4921852461993685 12.857268963009117 38.875472671701573 9.3205772284418327 3.0587639957666388 1.4426228578668077 14.342086181044577 0.88277905434370119 1.2837773939827459 1.393514927360229 4.1079268753528595 2.8409601899329573 0.517876247758977 0.73803858930477761 6.5720204323297349 0.086182725965045726 0.19036116590723418 0.12582728313282132 1.166490336647257 0.058477341081015766 0.067207659594714642 0.38581707188859582 0.74438702512998134 0.053532197722233832 4.1104465276002875 330.59892393904738
leaf_count=25096 49005 1610 1756 263 28 215 23220 177 35 81 230 10 19 30 42 42 28 139 4307 30 89 58 469 22 44 62 423 22 531 5129
internal_value=5.59579e-05 0.00374251 0.00767422 -0.00488647 0.00528327 0.00939618 -0.0261554 0.00865987 0.00923333 0.0153995 0.024085 0.00295739 -0.0140661 -0.0589216 -0.0190307 0.0109453 -0.0363851 -0.0196901 0.00335385 -0.00610989 0.0500367 0.421406 0.0155112 0.0844748 0.745434 0.0796839 0.000417059 0.154755 -0.0282719 0.0080321
internal_weight=651.103 572.452 505.921 60.9955 42.5093 444.925 66.531 432.068 40.0171 32.8504 25.3716 11.0295 7.47875 2.67729 7.16669 4.80146 1.9605 49.0638 10.1883 9.06449 2.49247 0.21201 2.28046 1.11397 0.125685 1.12386 0.98828 0.243893 18.4862 422.747
internal_count=113212 64207 10226 2949 808 7277 53981 7062 780 703 503 273 200 49 77 151 109 28885 5665 5464 1157 88 1069 600 66 201 534 111 2141 6885
is_linear=0
shrinkage=0.05


Tree=102
num_leaves=31
num_cat=0
split_feature=10 10 0 2 0 1 0 10 2 2 1 2 3 3 4 1 2 1 2 0 2 7 1 0 5 3 3 2 2 4
split_gain=23.8187 25.0936 3.96346 5.28869 3.73141 3.0422 4.72848 4.36499 3.25728 4.64122 3.89672 4.53674 5.10483 16.5778 6.28028 3.30339 3.09151 3.09094 3.00934 2.93715 2.53479 3.08194 3.33249 6.00261 3.31634 2.86537 5.13221 2.78521 2.72908 4.0188
threshold=1.0992168415445007 1.0988446461986625 36.530000000000008 7.2500000000000009 36.410000000000004 37.720000000000006 40.910000000000004 1.0775899648257827 3.6500000000000008 5.8500000000000005 37.910000000000004 5.7500000000000009 2.3699999999999997 2.4049999999999998 18.500000000000004 38.280000000000008 1.6500000000000001 38.590000000000011 9.2500000000000018 51.780000000000008 12.15 22.500000000000004 32.410000000000004 35.530000000000008 5.5000000000000009 1.8149999999999997 2.2500000000000022 13.250000000000002 8.7500000000000018 19.500000000000004
decision_type=2 2 2 2 2 2 2 2 2 2 2 2 2 2 2 2 2 2 2 2 2 2 2 2 2 2 2 2 2 2
left_child=1 5 3 -3 20 -1 7 8 -7 10 -10 12 14 -14 17 -16 -8 -12 19 -4 21 22 23 -5 -24 28 -27 -22 29 -23
right_child=-2 2 18 4 -6 6 16 -9 9 -11 11 -13 13 -15 15 -17 -18 -19 -20 -21 27 25 24 -25 -26 26 -28 -29 -30 -31
leaf_value=-0.035900870295749031 -0.026138418348649786 -0.027024533137629772 0.0076466918211400827 0.013191556410820466 -0.053059527945191358 -0.05019488782489423 -0.0059866993513879993 0.31413187335986992 -0.050452822830017008 -0.050092615665835755 -0.050457421017920424 0.45320404352249066 0.70985821425600026 -0.05029286635874413 0.1560009402333625 0.51317674232123511 -0.041324382221391072 0.15501624519214338 0.033108875718398996 0.036481909421752855 -0.052680779398346603 0.0091614895487007481 0.049798580895408499 -0.12829871535060769 -0.019229227372257615 -0.11933800261484734 0.015873981309323187 0.0096115470598920876 0.042634546866587186 -0.15165023964831079
leaf_weight=34.892786396550946 76.59430473879911 18.424755655927584 421.2184697818011 10.234698744141497 2.5916903764009467 1.0210505559225596 13.572008330491373 0.13654127123299975 0.3876110066194095 0.78270492993760843 0.74434793984983094 0.099272514809854218 0.13143716380000103 0.1578763157594949 0.23950345814228058 0.088712221244350076 11.37778880423866 0.2427078828914091 12.530265424866228 9.0203273389488441 3.2042995225638142 1.4329868895001698 11.8259368725121 0.80883451923728067 2.0401882990263394 1.4341555877472276 1.3743225645739583 4.0783675611019135 2.7624950036406517 0.53302028216421593
leaf_count=37032 49005 2165 7056 265 28 635 7930 38 169 466 294 24 22 81 37 33 6977 39 222 177 36 81 197 8 34 19 30 42 42 28
internal_value=3.33988e-05 0.00356644 0.00731159 -0.00466497 0.00506943 -0.0259561 -0.013983 0.0362577 0.0265173 0.0537693 0.0926382 0.12519 0.104896 0.295049 0.0630696 0.252541 -0.0221016 6.665e-05 0.00895471 0.00825125 0.0088614 0.0148448 0.0233212 0.00282873 0.0396422 -0.0131697 -0.0531723 -0.0177964 0.0105897 -0.0344375
internal_weight=643.983 567.389 503.515 60.7458 42.321 63.8743 28.9816 4.03177 3.89522 2.87417 2.09147 1.70386 1.60458 0.289313 1.31527 0.328216 24.9498 0.987056 442.769 430.239 39.7293 32.4466 24.9097 11.0435 13.8661 7.53698 2.80848 7.28267 4.7285 1.96601
internal_count=113212 64207 10430 2975 810 53777 16745 1838 1800 1165 699 530 506 103 403 70 14907 333 7455 7233 782 704 504 273 231 200 49 78 151 109
is_linear=0
shrinkage=0.05


Tree=103
num_leaves=31
num_cat=0
split_feature=1 2 3 2 2 2 0 0 3 2 4 1 0 0 1 1 6 2 2 3 4 2 7 0 1 3 7 5 7 2
split_gain=7.37366 4.94604 6.59035 3.48104 3.28631 2.53636 8.83572 3.85928 3.83212 3.49215 2.78544 2.84258 6.73868 3.62781 4.49418 3.53631 6.27325 4.1493 12.82 10.7511 13.362 10.0481 2.751 3.98843 2.74796 7.13816 22.4423 31.4509 4.94683 6.47306
threshold=31.780000000000005 8.9500000000000011 4.8700000000000001 12.65 14.550000000000002 3.1500000000000008 38.410000000000004 45.410000000000004 7.3150000000000004 3.6500000000000008 16.500000000000004 41.530000000000008 44.345000000000006 45.345000000000006 39.345000000000006 40.155000000000008 6.5000000000000009 5.3500000000000005 4.8500000000000005 2.6299999999999977 10.500000000000002 5.1500000000000012 1.5000000000000002 33.655000000000008 39.655000000000008 4.6799999999999988 8.5000000000000018 4.5000000000000009 3.5000000000000004 7.3500000000000005
decision_type=2 2 2 2 2 2 2 2 2 2 2 2 2 2 2 2 2 2 2 2 2 2 2 2 2 2 2 2 2 2
left_child=1 -1 3 -3 5 6 -2 8 10 -10 11 13 -13 15 -15 22 17 18 19 20 -17 -20 23 -7 -24 28 27 -27 29 -26
right_child=4 2 -4 -5 -6 7 -8 -9 9 -11 -12 12 -14 14 -16 16 -18 -19 21 -21 -22 -23 24 -25 25 26 -28 -29 -30 -31
leaf_value=-0.036057466268931367 -0.046036043047948665 0.03790994240773337 -0.19797216004716464 -0.018725508540384263 -0.1984583496372905 0.25992501802201429 -0.00012617127414529897 0.030231241891012606 0.31263209165422812 0.059763208033676601 0.011521706539835282 0.43412955959580685 0.024986117716556826 -0.42506625372777906 -0.0053484543030523392 0.03122636293658218 0.0035750757831085321 0.02206140145095967 -0.58591346793638566 0.025205519603637101 -0.65136234534602355 -0.14184460968318854 -0.00066634708544165925 0.034502338463241862 -0.27476105589587324 -0.050086362635244235 0.012878171109818435 1.6202593174647788 0.034017634321951623 0.045276365586915474
leaf_weight=22.73171735444339 10.849223182478452 5.8462548936367931 0.38838712312281209 5.0625938245211728 0.20581425313139234 0.21902705717366133 308.11567980831023 14.183750309981404 0.1649255343945687 0.79312911350280046 72.115715240186546 0.1253013574751084 0.51129744458012283 0.11245662800501932 0.1473426945740357 0.13826914236415111 3.4994874062249437 0.51558274822309602 0.24010306678246696 0.97900198050774634 0.14890854444820434 0.27135462570004165 181.29527697281446 1.8845208769198505 0.31420575163792719 0.053248072508722433 0.3150007831864059 0.059863730217330158 5.3968826590571553 0.31780213199090213
leaf_count=19611 9431 954 9 362 21 44 44690 2170 18 92 9253 13 98 27 31 21 483 91 26 174 27 22 24402 292 23 31 76 28 674 18
internal_value=2.54977e-05 -0.0226192 0.0044207 0.0116265 0.00130346 0.00137166 -0.00168774 0.00481012 0.0034728 0.103294 0.00311684 3.29455e-05 0.105518 -0.000309824 -0.187027 -6.1884e-05 -0.0385457 -0.102823 -0.139044 -0.0537045 -0.322712 -0.350312 0.0011123 0.057974 0.000475229 0.0325276 0.22981 0.833934 0.0185186 -0.113832
internal_weight=637.002 34.029 11.2972 10.9088 602.973 602.767 318.965 283.802 269.619 0.958055 268.661 196.545 0.636599 195.908 0.259799 195.649 5.79271 2.29322 1.77764 1.26618 0.287178 0.511458 189.856 2.10355 187.752 6.457 0.428113 0.113112 6.02889 0.632008
internal_count=113212 20936 1325 1316 92276 92255 54121 38134 35964 110 35854 26601 111 26490 58 26432 844 361 270 222 48 48 25588 336 25252 850 135 59 715 41
is_linear=0
shrinkage=0.05


Tree=104
num_leaves=31
num_cat=0
split_feature=10 10 0 2 0 2 0 0 0 3 10 2 2 7 4 4 3 10 2 7 2 2 7 10 3 2 0 4 6 5
split_gain=22.2938 22.9204 3.45254 4.64952 3.29265 2.84617 2.78916 2.42303 2.70232 3.10214 5.85313 3.06365 2.40719 2.64007 7.7378 6.32912 5.47773 7.76235 6.67829 2.37479 2.35344 3.49573 12.551 21.3395 64.2034 4.74182 12.2854 6.82856 15.6518 4.31375
threshold=1.0992168415445007 1.0988446461986625 36.530000000000008 7.2500000000000009 36.410000000000004 9.2500000000000018 51.780000000000008 40.030000000000008 40.910000000000004 2.4049999999999998 1.0625703211517168 1.6500000000000001 3.6500000000000008 22.500000000000004 13.500000000000002 18.500000000000004 2.1899999999999999 1.0586153183825451 5.4500000000000011 22.500000000000004 -0.24999999999999997 0.35000000000000003 24.500000000000004 1.0685768006510983 2.7499999999999987 0.25000000000000006 45.845000000000006 20.500000000000004 11.500000000000002 1.0000000180025095e-35
decision_type=2 2 2 2 2 2 2 2 2 2 2 2 2 2 2 2 2 2 2 2 2 2 2 2 2 2 2 2 2 2
left_child=1 7 3 19 -5 6 -4 -1 9 10 12 20 -9 15 16 -14 -15 -18 -19 -3 -10 22 25 24 -24 27 -27 -22 -29 -23
right_child=-2 2 5 4 -6 -7 -8 8 11 -11 -12 -13 13 14 -16 -17 17 18 -20 -21 21 29 23 -25 -26 26 -28 28 -30 -31
leaf_value=-0.034727047713936095 -0.025599308458842632 -0.035086586965081323 0.0072757737869494138 0.0085540620577512771 -0.048697314282956955 0.032383946459334595 0.03582582239817015 -0.050174815019057475 -0.027272504855241572 -0.027237851769300589 0.41407308302135509 -0.041153286377322483 -0.050372076183102327 -0.050107692719658731 -0.05091004283064024 0.18023092899886611 0.64037419142642227 0.50473390526830164 -0.051456067537788489 0.0083709252907276776 -0.050127650395908746 0.1168232786556809 -0.050078741707584411 -0.050075984393632457 2.5801804896874483 -0.050109054761781138 0.47824085185308918 -0.05015926704736029 1.1084883533917935 -0.026573366781048664
leaf_weight=32.252252366044559 74.923419301223475 14.090543812722901 418.06012291047955 39.33975643874146 2.6826430708169928 12.168261410202829 8.7333092857152206 0.60684837028384553 6.5453144573257331 2.1542798990849406 0.1074235428823157 11.166420267778447 0.96674606832675658 0.10805585596244771 0.33316392754204571 0.42984283226542175 0.14462938439100981 0.089906417182646692 0.13502813002560288 4.0464371347334227 1.3185671448009082 0.59830963285639871 0.059525393764488288 0.10583889565896243 0.038019056315533817 0.26455136772710819 0.18835982913151383 0.089826351962983497 0.043148781056515872 4.2494224790716544
leaf_count=36263 49005 1626 7056 782 28 222 177 384 3791 1319 31 7132 417 65 90 61 26 21 24 539 784 338 38 70 24 154 43 51 19 2632
internal_value=1.82281e-05 0.00343882 0.00700032 -0.00423275 0.00489923 0.0085398 0.00785998 -0.0252345 -0.0149412 0.0182825 0.051847 -0.0217778 0.0380202 0.0622667 0.134033 0.020603 0.26304 0.354601 0.170853 -0.025391 -0.00575254 0.0144981 0.0682537 0.441605 0.975095 0.0283822 0.169625 -0.0156884 0.325808 -0.00887528
internal_weight=636.04 561.117 499.121 60.1594 42.0224 438.962 426.793 61.9955 29.7432 5.07592 2.92164 24.6673 2.81422 2.20737 0.810784 1.39659 0.47762 0.369564 0.224935 18.137 13.5009 6.95557 2.10784 0.203383 0.0975445 1.90445 0.452911 1.45154 0.132975 4.84773
internal_count=113212 64207 10430 2975 810 7455 7233 53777 17514 2438 1119 15076 1088 704 226 478 136 71 45 2165 7944 4153 1183 132 62 1051 197 854 70 2970
is_linear=0
shrinkage=0.05


Tree=105
num_leaves=31
num_cat=0
split_feature=10 10 3 3 1 0 10 0 2 2 2 2 10 2 4 10 3 6 3 10 6 0 4 10 1 5 2 10 10 5
split_gain=18.3589 21.1903 3.9706 8.28347 2.49742 2.9383 2.48543 6.22601 4.11664 3.27443 3.14696 14.9204 7.45603 20.0662 6.36023 7.13139 2.8931 2.86889 8.24141 20.4639 3.47797 9.43851 7.01428 5.25015 16.5043 3.97336 10.528 2.66129 4.73611 7.17986
threshold=1.0992168415445007 1.0988446461986625 7.7150000000000007 7.6250000000000009 34.345000000000006 35.780000000000008 1.1372067952310994 51.410000000000004 7.8500000000000005 -3.0499999999999994 9.0500000000000025 8.9500000000000011 1.1347213212812697 12.65 19.500000000000004 1.1091357161247017 6.8150000000000004 1.5000000000000002 6.8200000000000029 1.1599906018783219 6.5000000000000009 52.030000000000008 18.500000000000004 1.2049027282984339 35.655000000000008 1.0000000180025095e-35 -1.0499999999999998 1.1104837291589207 1.1050032890981127 1.5000000000000002
decision_type=2 2 2 2 2 2 2 2 2 2 2 2 2 2 2 2 2 2 2 2 2 2 2 2 2 2 2 2 2 2
left_child=1 4 3 -3 -1 -6 7 8 -2 -9 11 14 -12 -14 27 -16 -8 18 19 -18 21 22 23 25 -25 26 -19 28 -10 -30
right_child=6 2 -4 -5 5 -7 16 9 10 -11 12 -13 13 -15 15 -17 17 20 -20 -21 -22 -23 -24 24 -26 -27 -28 -29 29 -31
leaf_value=-0.043636377350437662 -0.026180740743130357 0.0049736281521556187 0.053035450456106109 -0.078978780776208332 0.077586555983321676 -0.022088443138830103 -0.040634030201396248 -0.050195324735812265 -0.050293695312056887 0.12904150909045756 -0.050187980201705951 0.51229124600165232 -0.050101466231086314 1.3556330971407888 0.75150253008155365 -0.050205463436649257 -0.050127620368215733 0.70592032824746076 -0.050145775348407196 1.3964219186172988 -0.018244173976461216 0.61476539457564272 0.26532503357978993 -0.050126397198310038 1.1200372811881907 -0.050125472298084221 -0.050293765757755154 -0.050175520658639297 0.64903274129290678 0.096199970616998504
leaf_weight=15.594744999310931 27.175587456673387 491.87727088318206 4.2451195921748868 2.9558875709772101 0.75188640784472127 44.43078744126251 31.397726444818545 0.33203086373396207 0.38758232275722526 1.0956746673909936 1.558778833132237 0.17575052508618672 0.088690556120127328 0.035566584207117558 0.062336669652722665 0.049977081594988704 0.08355384133755972 0.066108438419178128 4.3396123045822605 0.034562490181997418 3.1086004518438131 0.075189186027273425 0.30659585760440666 0.1022936200024559 0.042716316529549658 1.4086348051205275 0.15150244126562107 0.94326802116120234 0.071493234136141837 0.32901283190585673
leaf_count=25253 19231 10363 89 34 67 28559 22369 125 152 90 824 23 54 13 15 26 46 19 2597 18 1830 32 70 59 12 840 67 542 30 105
internal_value=-0.00159238 0.00149063 0.00488521 0.00447214 -0.0263843 -0.0204297 -0.0251006 -0.0147222 -0.0194421 0.0873577 0.0300187 0.0721014 -0.0204751 0.352267 0.0301397 0.394761 -0.0332548 -0.00941675 -0.0389296 0.373153 0.0155869 0.0644329 0.0445186 0.00629804 0.294575 -0.0194072 0.179438 0.00648657 0.0743058 0.194885
internal_weight=633.279 559.856 499.078 494.833 60.7774 45.1827 73.4228 32.3057 30.878 1.42771 3.70246 2.01942 1.68304 0.124257 1.84367 0.112314 41.1171 9.71937 4.45773 0.118116 5.26164 2.15304 2.07785 1.77126 0.14501 1.62625 0.217611 1.73136 0.788088 0.400506
internal_count=113554 64365 10486 10397 53879 28626 49189 21230 21015 215 1784 893 891 67 870 41 27959 5590 2661 64 2929 1099 1067 997 71 926 86 829 287 135
is_linear=0
shrinkage=0.05


Tree=106
num_leaves=31
num_cat=0
split_feature=10 10 3 3 1 0 10 0 2 3 7 2 2 3 2 10 10 10 0 2 7 1 0 7 1 0 0 7 10 2
split_gain=17.2262 19.5764 3.79748 7.06434 2.47173 2.57866 2.40178 5.35825 3.55215 2.74798 3.40802 2.61464 8.41833 5.09238 24.0815 4.29719 4.6884 7.23259 3.0098 2.55211 2.44327 2.52693 7.94311 17.2445 4.15433 14.3761 10.7279 8.88416 27.501 8.65619
threshold=1.0992168415445007 1.0988446461986625 7.7150000000000007 7.6250000000000009 34.345000000000006 35.780000000000008 1.1372067952310994 51.410000000000004 7.8500000000000005 6.8150000000000004 13.500000000000002 9.0500000000000025 8.9500000000000011 4.6200000000000001 12.550000000000002 1.1104837291589207 1.1035373032329427 1.1057353862768851 44.090000000000011 -3.0499999999999994 21.500000000000004 37.845000000000006 41.970000000000006 17.500000000000004 40.155000000000008 44.155000000000008 45.345000000000006 3.5000000000000004 1.1209757154881763 3.7500000000000004
decision_type=2 2 2 2 2 2 2 2 2 2 2 2 2 2 2 2 2 2 2 2 2 2 2 2 2 2 2 2 2 2
left_child=1 4 3 -3 -1 -6 7 8 20 -8 -11 12 15 -13 -15 16 -10 -18 -19 -9 21 -2 23 -23 25 -24 27 28 -27 -29
right_child=6 2 -4 -5 5 -7 9 19 11 10 -12 13 -14 14 -16 -17 17 18 -20 -21 -22 22 24 -25 -26 26 -28 29 -30 -31
leaf_value=-0.043348870022478017 -0.050070335726340447 0.0047432140108822109 0.052881206358808608 -0.070469411386904199 0.069080496507331487 -0.021460953604482403 -0.040234066206991485 -0.050185823093922478 -0.050326104868815828 -0.050167144657310661 0.011924737221336586 -0.050219513806490416 0.33196278199451079 -0.050116203106417213 1.4381160178250836 -0.050168616181016749 0.41585989322677031 -0.05014318499677245 0.21785161229386035 0.1091881544287386 -0.05007335394277497 -0.050071212537018676 -0.035259662414920005 1.2904855494510068 -0.029124022263467358 1.1072342000918558 0.80409533151629542 -0.0039960088876225871 -0.050089770282728097 0.24671009893158119
leaf_weight=14.930113983282352 4.2645111277233942 490.03135552216554 4.0495634078979483 3.1419998034834853 0.80088065390009333 43.46824650594499 30.155919937707949 0.31589581666048605 0.34344556980067842 3.3896204984048364 6.3495858365204185 1.5264503717189652 0.25473130028694857 0.14251273882109661 0.033588583231903613 0.94359536026604474 0.21419034618884325 0.25368794397218153 0.17847198178060353 1.2263558417325828 7.3390321661718181 0.067293620086274042 3.370137021993286 0.037279047770425677 9.5376657773740572 0.086391115328296908 0.058529446949250885 1.0842044316232202 0.12648315646219999 0.5045131102669983
leaf_count=25253 4048 10363 89 34 67 28559 22369 125 124 2036 3554 791 23 93 7 567 54 120 5 90 5700 48 2164 8 6335 33 29 621 76 169
internal_value=-0.00155033 0.00142393 0.00465999 0.00426404 -0.0257562 -0.019823 -0.0245984 -0.0143733 -0.0189908 -0.0327766 -0.00968564 0.0256191 0.0617749 -0.0208484 0.233741 0.0261767 0.0989584 0.178282 0.0605324 0.076544 -0.0255462 -0.0161401 -0.006411 0.427823 -0.00948584 0.0263255 0.137904 0.116261 0.419589 0.0756182
internal_weight=628.226 556.422 497.223 493.173 59.1992 44.2691 71.8041 31.909 30.3667 39.8951 9.73921 3.89067 2.18812 1.70255 0.176101 1.93339 0.989796 0.64635 0.43216 1.54225 26.476 19.137 14.8725 0.104573 14.7679 5.23026 1.86012 1.80159 0.212874 1.58872
internal_count=113554 64365 10486 10397 53879 28626 49189 21230 21015 27959 5590 1784 893 891 100 870 303 179 125 215 19231 13531 9483 56 9427 3092 928 899 109 790
is_linear=0
shrinkage=0.05


Tree=107
num_leaves=31
num_cat=0
split_feature=10 10 3 3 1 7 1 0 2 10 9 7 2 2 0 3 5 2 2 5 4 0 0 4 1 4 1 1 3 3
split_gain=16.1694 18.0768 3.63122 6.06993 2.44259 2.27883 4.9174 2.96707 2.59189 3.46574 3.59045 6.77751 2.35983 10.1992 2.27787 2.23237 4.68746 2.11188 2.11559 4.06898 5.16761 10.9644 4.04389 3.14672 2.56377 2.38127 4.48978 12.5673 2.25968 5.46157
threshold=1.0992168415445007 1.0988446461986625 7.7150000000000007 7.6250000000000009 34.345000000000006 21.500000000000004 45.720000000000006 52.030000000000008 7.8500000000000005 1.1104837291589207 1.0000000180025095e-35 11.500000000000002 12.65 12.750000000000002 35.780000000000008 7.7150000000000007 5.5000000000000009 11.950000000000001 8.2500000000000018 2.5000000000000004 12.500000000000002 39.030000000000008 32.280000000000008 13.500000000000002 33.030000000000008 16.500000000000004 33.655000000000008 32.910000000000004 2.0000000000000022 2.1850000000000009
decision_type=2 2 2 2 2 2 2 2 2 2 2 2 2 2 2 2 2 2 2 2 2 2 2 2 2 2 2 2 2 2
left_child=1 4 3 17 -1 8 12 -8 -2 10 -10 -12 15 -14 -6 -7 -17 18 22 20 24 23 -3 -22 -20 -25 27 -27 -24 -30
right_child=5 2 -4 -5 14 6 7 -9 9 -11 11 -13 13 -15 -16 16 -18 -19 19 -21 21 -23 28 25 -26 26 -28 -29 29 -31
leaf_value=-0.043050737208492895 -0.021771997823906979 -0.056448751342267692 0.052735109116006318 -0.063368987133012519 0.061988121876990515 -0.047485725082232678 0.17061306309367921 -0.050408968323626652 -0.050177175773792215 -0.013978574215019444 0.06070697423540268 0.36119162498283841 0.59258001459885645 -0.050367325774547327 -0.020838059192769862 -0.050147751101805131 0.30987278848986205 -0.02032794943182633 -0.027221684448237495 0.030925639904616678 -0.047752441171725765 -0.1409059539967141 -0.0067346242238340197 0.02766976454389973 0.052870012270170109 0.02678888342287522 0.031471752075723052 -0.20764766348763813 0.045869197305068186 0.0045972753806948208
leaf_weight=14.297862242441623 45.54844697623048 2.7590940316440529 3.8624660652130833 3.3145845383405677 0.84662284620571782 19.084707019384961 0.442387186572886 0.23120013438165188 0.38172363105695595 2.7176965712569654 0.83422974252607651 0.24212212802376598 0.077493702759965255 0.30229898955440149 42.552876744128298 0.26824565103743125 0.13637660152744502 8.4022861323319358 1.2252228991128529 21.597311504767276 2.9164410261437324 1.5457250326871861 42.0602025987464 7.4587472192943078 5.415895480196923 1.446334535488859 2.3471271060407162 0.94525986909866322 8.1876473854063061 381.96992118825438
leaf_count=25253 32211 1067 89 34 67 14663 23 69 174 1599 125 50 6 120 28559 139 10 100 22 432 39 28 1049 108 98 41 42 12 214 7111
internal_value=-0.00151017 0.00135982 0.00444433 0.0040649 -0.0251272 -0.0241031 -0.0381121 0.0947501 -0.0183156 0.0193863 0.0815748 0.1283 -0.0426163 0.080821 -0.0192223 -0.0450217 0.071196 0.00452267 0.00495779 0.0152911 0.000799607 -0.0140672 0.00389118 -0.00109518 0.0380939 0.0100607 -0.0176561 -0.0658704 0.00427637 0.00546339
internal_weight=623.419 553.152 495.454 491.592 57.6974 70.2669 20.5427 0.673587 49.7242 4.17577 1.45808 1.07635 19.8691 0.379793 43.3995 19.4893 0.404622 488.277 479.875 44.8981 23.3008 16.6596 434.977 15.1139 6.64112 12.1975 4.73872 2.39159 432.218 390.158
internal_count=113554 64365 10486 10397 53879 49189 15030 92 34159 1948 349 175 14938 126 28626 14812 149 10363 10263 822 390 270 9441 242 120 203 95 53 8374 7325
is_linear=0
shrinkage=0.05


Tree=108
num_leaves=31
num_cat=0
split_feature=10 10 3 3 1 7 1 2 10 2 10 7 0 2 2 3 5 2 2 3 5 0 1 4 7 10 3 1 0 4
split_gain=15.0198 16.6935 3.47024 5.24906 2.41012 2.24864 4.40053 2.36386 2.84744 3.13898 3.30841 2.7147 2.24419 2.08199 5.1928 2.05359 2.76034 4.03323 4.28412 2.04888 3.28464 2.01229 6.01642 19.4614 15.0114 2.28646 2.99436 2.83275 11.1609 9.17877
threshold=1.0992168415445007 1.0988446461986625 7.7150000000000007 7.6250000000000009 34.345000000000006 21.500000000000004 45.720000000000006 7.8500000000000005 1.1104837291589207 9.0500000000000025 1.102904872918937 11.500000000000002 52.030000000000008 12.65 12.750000000000002 1.3750000000000002 3.5000000000000004 6.3500000000000005 6.9500000000000011 7.7150000000000007 5.5000000000000009 41.030000000000008 35.780000000000008 18.500000000000004 20.500000000000004 1.1372067952310994 6.3099999999999978 40.155000000000008 44.155000000000008 20.500000000000004
decision_type=2 2 2 2 2 2 2 2 2 2 2 2 2 2 2 2 2 2 2 2 2 2 2 2 2 2 2 2 2 2
left_child=1 4 3 -3 -1 7 13 21 9 10 -9 -12 -8 19 -15 16 -6 -18 -19 -7 -21 -2 23 24 -23 26 27 28 -24 -30
right_child=5 2 -4 -5 15 6 12 8 -10 -11 11 -13 -14 14 -16 -17 17 18 -20 20 -22 22 25 -25 -26 -27 -28 -29 29 -31
leaf_value=-0.042741749547409093 -0.050115996329306148 0.0043212598476232459 0.052596696143925238 -0.057350463009065392 -0.050703105980197852 -0.047354038458619754 0.14082249083387011 -0.050445464839804471 -0.013466424573918424 -0.050331175980840748 0.096292228159096077 0.27883351844405885 -0.050389064099112535 0.33067536942700504 -0.05034958833978817 -0.020856272823127443 -0.052162885757094851 0.22556751086959836 -0.050215861867131756 -0.050140551207300633 0.23294970374804677 -0.050070666484310002 -0.027801489205257171 1.2288689961825074 0.81593752230745364 -0.029973575242210629 0.18590109138023045 -0.024813261580933891 0.091732856446379255 0.68087454638881506
leaf_weight=13.696416019520255 5.2836443362757555 486.17382684355834 3.6835158709436646 3.4748988449573508 0.59838081611087446 18.203163999249238 0.50724431779235502 0.24672354268841334 2.6809574432554655 0.39675804262515146 0.62765223649330437 0.3015211665770039 0.22000905557069927 0.12975593795999785 0.287654438696336 40.889026494522113 0.36549441330134846 0.52668069605715573 0.19221270212437958 0.25519887113477935 0.17120761435944587 0.38029104180168261 4.473019758530433 0.039044981473125517 0.057622275431640446 22.099237218033522 0.20194208691827853 9.8631684429710713 2.1114420359372166 0.068249752279370912
leaf_count=25253 5870 10363 89 34 154 14663 23 64 1599 158 80 47 69 6 120 28303 62 23 84 139 10 288 3069 4 12 15522 12 6506 917 11
internal_value=-0.00144918 0.00130437 0.00424731 0.00388359 -0.024498 -0.0235079 -0.0377328 -0.0177475 0.0178657 0.0712787 0.112311 0.155528 0.0829771 -0.0423418 0.0680956 -0.0186285 0.0355039 0.0830742 0.15183 -0.0448162 0.0635238 -0.0211457 -0.0172503 0.159251 0.0638819 -0.019419 -0.0054669 -0.00780678 0.0174067 0.11018
internal_weight=618.206 549.6 493.332 489.649 56.2682 68.6055 19.7742 48.8313 4.25361 1.57265 1.1759 0.929173 0.727253 19.047 0.41741 42.5718 1.68277 1.08439 0.718893 18.6296 0.426406 44.5777 39.294 0.476958 0.437913 38.8171 16.7178 16.5159 6.65271 2.17969
internal_count=113554 64365 10486 10397 53879 49189 15030 34159 1948 349 191 127 92 14938 126 28626 323 169 107 14812 149 32211 26341 304 300 26037 10515 10503 3997 928
is_linear=0
shrinkage=0.05


Tree=109
num_leaves=31
num_cat=0
split_feature=10 10 3 3 1 7 1 2 10 2 10 10 2 4 6 10 2 0 1 1 2 10 1 1 5 0 2 6 10 1
split_gain=14.0083 15.4142 3.3171 4.5609 2.37035 2.19599 3.98391 2.17161 2.39359 2.53287 2.49572 1.99101 2.3437 20.2292 59.9156 2.31639 3.20881 1.97656 4.25443 6.45141 3.7099 2.16513 2.50224 4.31277 19.0144 4.25858 31.5194 3.46797 7.09358 14.2438
threshold=1.0992168415445007 1.0988446461986625 7.7150000000000007 7.6250000000000009 34.345000000000006 21.500000000000004 45.720000000000006 7.8500000000000005 1.1104837291589207 9.0500000000000025 1.102904872918937 1.0782158668484862 9.7500000000000018 16.500000000000004 1.5000000000000002 1.077034754593418 -4.0499999999999989 41.030000000000008 35.780000000000008 35.590000000000011 4.7500000000000009 1.1372067952310994 42.155000000000008 42.220000000000006 1.0000000180025095e-35 48.720000000000006 3.4500000000000006 1.5000000000000002 1.1658864929566113 44.345000000000006
decision_type=2 2 2 2 2 2 2 2 2 2 2 2 2 2 2 2 2 2 2 2 2 2 2 2 2 2 2 2 2 2
left_child=1 4 3 -3 -1 7 -7 17 9 10 -9 12 15 -14 -15 -6 -17 -2 19 -19 -21 -20 -23 24 -24 26 -25 -27 -29 -30
right_child=5 2 -4 -5 11 6 -8 8 -10 -11 -12 -13 13 14 -16 16 -18 18 21 20 -22 22 23 25 -26 27 -28 28 29 -31
leaf_value=-0.042421690721698185 -0.050110517181221462 0.0041189913312650829 0.052465536306374475 -0.052182138266052072 -0.017085414993213196 -0.042062881596262772 0.073657335413750205 -0.050423817227563221 -0.012966443494113276 -0.05031520993876696 0.12986653656633845 -0.036411374989704752 -0.05007641327422109 2.0754194028208048 -0.050082510721412093 0.25587371514637686 0.021056966362571563 -0.050078580601854272 -0.0053206803272993434 0.37259265728766811 -0.050075277215518757 -0.042620965018505069 1.1914286080184489 -0.050066574064972752 -0.050064993376648506 -0.040783576565734343 1.8038015583394729 -0.0034886485991168685 0.11813696708619562 1.0800228545405146
leaf_weight=13.124277416005496 5.0264936514431602 484.58726565516554 3.5124068707227698 3.6240328997373572 28.477948318759452 18.25069987267489 0.77535407547838886 0.23478891118429501 2.6460263675544411 0.37752466520760197 1.0520612519467247 10.918564075022003 0.66110443079378356 0.047048044856637716 0.11228442506399006 0.16252685175277304 1.3877275001141229 0.29578072647564013 16.638164250121918 0.23397468088660389 0.066720911534503102 13.378543157014066 0.04025214887223949 0.15306490997318167 0.13191522529814392 5.335659675009083 0.026967119658365846 2.0457352353259926 0.29716211068443943 0.044213752262294292
leaf_count=25253 5870 10363 89 34 18928 14938 92 64 1599 158 127 8533 475 35 79 13 563 215 10515 38 51 10590 9 122 104 3347 8 1172 165 5
internal_value=-0.00140173 0.00124408 0.00404939 0.00370106 -0.0238862 -0.0229709 -0.037347 -0.0172755 0.016584 0.0635634 0.0969721 -0.0180619 -0.0115673 0.0718095 0.57754 -0.0138453 0.0456749 -0.0206142 -0.0167819 0.115719 0.278807 -0.0188568 -0.0293546 -0.00737505 0.240192 -0.0127685 0.227626 -0.0183725 0.0317207 0.242717
internal_weight=613.666 546.615 491.724 488.211 54.8915 67.0511 19.0261 48.025 4.3104 1.66437 1.28685 41.7672 30.8486 0.820437 0.159332 30.0282 1.55025 43.7146 38.6882 0.596476 0.300696 38.0917 21.4535 8.07497 0.172167 7.9028 0.180032 7.72277 2.38711 0.341376
internal_count=113554 64365 10486 10397 53879 49189 15030 34159 1948 349 191 28626 20093 589 114 19504 576 32211 26341 304 89 26037 15522 4932 113 4819 130 4689 1342 170
is_linear=0
shrinkage=0.05


Tree=110
num_leaves=31
num_cat=0
split_feature=10 10 0 0 2 2 2 0 7 7 3 10 4 2 1 4 4 1 2 3 0 2 1 1 7 2 2 0 10 2
split_gain=15.7745 13.1023 2.82509 3.13441 2.63303 3.8664 2.70232 3.06485 2.51025 2.55069 2.88368 22.4017 4.23369 22.2896 28.1785 3.00284 6.63229 10.9459 24.4025 3.81634 3.67319 2.73237 3.84522 23.344 24.9961 90.8844 4.48018 24.1175 2.49946 23.5086
threshold=1.0988446461986625 1.0999733464112851 51.030000000000008 52.345000000000006 11.950000000000001 10.750000000000002 12.850000000000003 34.780000000000008 21.500000000000004 15.500000000000002 6.6800000000000024 1.1543236143945366 16.500000000000004 -0.14999999999999999 42.030000000000008 9.5000000000000018 11.500000000000002 38.470000000000006 4.8500000000000005 3.8099999999999974 43.780000000000008 1.6500000000000001 39.220000000000006 39.280000000000008 7.5000000000000009 2.8500000000000001 1.7500000000000002 45.155000000000008 1.104295758245865 2.5500000000000003
decision_type=2 2 2 2 2 2 2 2 2 2 2 2 2 2 2 2 2 2 2 2 2 2 2 2 2 2 2 2 2 2
left_child=-1 4 8 -4 5 -2 -6 -8 9 21 15 -12 -13 -14 -15 -11 17 18 -17 -20 -21 -3 28 24 -24 -26 27 -25 29 -23
right_child=1 2 3 -5 6 -7 7 -9 -10 10 11 12 13 14 -16 16 -18 -19 19 20 -22 22 23 26 25 -27 -28 -29 -30 -31
leaf_value=-0.027816912634627135 0.0033920735722037763 -0.045605695742894817 0.026493464378321382 -0.050088988307003257 -0.068856744663154321 0.046020443987758897 -0.026879484099628884 0.054102130381443826 -0.040999475766485306 -0.050065410306209673 1.2412700802741341 -0.0016880094438451489 -0.050087578049139249 -0.05006219594085283 1.4285713084575697 0.99192763233241588 -0.018262425798387674 -0.0044039908848589908 0.38565466977089141 -0.050305078559442509 0.24964094009124291 1.2612956991020816 -0.050070081391151024 1.4713188549646758 -0.050067372740460296 3.5485810198214782 -0.0043474956697265379 -0.050061595355121648 -0.039550808627414669 -0.0046822884648799225
leaf_weight=53.487449195497902 480.12155373330461 11.204604824248237 5.6797310260590157 1.74707567616133 2.4169622398912889 5.3788303057663134 4.6535861119627953 1.5600296109914777 16.155694176210091 3.4526379856397389 0.038719748030416112 2.0369288144283932 0.3335668365471065 0.061586227035149821 0.067574583343230188 0.095718597876837452 6.2709904709481634 1.09429575613467 0.1134192927274853 0.27687739499378949 0.16166839061770588 0.038128473795949414 0.067141054547390833 0.032863787026144453 0.04759632667992264 0.027788077364675701 5.3434740761877038 0.12562722736038268 9.3439161636633781 0.95884236326673999
leaf_count=53943 10755 9941 1878 1213 36 90 44 24 14230 3277 32 1165 248 51 23 21 4573 797 9 170 14 35 49 20 36 18 3032 104 7281 500
internal_value=-0.00187657 0.000605925 -0.020538 0.00847827 0.00337772 0.00386435 -0.0239971 -0.00654773 -0.0242956 -0.0177446 -0.000408132 0.0478131 0.0293265 0.165852 0.723532 -0.0110839 0.00571256 0.0920206 0.254935 0.12713 0.060269 -0.0266736 -0.0134036 0.0197886 0.651557 1.27646 0.00342301 0.265403 -0.0315213 0.0437342
internal_weight=612.395 558.907 64.7765 7.42681 494.131 485.5 8.63058 6.21362 57.3497 41.194 14.004 2.53838 2.49966 0.462728 0.129161 11.4656 8.01297 1.74198 0.647684 0.551965 0.438546 27.19 15.9854 5.64449 0.142525 0.0753844 5.50197 0.158491 10.3409 0.996971
internal_count=113609 59666 48717 3091 10949 10845 104 68 45626 31396 10380 1519 1487 322 74 8861 5584 1011 214 193 184 21016 11075 3259 103 54 3156 124 7816 535
is_linear=0
shrinkage=0.05


Tree=111
num_leaves=31
num_cat=0
split_feature=10 10 0 0 7 7 7 4 4 5 1 3 3 3 3 6 4 3 6 3 3 4 0 5 1 0 10 0 5 4
split_gain=14.563 12.829 2.74338 2.88056 2.28498 2.46577 2.24938 2.24843 5.29063 18.6656 20.9167 5.2434 18.3842 2.13252 3.17014 5.30379 2.86951 15.1483 5.23192 6.18851 12.6507 19.7731 3.35142 2.50301 4.5959 16.6488 9.72949 13.1549 5.48151 6.80713
threshold=1.0988446461986625 1.0999733464112851 51.030000000000008 52.345000000000006 21.500000000000004 15.500000000000002 30.500000000000004 18.500000000000004 17.500000000000004 5.5000000000000009 42.090000000000011 4.8700000000000001 4.7500000000000027 4.6850000000000014 4.6799999999999988 1.5000000000000002 17.500000000000004 7.1900000000000004 11.500000000000002 5.7500000000000027 5.3799999999999981 18.500000000000004 41.155000000000008 2.5000000000000004 38.590000000000011 42.780000000000008 1.1166787749628733 43.910000000000004 1.5000000000000002 10.500000000000002
decision_type=2 2 2 2 2 2 2 2 2 2 2 2 2 2 2 2 2 2 2 2 2 2 2 2 2 2 2 2 2 2
left_child=-1 6 4 -4 5 13 -2 8 -7 11 -11 12 -10 14 23 -16 -15 18 -18 20 -20 -22 -23 24 -3 -26 28 -28 -27 -30
right_child=1 2 3 -5 -6 7 -8 -9 9 10 -12 -13 -14 16 15 -17 17 -19 19 -21 21 22 -24 -25 25 26 27 -29 29 -31
leaf_value=-0.027184200463777775 0.0028037089053374918 -0.026062443985801188 0.02455141701170838 -0.050084653184775375 -0.040606090572971092 -0.0020699439037037705 0.030723079651463793 -0.050168958531131506 -0.050097588775675765 1.1711005347500141 -0.050174095218793714 -0.050270038220772507 1.203466930911165 -0.046721003290938368 0.45069019111898057 -0.050153355514548331 -0.050377825441737578 0.7966910739016001 -0.050075606163608954 -0.050085633157774034 1.0066837147411349 0.32460580088002261 -0.050102149820688613 -0.033321672426464423 1.0179369017363129 -0.050252636436018398 -0.050060322236916525 1.2680820735781098 0.33497486034941082 -0.05009869781408275
leaf_weight=52.033125011337688 485.54210410668747 2.0787443902809177 5.8188166668405747 1.6620099878055041 15.512931168108478 11.296328561467814 7.3230569569859645 2.0086134979501358 0.10989731131121594 0.081844549509696662 0.061332231387495995 0.54887295328080654 0.039854500093497336 14.575970067817254 0.099270770268049868 0.11306280671851709 2.5673020031535998 0.059046886744908877 0.30783114064251982 0.52498097741045058 0.094513946445658803 0.13036152312997729 0.1100495969876647 5.2585156034620013 0.046812593820504733 0.82923210487933807 0.037801829865202197 0.037909876904450357 0.25880260224221274 0.20621243014466017
leaf_count=53943 10781 1878 1878 1213 14230 8291 168 1571 75 37 27 370 9 11802 19 68 1913 38 263 424 31 3 80 3744 23 472 32 9 78 139
internal_value=-0.00188694 0.000474798 -0.0204985 0.00796957 -0.024235 -0.0181129 0.00321854 -0.00116746 0.00694129 0.127865 0.647947 0.0212791 0.283522 -0.0268822 -0.00689318 0.184002 -0.0366388 0.00209437 -0.0104673 0.077277 0.181302 0.393963 0.153081 -0.0115235 0.0212689 0.0907154 0.0590315 0.609951 0.0268035 0.164213
internal_weight=609.375 557.342 64.4769 7.48083 56.9961 41.4832 492.865 14.1467 12.1381 0.841802 0.143177 0.698625 0.149752 27.3364 8.96637 0.212334 18.3701 3.79409 3.73504 1.16774 0.642756 0.334925 0.240411 8.75403 3.49552 1.41677 1.36996 0.0757117 1.29425 0.465015
internal_count=113609 59666 48717 3091 45626 31396 10949 10380 8809 518 64 454 84 21016 6462 87 14554 2752 2714 801 377 114 83 6375 2631 753 730 41 689 217
is_linear=0
shrinkage=0.05


Tree=112
num_leaves=31
num_cat=0
split_feature=10 10 0 0 2 2 2 0 7 7 2 2 5 0 1 4 2 1 2 10 7 2 2 1 0 7 7 7 6 1
split_gain=13.5041 12.0348 2.59771 2.65358 2.34077 3.66481 2.24843 2.19625 2.1901 2.31197 2.37285 3.01094 7.6791 14.3658 4.25833 4.67664 4.453 7.09607 2.86014 11.5368 2.33959 2.73995 6.44238 2.09924 2.51813 2.09425 2.12644 5.57806 9.53983 4.86122
threshold=1.0988446461986625 1.0999733464112851 51.030000000000008 52.345000000000006 11.950000000000001 10.750000000000002 12.850000000000003 30.970000000000002 21.500000000000004 15.500000000000002 1.6500000000000001 2.3500000000000001 1.0000000180025095e-35 42.655000000000008 39.530000000000008 11.500000000000002 2.2500000000000004 39.590000000000011 1.7500000000000002 1.1111232890057969 5.5000000000000009 8.9500000000000011 9.0500000000000025 39.720000000000006 44.655000000000008 30.500000000000004 7.5000000000000009 13.500000000000002 6.5000000000000009 44.970000000000006
decision_type=2 2 2 2 2 2 2 2 2 2 2 2 2 2 2 2 2 2 2 2 2 2 2 2 2 2 2 2 2 2
left_child=-1 4 8 -4 5 7 -6 -2 9 10 -3 12 13 -12 -15 -16 17 -17 19 -14 21 23 -23 -13 -25 26 -9 28 29 -28
right_child=1 2 3 -5 6 -7 -8 25 -10 -11 11 20 18 14 15 16 -18 -19 -20 -21 -22 22 -24 24 -26 -27 27 -29 -30 -31
leaf_value=-0.026548933813859001 -0.046343995459660461 -0.045232249774162979 0.022793801885601265 -0.050080529469987235 -0.062098160632754189 0.045411485421123721 -0.0063308651960098192 0.0091792604316127662 -0.040200851684700667 -0.0015406048192427146 1.0387333810861807 -0.034627021409967589 0.7018519362215484 -0.050091939501457378 -0.050108849603197073 0.57524670394533972 0.69339091564729149 -0.050113670694905146 -0.050080070567967594 -0.050156938518627528 -0.039089545089994585 0.27326210095367592 -0.050381327041764047 0.12262607153627897 -0.0073036810678378293 0.030223809939574312 0.014548607965341326 0.0051233804335312294 -0.021390189583002914 -0.034844578087783504
leaf_weight=50.649839148187311 2.2374532044050275 10.347005971154433 5.9505909197032443 1.5810796999139709 2.5480115595273656 5.1675184890627852 6.2185218669474125 104.70967966364697 14.901387456047813 14.239360995881723 0.045914547401483374 3.0959648563875808 0.066411682404577621 0.22544369066599756 0.10685136646497995 0.079424687544815242 0.067139963386580348 0.10577425127848983 1.3143668034463187 0.21978704771026969 8.7853439519240037 0.29031021834816773 0.32691347732907161 0.54903360595926631 1.1624499876052139 7.1196990017779163 41.172161364462227 255.45174998790026 61.375248878961429 5.667051668977364
leaf_count=53943 921 9941 1878 1213 36 90 68 2239 14230 10380 34 2256 12 170 73 4 16 68 1058 142 6337 16 131 65 693 151 905 5475 958 106
internal_value=-0.00183437 0.000420585 -0.020071 0.00749572 0.00306549 0.00353032 -0.0225397 0.0030773 -0.0237833 -0.0178204 -0.026474 -0.0146688 0.039331 0.18712 0.120238 0.227145 0.344546 0.218079 -0.018891 0.124345 -0.0231473 0.00267151 0.101844 -0.0100611 0.034377 0.00330986 0.00290074 0.00109298 -0.00842121 0.00857255
internal_weight=605.777 555.128 63.4606 7.53167 491.667 482.901 8.76653 477.733 55.9289 41.0275 26.7881 16.4411 2.23111 0.630549 0.584634 0.35919 0.252339 0.185199 1.60057 0.286199 14.21 5.42467 0.617224 4.80745 1.71148 475.496 468.376 363.666 108.214 46.8392
internal_count=113609 59666 48717 3091 10949 10845 104 10755 45626 31396 21016 11075 1577 365 331 161 88 72 1212 154 9498 3161 147 3014 758 9834 9683 7444 1969 1011
is_linear=0
shrinkage=0.05


Tree=113
num_leaves=31
num_cat=0
split_feature=0 2 2 4 0 2 7 2 2 0 2 7 5 6 1 2 1 3 0 0 3 3 4 2 0 4 2 2 2 0
split_gain=2.86056 4.38125 3.32392 3.9904 4.34121 2.71805 2.26701 5.14003 9.07272 6.63818 5.04988 4.92596 8.28514 4.84356 6.84541 5.01068 7.70942 6.99402 9.44858 7.61229 5.25783 7.00687 6.85198 4.84857 7.36755 4.69029 4.19608 5.01149 4.04877 4.04482
threshold=32.280000000000008 8.9500000000000011 14.65 13.500000000000002 32.090000000000011 13.750000000000002 8.5000000000000018 4.2500000000000009 4.0500000000000007 43.530000000000008 4.5500000000000007 13.500000000000002 5.5000000000000009 6.5000000000000009 45.090000000000011 2.3500000000000001 40.155000000000008 6.0000000000000027 43.220000000000006 41.410000000000004 3.0649999999999999 3.3799999999999977 12.500000000000002 2.4500000000000006 43.970000000000006 9.5000000000000018 12.350000000000003 12.750000000000002 2.1500000000000008 38.655000000000008
decision_type=2 2 2 2 2 2 2 2 2 2 2 2 2 2 2 2 2 2 2 2 2 2 2 2 2 2 2 2 2 2
left_child=1 -1 3 4 5 -3 7 8 9 -2 -9 12 13 14 -8 16 -15 19 -19 -17 28 22 25 -20 -25 -22 29 -28 -18 -12
right_child=6 2 -4 -5 -6 -7 11 10 -10 -11 26 -13 -14 15 -16 17 20 18 23 -21 21 -23 -24 24 -26 -27 27 -29 -30 -31
leaf_value=-0.050158102617867843 -0.025848160010679657 0.035366873549575371 -0.19066146044510743 0.041180825516762505 -0.35207914850217525 -0.18527323599542367 0.0039103320105242879 0.071943375567348158 -0.095486354709904464 0.0074911393562244509 0.023225100636356775 -2.7274650760452453e-05 0.021325470526743343 0.0224069683971009 -0.059937656393572819 -0.046985865481037711 0.039845745600845653 0.047427833869614272 -0.34124752987060697 0.030844183065135151 -0.12480748312393986 -0.035303779786540174 0.027699315334291465 -0.31896971348946562 -0.06159117725036492 -0.39656113017888084 -0.23530647329458662 -0.024045968714116104 -0.18431697027949681 -0.0010730286982924303
leaf_weight=7.3164940011629351 20.707576217188034 0.46157391188899044 0.19527407601708535 3.8025771354732569 0.12552501127356663 0.20008905290160328 33.321022835822077 3.5041748427611301 2.6779930351185603 53.518213086703327 38.497771489666775 328.19169771744055 15.730650894343851 10.088561275886606 4.8031589565216555 20.596242481900852 3.1318199337692962 0.5806828824570397 0.38881956139812235 3.7071446650079443 0.30061424896120925 15.011219417152459 0.28195548721123487 0.4002959042554719 0.91044733516173437 0.33651844842825085 0.34813832293730129 1.4495373268728142 0.21528243564534921 30.85452443221584
leaf_count=12495 6140 129 8 541 17 9 5862 510 376 8576 5470 58957 2541 2119 647 1556 358 52 41 664 33 1347 49 17 69 13 37 147 13 4816
internal_value=-0.00176446 -0.0258282 0.0113731 0.0199687 -0.082498 -0.0313554 -0.00127051 0.00400033 -0.00507195 -0.00180989 0.013346 -0.00309436 -0.0122615 -0.0178778 -0.0041337 -0.027243 -0.0130065 -0.0429697 -0.126697 -0.035114 -0.0315396 -0.043509 -0.177523 -0.18619 -0.140194 -0.268341 0.01046 -0.0649587 0.0254278 0.012415
internal_weight=601.656 12.1015 4.78504 4.58977 0.787188 0.661663 589.554 151.558 76.9038 74.2258 74.6541 437.996 109.804 94.0738 38.1242 55.9496 29.366 26.5836 2.28025 24.3034 19.2774 15.9303 0.919088 1.69956 1.31074 0.637133 71.15 1.79768 3.3471 69.3523
internal_count=113609 13199 704 696 155 138 100410 26072 15092 14716 10980 74338 15381 12840 6509 6331 3932 2399 179 2220 1813 1442 95 127 86 46 10470 184 371 10286
is_linear=0
shrinkage=0.05


Tree=114
num_leaves=31
num_cat=0
split_feature=10 10 0 0 7 7 2 2 5 10 2 2 0 7 2 2 4 4 10 7 0 7 2 2 7 1 2 2 2 9
split_gain=12.5206 11.2894 2.45612 2.43215 2.11422 2.23406 2.28178 2.5074 5.03611 5.24952 6.68445 2.29331 5.79273 2.19641 2.35646 4.95935 2.09048 3.34922 7.15519 15.6409 6.09831 5.38402 2.02997 3.81807 1.93381 1.92052 2.15782 1.91237 1.89281 3.7061
threshold=1.0988446461986625 1.0999733464112851 51.030000000000008 52.345000000000006 21.500000000000004 15.500000000000002 1.6500000000000001 2.3500000000000001 1.0000000180025095e-35 1.1347213212812697 2.2500000000000004 1.7500000000000002 44.590000000000011 5.5000000000000009 8.9500000000000011 9.0500000000000025 18.500000000000004 17.500000000000004 1.1602762994403637 16.500000000000004 44.280000000000008 17.500000000000004 12.65 12.750000000000002 30.500000000000004 39.720000000000006 3.6500000000000008 -2.7499999999999996 3.7500000000000004 1.0000000180025095e-35
decision_type=2 2 2 2 2 2 2 2 2 2 2 2 2 2 2 2 2 2 2 2 2 2 2 2 2 2 2 2 2 2
left_child=-1 24 4 -4 5 6 -3 8 9 10 -8 12 -10 14 25 -16 17 -7 20 -20 21 -19 -6 -24 -2 -9 -27 -26 29 -28
right_child=1 2 3 -5 22 16 7 13 11 -11 -12 -13 -14 -15 15 -17 -18 18 19 -21 -22 -23 23 -25 27 26 28 -29 -30 -31
leaf_value=-0.025841382291397375 0.0026546756766676529 -0.045010593983625433 0.021170288008596959 -0.050076191103338108 -0.043009975277187307 -0.0018889094398368495 0.091002441561196176 -0.034200469572294563 0.38742721107764472 -0.050080493986582764 0.45559649137287483 -0.050076740718464477 -0.050207932344996264 -0.038634425586227976 0.228159822196356 -0.050357471293019519 -0.050160659662277535 0.3418542148212983 1.3092813571791142 -0.05005443893492878 -0.050193040556986257 -0.05043781160557699 0.26384393457928135 -0.050289538092704672 -0.023566087907318838 -0.050151147174078849 0.40085151586941542 0.042179308947937526 0.042182216502535029 -0.050109279016341601
leaf_weight=49.187595271505415 483.12169200123753 9.8984394210565387 6.0760773372603571 1.491983951302245 13.903036071511448 11.254924212407783 0.34753138734959366 3.006166858249343 0.11372100276639674 0.26034146116580814 0.19696400442626327 1.2534976375463882 0.22564607468666509 8.4590199041704164 0.32760962587781239 0.31209024362033233 1.9077140931622114 0.25287435064092345 0.03675548592582345 0.049878440448082983 0.5800287420861423 0.13371165783610195 0.15671499026939351 0.25270574947353452 1.3787218048237262 0.55319669703021634 0.11047724355012167 5.592961734510026 1.0163678143289869 0.077533430070616305
leaf_count=53943 10781 9941 1878 1213 14094 8291 122 2256 24 206 37 1058 130 6337 16 131 1571 31 5 46 364 72 7 129 30 353 25 138 334 46
internal_value=-0.00166838 0.000484274 -0.0195721 0.0071246 -0.0232666 -0.0174132 -0.0260837 -0.0145619 0.032649 0.134592 0.22289 -0.0188602 0.0964424 -0.0227277 0.00217417 0.0922796 -0.00145868 0.00608992 0.091351 0.52666 0.0523359 0.206169 -0.0397786 0.0699521 0.00303197 -0.00992566 0.0315941 0.0291775 0.0691414 0.21488
internal_weight=601.536 552.348 62.255 7.56806 54.6869 40.3745 26.1586 16.2602 2.3977 0.804837 0.544495 1.59286 0.339367 13.8625 5.40344 0.6397 14.2159 12.3082 1.05325 0.0866339 0.966615 0.386586 14.3125 0.409421 490.093 4.76374 1.75758 6.97168 1.20438 0.188011
internal_count=113609 59666 48717 3091 45626 31396 21016 11075 1577 365 159 1212 154 9498 3161 147 10380 8809 518 51 467 103 14230 136 10949 3014 758 168 405 71
is_linear=0
shrinkage=0.05


Tree=115
num_leaves=31
num_cat=0
split_feature=10 10 0 1 3 7 2 2 2 7 0 2 0 0 0 1 1 2 0 0 3 3 0 1 2 2 7 0 3 3
split_gain=13.3595 12.699 4.28491 4.24551 26.8478 3.1548 2.8553 4.25313 2.80553 2.74776 8.08503 8.50252 3.99348 11.1227 3.03941 2.73724 7.6579 2.40499 8.31497 4.49003 8.65816 2.73723 4.99079 8.05263 9.49107 7.52744 11.6002 5.06322 3.27895 4.1206
threshold=1.0992168415445007 1.0991991879725476 50.030000000000008 42.910000000000004 7.3150000000000004 21.500000000000004 3.4500000000000006 4.0500000000000007 7.8500000000000005 15.500000000000002 44.280000000000008 3.8500000000000001 44.845000000000006 45.090000000000011 43.155000000000008 42.410000000000004 42.470000000000006 1.8500000000000003 40.530000000000008 45.280000000000008 6.8150000000000004 2.8800000000000012 45.720000000000006 40.655000000000008 0.65000000000000002 1.1500000000000001 11.500000000000002 45.155000000000008 3.6800000000000019 4.9999999999999991
decision_type=2 2 2 2 2 2 2 2 2 2 2 2 2 2 2 2 2 2 2 2 2 2 2 2 2 2 2 2 2 2
left_child=1 -1 5 4 -4 6 -2 9 -9 12 11 14 -8 -14 -11 -15 -17 18 -3 -19 -21 -20 23 28 -25 26 -26 -27 -23 -30
right_child=2 17 3 -5 -6 -7 7 8 -10 10 -12 -13 13 15 -16 16 -18 19 21 20 -22 22 -24 24 25 27 -28 -29 29 -31
leaf_value=-0.022092732187785007 -0.032713627579494621 -0.047230655530392358 1.6051035363460611 0.0029591652361589567 -0.050096098816450566 -0.050086266268990244 -0.050653235040641814 -0.03360908866091121 0.016028495096438149 0.19308651738955163 -0.050203841670091336 0.51086492467615663 0.73312743418853943 -0.050164157055509341 -0.051030124968374981 0.5606101087047457 -0.05020929905124201 0.005455405047029638 0.019791804193034501 0.034398091755458902 -0.097000305503148615 -0.06012720622453957 0.0049891573301218094 0.0068302408298693057 -0.045984096454541531 0.029061159206743931 -0.2165182872321875 -0.066581155340735707 0.038921638902219419 -0.0079310789019833156
leaf_weight=49.62886257446371 22.84365177914151 8.8107013553380948 0.030206982686649009 10.042477905226404 0.1296496216673404 12.685975192172917 1.0899879306089162 8.7966393930546456 4.2085694835986933 0.40130588383180998 0.50911511445883662 0.17690482831676491 0.063827519014011957 0.34856229578144848 0.18688673025462776 0.081267214613035321 0.13921146898064762 258.69359170040116 20.332485353108495 23.973236311227087 1.3228546325117339 1.7770704636350299 131.9938797429204 6.376862674951556 2.171174777671693 1.9956072494387624 1.8442311808466909 4.5134904971346259 7.8213095988612649 11.731948026688768
leaf_count=54108 20513 1451 16 5210 87 13254 817 6513 1902 80 322 48 33 237 67 2 62 5277 312 440 21 35 2212 100 23 30 25 48 128 191
internal_value=-0.000557164 0.00199327 -0.0225765 0.00702856 0.262675 -0.0284377 -0.0213679 -0.00517168 -0.017546 0.0485245 0.104194 0.206934 0.00735202 0.107254 0.115523 0.0370521 0.174935 0.0044663 0.000256951 0.00742138 0.0275266 0.0024526 0.000381533 -0.0155262 -0.0413051 -0.0704706 -0.124309 -0.0372584 0.00490011 0.01081
internal_weight=594.722 532.987 61.7342 10.2023 0.159857 51.5319 38.8459 16.0023 13.0052 2.99707 1.27421 0.765097 1.72286 0.632868 0.588193 0.569041 0.220479 483.358 199.369 283.99 25.2961 190.558 170.226 38.2317 16.9014 10.5245 4.01541 6.5091 21.3303 19.5533
internal_count=113564 64401 49163 5313 103 43850 30596 10083 8415 1668 517 195 1151 334 147 301 64 10293 4555 5738 461 3104 2792 580 226 126 48 78 354 319
is_linear=0
shrinkage=0.05


Tree=116
num_leaves=31
num_cat=0
split_feature=10 10 0 7 5 1 1 2 5 0 0 5 1 1 4 3 2 0 0 3 3 3 3 6 7 0 0 2 1 0
split_gain=12.4507 11.685 3.99227 3.13557 2.89409 3.80827 7.89217 3.43967 22.054 2.78117 2.92903 8.43099 7.73456 8.32009 3.33553 2.35971 2.51701 7.52471 4.15106 8.69927 2.69551 4.28774 9.03915 3.2836 4.52167 2.3858 7.74609 5.71095 4.30889 2.91579
threshold=1.0992168415445007 1.0991991879725476 50.030000000000008 21.500000000000004 2.5000000000000004 42.910000000000004 42.845000000000006 -0.14999999999999999 3.5000000000000004 45.030000000000008 44.780000000000008 4.5000000000000009 40.030000000000008 39.655000000000008 17.500000000000004 7.7550000000000034 1.8500000000000003 40.530000000000008 45.280000000000008 6.8150000000000004 2.8800000000000012 3.1199999999999997 3.0600000000000009 6.5000000000000009 17.500000000000004 45.470000000000006 45.155000000000008 0.65000000000000002 40.780000000000008 44.970000000000006
decision_type=2 2 2 2 2 2 2 2 2 2 2 2 2 2 2 2 2 2 2 2 2 2 2 2 2 2 2 2 2 2
left_child=1 -1 3 9 -4 6 -6 -7 -9 10 -2 -12 13 14 -13 16 17 -3 -18 -20 -19 22 23 24 -22 26 29 -28 -27 -23
right_child=2 15 4 -5 5 7 -8 8 -10 -11 11 12 -14 -15 -16 -17 18 20 19 -21 21 25 -24 -25 -26 28 27 -29 -30 -31
leaf_value=-0.021464145843172258 -0.013382452477590135 -0.046137393186198986 -0.026342756506198679 -0.050082119347245949 -0.050370905968629101 0.015089611515659207 0.66765877157603204 1.3454474376170693 -0.050073104620369652 -0.035683089552637062 -0.050233319146193924 -0.050067928326408731 -0.050208405273303607 0.63286759328642195 0.32346465313301986 0.051988837671885592 0.005167985927733855 0.019097263940943313 0.033712543689190869 -0.099357578072373928 0.022818445939011611 -0.00047010811197344625 -0.11971390678737411 0.053256249711929098 -0.10245913034841783 0.029831588051368041 0.030018787777062725 -0.062268605138774726 0.0010701075171813061 0.05358450669259604
leaf_weight=48.555861214845208 19.502714942675087 8.5745811879751255 4.1068945571896602 12.068246885755796 0.085038556775543728 5.9086750345886685 0.069583757780492306 0.035827735904604086 0.13494167261524126 17.240668556507444 0.72244610282359534 0.10904865124030039 0.19653285888489336 0.14597940561361611 0.13224150630412623 2.5771165844053021 257.43035933218198 20.026301723904908 23.256071247160438 1.2966574430465687 1.6459750570356839 16.544713114155464 2.304710972122848 1.8389095067977903 1.2806792668998239 14.678285311907528 2.0658534355461589 8.8909429064951819 115.41571933962405 2.937759067863225
leaf_count=54108 15125 1451 2640 13254 39 2503 8 21 102 14717 507 90 107 20 30 77 5274 312 440 17 30 286 36 33 21 244 31 91 1902 48
internal_value=-0.000543397 0.00191184 -0.0220391 -0.0278754 0.0062465 0.0277157 0.27276 0.0214834 0.24271 -0.020832 -0.00852764 0.0639563 0.205264 0.334912 0.15465 0.00427275 0.00401559 -0.000333225 0.0070415 0.026685 0.00176 -0.000311563 -0.0384188 0.000897005 -0.032002 0.00136677 -0.0112346 -0.0448682 0.00431522 0.00768078
internal_weight=589.779 529.32 60.4588 50.1179 10.341 6.23407 0.154622 6.07944 0.170769 38.0496 20.809 1.30625 0.583802 0.38727 0.24129 480.765 478.188 196.204 281.983 24.5527 187.63 167.604 7.07027 4.76556 2.92665 160.533 30.4393 10.9568 130.094 19.4825
internal_count=113564 64401 49163 43850 5313 2673 47 2626 123 30596 15879 754 247 140 120 10293 10216 4485 5731 457 3034 2722 120 84 51 2602 456 122 2146 334
is_linear=0
shrinkage=0.05


Tree=117
num_leaves=31
num_cat=0
split_feature=10 10 0 7 0 5 9 4 1 4 3 4 3 3 1 1 5 4 0 5 7 7 4 3 3 1 10 10 7 7
split_gain=11.5782 10.7462 3.70571 3.12309 2.66722 2.52365 2.57038 2.91869 3.03173 3.75309 7.14735 20.5764 31.9483 2.84996 2.47514 10.0184 4.34558 7.61555 2.4167 5.95256 4.31284 5.60611 5.54782 2.25648 2.28776 2.24792 2.31515 3.19787 5.80832 14.7107
threshold=1.0992168415445007 1.0991991879725476 50.030000000000008 21.500000000000004 45.030000000000008 2.5000000000000004 1.0000000180025095e-35 8.5000000000000018 42.910000000000004 10.500000000000002 6.8099999999999978 9.5000000000000018 7.0000000000000027 6.0000000000000027 44.655000000000008 44.590000000000011 3.5000000000000004 5.5000000000000009 44.780000000000008 4.5000000000000009 8.5000000000000018 7.5000000000000009 20.500000000000004 7.7550000000000034 7.6250000000000009 34.345000000000006 1.0690575708200647 1.0677714560049958 24.500000000000004 25.500000000000004
decision_type=2 2 2 2 2 2 2 2 2 2 2 2 2 2 2 2 2 2 2 2 2 2 2 2 2 2 2 2 2 2
left_child=1 25 3 4 18 -4 -7 14 -9 10 -10 -12 -13 -11 15 16 17 -8 -2 -20 21 22 -21 24 -3 -1 27 -27 -29 -30
right_child=2 23 5 -5 -6 6 7 8 9 13 11 12 -14 -15 -16 -17 -18 -19 19 20 -22 -23 -24 -25 -26 26 -28 28 29 -31
leaf_value=-0.040829914412176267 -0.012879800282187298 0.004176572304769797 -0.025694545993543334 -0.050078169008955647 -0.035154270132528281 -0.050497195364785565 -0.050287976730619445 0.30005298855758511 0.049856599020288106 0.1189009031634186 -0.05009039658693698 1.7065457790731093 -0.050157079007723371 -0.015492067146044711 -0.050206146256245671 0.32647988446340181 -0.050171126725757714 0.5861263891429711 -0.050222335712157284 -0.050432098395092786 -0.05010540639446906 0.43389113964449888 0.38196192542416596 0.0518890825113342 -0.031848855524806728 -0.0085819477458445072 -0.028882800136343558 0.0078739608603703767 1.1206683162974997 0.12540052538192473
leaf_weight=10.852992293774149 19.25703901422094 471.33108237705892 4.0026592564536241 11.480554263398515 16.640339380450314 0.96395508787827555 0.11706096137641031 0.14215435914229635 0.46141821012133766 0.56933624658267934 0.12111446470953524 0.056921600131317973 0.047462147660553455 1.2844433095888232 1.2445991277927531 0.26194263226352621 1.1187121197581289 0.0785488102119416 0.6873584942659352 0.21320357249351218 0.18826948577770963 0.20427958085201681 0.11376747488975525 2.4560229592025271 4.4484855830669394 19.07623861220782 16.416006217041286 0.8629518188536156 0.042698298464529216 0.28455791759188287
leaf_count=25364 15125 10170 2640 13254 14717 501 35 11 122 81 78 24 23 520 582 33 635 28 507 95 123 28 1 77 46 14398 13426 717 26 177
internal_value=-0.000528532 0.00183285 -0.0214811 -0.0272738 -0.0202557 0.00550902 0.02482 0.0380116 0.0753477 0.0627752 0.162606 0.393316 0.907792 0.025783 0.00250214 0.04412 -0.012154 0.20527 -0.00825803 0.0550037 0.155526 0.2284 0.100017 0.0040865 0.00383974 -0.0208402 -0.014926 -0.00362087 0.0758936 0.255257
internal_weight=585.026 525.771 59.2551 48.7848 37.3043 10.4703 6.46767 5.50371 2.68285 2.5407 0.686916 0.225498 0.104384 1.85378 2.82086 1.57626 1.31432 0.19561 20.6639 1.40688 0.71952 0.531251 0.326971 478.236 475.78 47.5354 36.6825 20.2664 1.19021 0.327256
internal_count=113564 64401 49163 43850 30596 5313 2673 2172 859 848 247 125 47 601 1313 731 698 63 15879 754 247 124 96 10293 10216 54108 28744 15318 920 203
is_linear=0
shrinkage=0.05


Tree=118
num_leaves=31
num_cat=0
split_feature=10 10 7 1 3 2 1 1 2 3 7 1 1 3 2 3 4 3 2 3 2 7 1 4 7 2 4 1 4 4
split_gain=10.8357 9.9067 2.6372 3.7047 2.16113 2.34987 5.50729 3.68608 3.55263 3.18016 2.42081 2.34005 6.09374 5.00043 4.26963 4.93633 4.14945 3.91129 3.37077 5.54196 4.57557 3.0549 3.02379 4.14406 3.48332 2.88844 4.11386 3.07539 4.27411 7.12271
threshold=1.0992168415445007 1.0988446461986625 21.500000000000004 45.720000000000006 7.7550000000000034 1.8500000000000003 37.780000000000008 37.655000000000008 2.3500000000000001 5.5650000000000022 6.5000000000000009 40.590000000000011 40.845000000000006 4.7499999999999991 0.8500000000000002 6.3799999999999981 18.500000000000004 2.8800000000000012 0.75000000000000011 3.1800000000000019 1.4500000000000002 4.5000000000000009 43.345000000000006 10.500000000000002 13.500000000000002 -0.24999999999999997 7.5000000000000009 42.030000000000008 18.500000000000004 15.500000000000002
decision_type=2 2 2 2 2 2 2 2 2 2 2 2 2 2 2 2 2 2 2 2 2 2 2 2 2 2 2 2 2 2
left_child=1 -1 -2 -4 5 6 7 9 -7 -3 -10 16 13 -13 15 -15 -8 -14 25 -20 22 -18 23 24 -21 26 -19 28 29 -27
right_child=2 4 3 -5 -6 8 11 -9 10 -11 -12 12 17 14 -16 -17 21 18 19 20 -22 -23 -24 -25 -26 27 -28 -29 -30 -31
leaf_value=-0.020570109412699059 -0.014987481319843158 -0.05397211078666863 -0.046313922458155597 0.061828058705442772 0.051794465840922267 0.027649486044139551 0.025161499776264053 -0.17854627340953014 0.0141382689884679 -0.00078830006658193509 0.0025124935387368075 -0.059733464686347895 0.029592103320362603 0.020863085236394668 0.053918028326350592 -0.11468588717723099 -0.064644812757938291 0.016765353669731482 -0.10002656963458684 0.01475197679666649 0.031493006512831455 0.0015886772967551471 -0.097727158109137055 0.0075880394031350761 -0.081297375440892841 0.0066334009107983961 -0.0085378216994136842 0.038692807643799593 0.053023481885251723 -0.097125542949809379
leaf_weight=45.421216605987865 44.08273476595059 5.8491038176580297 13.236888705840098 0.84235960443038571 2.3404013514518729 18.645791159826331 23.154984445311129 0.42425057524815279 57.343986667401623 5.4111230808775872 204.32442583079683 7.6519892252981645 11.709126669913529 1.5430610589683058 2.3367007784545422 1.189374905079603 2.256867587566374 21.970268269535154 1.9418465420603777 1.3156127245165423 4.6416389280930153 7.6153696135152131 1.3359143696725357 6.522276318166405 3.3412619433365762 9.6924346499145049 59.747962410096079 10.266927617136387 3.3453841279260805 1.9943237034603942
leaf_count=53896 34222 1476 14850 91 77 383 406 8 1193 78 4285 86 205 27 36 20 27 387 28 24 83 86 25 107 55 169 965 175 61 33
internal_value=-0.000530847 0.00174454 -0.0210044 -0.0398438 0.00386534 0.00362947 -0.000581697 -0.0338657 0.00656283 -0.0284145 0.00506025 0.00153683 -0.00110728 -0.0342188 0.00429635 -0.0381387 0.0135893 0.00194888 -0.000617629 -0.0199674 -0.0109061 -0.0135528 -0.0266312 -0.0181352 -0.0541625 0.00283558 -0.00173496 0.0175988 0.00319169 -0.0110729
internal_weight=581.496 523.334 58.162 14.0792 477.912 475.572 195.258 11.6845 280.314 11.2602 261.668 183.573 150.546 12.7211 5.06914 2.73244 33.0272 137.825 126.116 19.0986 17.1567 9.87224 12.5151 11.1792 4.65687 107.017 81.7182 25.2991 15.0321 11.6868
internal_count=113564 64401 49163 14941 10505 10428 4567 1562 5861 1554 5478 3005 2486 169 83 47 519 2317 2112 322 294 113 211 186 79 1790 1352 438 263 202
is_linear=0
shrinkage=0.05


Tree=119
num_leaves=31
num_cat=0
split_feature=10 10 0 7 2 2 2 7 0 7 0 0 2 1 1 1 10 10 0 7 7 9 7 2 2 5 10 0 5 9
split_gain=9.99753 9.11287 3.33502 3.08016 2.74066 3.75413 2.73747 2.33295 5.83953 4.40703 3.29933 8.13228 2.5907 2.47015 4.14575 2.23057 2.23218 2.58774 4.57457 32.0484 6.77586 11.1329 6.53764 2.67907 18.6191 3.6729 8.58778 2.12702 2.12511 2.18766
threshold=1.0992168415445007 1.0991991879725476 50.030000000000008 21.500000000000004 3.4500000000000006 4.0500000000000007 7.8500000000000005 15.500000000000002 44.280000000000008 17.500000000000004 44.845000000000006 44.910000000000004 3.5500000000000003 42.410000000000004 42.470000000000006 34.345000000000006 1.0690575708200647 1.0677714560049958 38.030000000000008 7.5000000000000009 24.500000000000004 2.5000000000000004 25.500000000000004 9.7500000000000018 9.8500000000000032 4.5000000000000009 1.0551046663116426 35.780000000000008 2.5000000000000004 1.0000000180025095e-35
decision_type=2 2 2 2 2 2 2 2 2 2 2 2 2 2 2 2 2 2 2 2 2 2 2 2 2 2 2 2 2 2
left_child=1 15 3 4 -2 7 -7 10 9 -9 -6 -12 -11 -13 -15 -1 17 23 19 -19 -20 22 -22 27 -25 -26 -27 -17 -4 -30
right_child=2 -3 28 -5 5 6 -8 8 -10 12 11 13 -14 14 -16 16 -18 18 20 -21 21 -23 -24 24 25 26 -28 -29 29 -31
leaf_value=-0.04024632439208866 -0.031059230253418668 0.0037286551448790584 -0.024625773443822496 -0.050071085866793763 -0.050601013817834155 -0.03224062129083359 0.01780461019060544 0.35126814855406957 -0.050177869888195149 0.16862905994420166 0.55965340030606747 -0.050199654069629021 -0.050155165780143986 0.365642344596391 -0.050182855330754311 0.068786559073351225 -0.027838909239643512 1.957942178937315 -0.050063700747427012 -0.050090560257152965 0.42530587293334832 0.86885958833442212 -0.050316071114535323 1.0812675190313812 -0.050137481180163639 -0.050293201260509637 0.63559155318099014 -0.014940781390799374 -0.050475047612180551 0.033368865938042946
leaf_weight=10.209092181787126 20.736858149641193 474.45267681090627 3.8334416743600723 10.428553581878075 0.99803755173343167 8.1579449544660729 4.1087698562478172 0.24488295870833077 0.45107822341378778 0.44238320778822526 0.08174351544585079 0.38009839464211836 0.19493016094202176 0.11817814456298947 0.12163410277571529 0.79393888509367627 15.655537512502631 0.024899923999327167 0.77816109260311328 0.098371181811671704 0.10494280850980431 0.054378534550778568 0.23191896721255034 0.044189101085065796 0.4931933248299174 0.122023637406528 0.072903138236142695 17.011477680091048 0.89903229352785263 5.7786674039671198
leaf_count=25364 20513 10293 2640 13254 817 6513 1902 35 322 38 12 258 122 2 62 66 13426 18 658 79 19 16 130 25 371 51 38 13847 501 2172
internal_value=-0.00050325 0.00167479 -0.020387 -0.0261405 -0.0192153 -0.00316231 -0.0154778 0.0466474 0.0961598 0.170984 0.00780877 0.0908912 0.101711 0.0290787 0.154733 -0.0196506 -0.0137253 -0.00258299 0.0658159 0.355518 0.0352772 0.205017 0.0978548 -0.00735257 0.0863739 0.0224847 0.20623 -0.0112074 0.00504678 0.0220808
internal_weight=577.124 520.148 56.9762 46.4651 36.0365 15.2997 12.2667 3.03297 1.33327 0.882196 1.69969 0.701654 0.637313 0.619911 0.239812 45.695 35.4859 19.8304 1.29267 0.123271 1.1694 0.39124 0.336862 18.5377 0.732309 0.68812 0.194927 17.8054 10.5111 6.6777
internal_count=113564 64401 49163 43850 30596 10083 8415 1668 517 195 1151 334 160 322 64 54108 28744 15318 920 97 823 165 149 14398 485 460 89 13913 5313 2673
is_linear=0
shrinkage=0.05


Tree=120
num_leaves=31
num_cat=0
split_feature=0 7 0 2 9 2 2 0 3 1 1 0 6 3 3 3 0 1 1 2 4 3 9 0 5 1 2 0 3 1
split_gain=3.90631 3.4475 3.78313 6.78834 4.71303 3.63415 6.10472 3.41704 7.57356 3.83012 8.33534 5.74211 7.01485 7.42388 10.8272 8.60298 6.58839 6.05683 5.86105 4.13238 3.9847 3.68506 20.2989 3.52696 3.39572 4.65801 4.74704 4.25454 4.22553 7.2176
threshold=33.155000000000008 7.5000000000000009 38.530000000000008 4.0500000000000007 1.0000000180025095e-35 11.050000000000002 12.850000000000003 43.530000000000008 2.4399999999999999 39.345000000000006 39.410000000000004 42.410000000000004 11.500000000000002 2.7499999999999987 2.8099999999999974 2.4399999999999999 42.655000000000008 39.590000000000011 40.345000000000006 7.2500000000000009 20.500000000000004 2.6299999999999977 1.0000000180025095e-35 44.720000000000006 3.5000000000000004 38.470000000000006 4.8500000000000005 40.910000000000004 3.0600000000000009 34.530000000000008
decision_type=2 2 2 2 2 2 2 2 2 2 2 2 2 2 2 2 2 2 2 2 2 2 2 2 2 2 2 2 2 2
left_child=-1 2 3 4 -2 -5 -7 9 -9 -4 -11 -12 13 15 -15 18 -14 -16 -13 -19 -18 22 -10 -23 25 26 -3 -27 29 -26
right_child=1 24 7 5 -6 6 -8 8 21 10 11 12 16 14 17 -17 20 19 -20 -21 -22 23 -24 -25 28 27 -28 -29 -30 -31
leaf_value=-0.023835567044548742 -0.36063230252352824 -0.019983042196597987 -0.0018214163178748889 0.032690049056621005 -0.041207905823951139 -0.13690132901883664 0.045214474293321989 0.37681140288616738 -0.6135794104141028 -0.30004984949645175 0.040334996558798061 -0.3856111074680898 0.32375028994051119 -0.44170009566661189 -0.2454055357848958 0.036507559857405052 0.037376661337892012 0.0344525081775982 -0.063696266565729118 -0.23627195099344514 -0.2183488580992286 0.036277283603912767 0.032408857259812962 0.0041288396766682315 -0.029730948094000044 0.10110616399149491 0.0015754439888002207 0.0070433280547618389 -0.011954330439151565 0.014635998836290754
leaf_weight=17.901567158667604 0.12118385452777092 38.98099162246217 29.714083942672005 28.652993603696817 2.4531497236457653 0.86152760358527192 0.98773094959324226 0.1403350984910493 0.15353266475722094 0.30094552104128425 1.9931168482871724 0.2337259569903839 0.17682573379715893 0.30819951521698374 0.52201992447953649 1.4014126574620602 0.91810278489720054 0.62337808706797659 0.35792540945112705 0.18214182165684178 0.18263312370982021 10.663853830337755 0.58484510082053021 42.663219845679123 11.804535469505934 1.2129994322895061 74.023480443225708 134.33582550412393 135.22124722888111 41.022032929351553
leaf_count=16527 7 10574 4895 4271 2681 166 92 27 23 58 259 31 22 27 60 216 141 117 41 21 6 1629 106 7249 4117 178 10910 20145 22576 6752
internal_value=-0.000843163 -0.000109208 0.00724111 0.0217251 -0.0562444 0.0283056 -0.0396291 0.00198344 0.00997375 -0.00974963 -0.0424671 -0.0312317 -0.0603043 -0.0957782 -0.17472 -0.0309893 0.0404562 -0.112738 -0.190866 -0.0267629 -0.00505309 0.00902156 -0.101913 0.0105576 -0.0022001 0.00163536 -0.00586117 0.00788508 -0.00726965 0.00472184
internal_weight=578.7 560.798 124.197 33.0766 2.57433 30.5023 1.84926 91.1203 54.2058 36.9145 7.20043 6.89948 4.90637 3.6288 1.63574 1.99306 1.27756 1.32754 0.591651 0.80552 1.10074 54.0655 0.738378 53.3271 436.601 248.553 113.004 135.549 188.048 52.8266
internal_count=113924 97397 22145 7217 2688 4529 258 14928 9034 5894 999 941 682 513 225 288 169 198 72 138 147 9007 129 8878 75252 41807 21484 20323 33445 10869
is_linear=0
shrinkage=0.05


Tree=121
num_leaves=31
num_cat=0
split_feature=10 10 1 10 5 3 0 10 7 2 2 2 2 0 2 3 3 5 3 3 1 7 3 3 0 1 0 3 4 1
split_gain=5.82351 5.51436 3.91688 4.01846 3.28016 6.18962 12.4091 22.1589 27.9075 32.8143 3.3976 12.8503 2.53744 2.78913 4.29557 2.88698 4.67314 7.61055 10.0115 2.6959 8.68153 2.69428 3.67762 6.53825 4.30049 15.7414 3.85671 4.23767 3.33133 2.87339
threshold=1.1078061429485648 1.0991991879725476 34.280000000000008 1.0725005362505364 1.0000000180025095e-35 3.4999999999999987 44.970000000000006 1.0892089837318055 22.500000000000004 4.6500000000000012 -4.0499999999999989 -4.1499999999999995 7.1500000000000012 45.655000000000008 3.0500000000000003 4.1900000000000004 4.3700000000000001 1.0000000180025095e-35 4.2399999999999975 3.6299999999999977 42.845000000000006 25.500000000000004 4.8099999999999978 4.4999999999999991 36.780000000000008 34.470000000000006 35.030000000000008 1.6850000000000007 10.500000000000002 35.970000000000006
decision_type=2 2 2 2 2 2 2 2 2 2 2 2 2 2 2 2 2 2 2 2 2 2 2 2 2 2 2 2 2 2
left_child=1 2 -1 -4 5 -5 7 -7 -9 -10 11 -6 13 -3 15 19 17 -17 -19 20 -15 28 23 24 25 26 27 -23 -14 -26
right_child=-2 12 3 4 10 6 -8 8 9 -11 -12 -13 21 14 -16 16 -18 18 -20 -21 -22 22 -24 -25 29 -27 -28 -29 -30 -31
leaf_value=-0.044701555641306553 -0.017251525070722473 -0.0027810260216895948 0.0041474615851036234 -0.050067849250158961 -0.050983209319779212 1.6666951621676807 -0.050169416812409731 -0.050150638238048689 1.7512112783285561 -0.050088288323069774 -0.045482668801272948 0.77738151801933775 0.032399520482940466 -0.10065994024708057 0.040346822634200204 -0.31792314693747903 0.0022284052084400544 -0.31269699358548309 0.010880394858854718 0.045398152621945242 0.022929935533766887 0.032178345181121927 0.05338416183320982 -0.14802382937066688 0.051007359093324593 -0.2982631203883408 0.053349644654754495 -0.20539524400581552 0.0076241731794346283 -0.022209030937633874
leaf_weight=9.3945586879271996 49.164505411521532 241.76676076540025 22.893392426660284 1.0391995464742638 0.20945257085259072 0.029124835098627844 0.43050690263044089 0.25227080503827892 0.055469820217695087 0.046459219185635448 10.76648856239626 0.060295400558969869 17.235119675664464 1.6226048059761549 8.5300777591764909 0.27396802790462915 119.70352330920286 0.27978503372287367 1.641768292232882 7.3673486015177323 11.431886199861763 0.36668067023856465 1.7073397673666466 0.98777610063552845 2.6464440413401462 0.56360696256160725 1.2765708151855504 0.38455526772304438 63.769654775038362 2.7145881475880742
leaf_count=25272 44483 9231 17558 1037 123 28 299 196 11 43 9655 9 596 28 227 22 2686 22 201 171 199 46 29 15 93 6 27 12 1507 92
internal_value=-0.0007906 0.000737963 -0.0159687 -0.00842506 -0.0307559 0.0308005 0.134063 0.340972 0.231962 0.93018 -0.0410914 0.134177 0.00229652 0.000547834 0.00588295 0.00381734 0.000902569 -0.0713842 -0.0362336 0.0212158 0.00756836 0.00978748 -0.0138581 -0.0266995 -0.0116298 -0.0645151 0.000452683 -0.0894348 0.0128955 0.0139338
internal_weight=578.612 529.447 45.1772 35.7827 12.8893 1.85303 0.813832 0.383325 0.3542 0.101929 11.0362 0.269748 484.27 392.618 150.851 142.321 121.899 2.19552 1.92155 20.4218 13.0545 91.6523 10.6476 8.94022 7.95245 2.59141 2.02781 0.751236 81.0048 5.36103
internal_count=113924 69441 54231 28959 11401 1614 577 278 250 54 9787 132 15210 12787 3556 3329 2931 245 223 398 227 2423 320 291 276 91 85 58 2103 185
is_linear=0
shrinkage=0.05


Tree=122
num_leaves=31
num_cat=0
split_feature=10 10 1 10 7 2 2 10 7 2 3 1 2 2 10 2 1 10 4 2 4 1 10 10 1 3 2 2 10 10
split_gain=5.34015 5.20521 3.64285 4.24865 2.55289 3.83779 19.5967 4.23344 6.19608 2.77314 2.44236 31.3117 2.86968 3.8212 13.1994 63.7294 7.69436 12.7229 4.88444 7.30344 12.9767 2.76239 6.05201 11.8275 5.53884 2.59579 2.57629 3.9276 20.4258 3.76794
threshold=1.1078061429485648 1.0988446461986625 34.280000000000008 1.0725005362505364 6.5000000000000009 1.6500000000000001 1.5500000000000003 1.0782158668484862 5.5000000000000009 -4.0499999999999989 3.1299999999999977 43.970000000000006 3.5500000000000003 4.4500000000000011 1.0685768006510983 4.2500000000000009 41.530000000000008 1.0609788291652718 13.500000000000002 3.6500000000000008 19.500000000000004 37.910000000000004 1.0551046663116426 1.0538905522288757 38.030000000000008 2.3750000000000004 1.1500000000000001 1.0500000000000003 1.0594122319607011 1.0645612660578474
decision_type=2 2 2 2 2 2 2 2 2 2 2 2 2 2 2 2 2 2 2 2 2 2 2 2 2 2 2 2 2 2
left_child=1 2 -1 10 5 6 7 8 9 -5 12 -12 26 14 18 -16 25 -18 -14 20 -20 -21 23 -23 -24 -15 27 29 -29 -4
right_child=-2 -3 3 4 -6 -7 -8 -9 -10 -11 11 -13 13 16 15 -17 17 -19 19 21 -22 22 24 -25 -26 -27 -28 28 -30 -31
leaf_value=-0.044403544703840558 -0.016673757769513794 0.002176088688930532 -0.050072247963809768 0.20682796054267361 -0.044919070251287364 -0.050066052450527213 1.136287095215176 -0.050098345555314561 0.53321434642986698 -0.050144270129531571 1.7308381302494646 -0.050064063281317309 -0.050194984605741878 0.012497665640764516 -0.050217721752333189 2.0668324377288818 1.070642784724569 -0.050191543072996919 1.2060849404728717 -0.050328850527997904 -0.050342023990238419 -0.050098268511029193 0.21329738779111224 1.0983802754939156 -0.0503794468425433 -0.05013888820028798 -0.050069482791571557 1.2578906499096636 -0.050067767323777629 0.033225954017278056
leaf_weight=8.9009645829501078 48.345945641631261 484.45729961671168 2.4850844666070824 0.19216685753781348 9.2942225821607263 1.1825322239310478 0.042143486789427587 0.6158802735444624 0.085432633874006569 0.23142300432664276 0.028075767564586296 0.20413419633405283 0.89386033313348878 8.687929360545235 0.14377533440710966 0.047224274603649974 0.04460686014499593 0.058553736889734864 0.039803833933547028 0.34021604544250272 0.042486791033297777 0.046255978057160974 0.37563896714709699 0.043498605722561479 0.42394271568628028 2.0430394738796176 3.872074386512395 0.038219512498471775 0.13629178761038929 2.9922882532409858
leaf_count=25230 44483 15419 2796 9 9199 1168 30 611 23 194 25 169 657 5901 112 21 14 32 32 194 14 29 18 12 260 1623 3359 22 108 2160
internal_value=-0.000768466 0.000687921 -0.0158736 -0.00854075 -0.0331477 0.0134163 0.077741 0.0380835 0.144777 0.0664344 0.00392362 0.165259 0.00227721 0.0173421 0.0744723 0.473219 0.00470386 0.43446 0.0399435 0.101362 0.55739 0.0708411 0.117195 0.5065 0.0734944 0.000572465 -0.0186511 0.00287338 0.236387 -0.00456645
internal_weight=576.335 527.989 43.5318 34.6308 11.6438 2.34958 1.16705 1.1249 0.509022 0.42359 22.987 0.23221 22.7548 13.2308 2.3967 0.191 10.8341 0.103161 2.2057 1.31184 0.0822906 1.22955 0.889336 0.0897546 0.799582 10.731 9.52396 5.65188 0.174511 5.47737
internal_count=113924 69441 54022 28792 11234 2035 867 837 226 203 17558 194 17364 8919 1349 133 7570 46 1216 559 46 513 319 41 278 7524 8445 5086 130 4956
is_linear=0
shrinkage=0.05


Tree=123
num_leaves=31
num_cat=0
split_feature=10 10 1 10 7 2 2 10 4 10 2 2 2 9 1 2 0 5 1 0 4 1 1 1 7 4 9 7 2 2
split_gain=4.87237 5.07049 3.41024 3.81757 2.37223 3.13488 4.23212 3.30078 3.60662 4.87852 2.32864 2.6604 3.31255 14.5016 10.1119 2.9886 3.22975 2.65251 3.48442 6.79313 7.92825 2.55274 2.76963 5.04609 9.60322 2.40118 2.01459 3.28117 4.40645 8.61387
threshold=1.1078061429485648 1.0988446461986625 34.280000000000008 1.0725005362505364 6.5000000000000009 1.6500000000000001 1.5500000000000003 1.0782158668484862 8.5000000000000018 1.077034754593418 14.65 7.7500000000000009 7.6500000000000012 1.0000000180025095e-35 35.410000000000004 7.5500000000000007 33.030000000000008 1.5000000000000002 33.345000000000006 35.155000000000008 14.500000000000002 30.655000000000005 33.845000000000006 34.155000000000008 19.500000000000004 15.500000000000002 1.0000000180025095e-35 16.500000000000004 8.9500000000000011 8.0500000000000025
decision_type=2 2 2 2 2 2 2 2 2 2 2 2 2 2 2 2 2 2 2 2 2 2 2 2 2 2 2 2 2 2
left_child=1 2 -1 -4 5 6 7 8 -5 -10 11 12 15 14 -14 16 -3 18 19 -13 -21 -19 -23 24 25 -24 27 -25 29 -29
right_child=-2 10 3 4 -6 -7 -8 -9 9 -11 -12 17 13 -15 -16 -17 -18 21 -20 20 -22 22 23 26 -26 -27 -28 28 -30 -31
leaf_value=-0.044147797279026235 -0.016106114606226758 -0.054147024745673282 0.0026473430540766302 -0.051303332424875239 -0.044664841044530577 -0.050062836102797839 0.33476892455447937 -0.05009357735555503 -0.050085569467646952 0.3317278809226476 -0.09264454670874403 0.0034525122232762356 -0.04877099812368263 0.032573104274595276 -0.30160644716609547 0.048219344227238725 0.0011082170061231982 -0.015339375642558134 0.011961916228882331 -0.16403711410405944 0.0083494825496692095 0.036713043261013691 0.051527557970845461 0.051293024646148877 -0.19886322959201561 -0.056258308197642271 0.037498264246637152 0.050429016207166499 0.033840185230098789 -0.10117544648471902
leaf_weight=8.5146859021042456 47.567554864683188 2.6620127041242077 23.491419064317597 0.20560769553412617 8.8900061369349697 1.1249298951006492 0.12980674556456495 0.58589779655449092 0.12359722369001247 0.25892355968244374 0.64806656539440055 5.5740976662200428 0.88906205288367235 2.4298483616730664 0.71226855245186016 3.3425479064753736 404.6041474379017 4.964394578972132 15.236451483331619 1.6094645758275876 1.1389801206532864 18.686267697776202 1.1965324437478591 2.6757996905362251 0.79621291544754047 0.90941911935806263 8.6731334255309758 1.4553861408494411 2.849165380874183 2.6302312620682642
leaf_count=25230 44483 1310 17558 93 9199 1168 30 611 103 30 5 112 20 79 32 98 12051 200 385 37 27 428 33 76 20 17 278 48 90 73
internal_value=-0.000780435 0.000602854 -0.0157841 -0.00884624 -0.0327005 0.0110928 0.063857 0.0339035 0.117582 0.208359 0.00207068 0.00219775 0.000690689 -0.0444132 -0.161232 0.0011335 0.000747052 0.0113342 -0.00224968 -0.0282675 -0.0925986 0.0184717 0.0226814 0.0103053 -0.0509432 0.00498208 0.0200272 0.00426041 -0.0138872 -0.0471706
internal_weight=574.576 527.008 43.3249 34.8102 11.3188 2.42876 1.30383 1.17403 0.588128 0.382521 483.683 483.035 414.64 4.03118 1.60133 410.609 407.266 68.3955 23.559 8.32254 2.74844 44.8365 39.8721 21.1859 2.90216 2.10595 18.2837 9.61058 6.93478 4.08562
internal_count=113924 69441 54022 28792 11234 2035 867 837 226 133 15419 15414 13590 131 52 13459 13361 1824 561 176 64 1263 1063 635 70 50 565 287 211 121
is_linear=0
shrinkage=0.05


Tree=124
num_leaves=31
num_cat=0
split_feature=10 10 1 10 10 5 0 0 0 2 2 7 0 2 10 10 2 7 1 10 0 0 5 1 0 2 0 7 1 0
split_gain=4.54901 4.47689 3.29672 3.60774 2.86709 4.24733 7.75564 19.0872 2.76211 2.81519 11.5535 3.17479 3.14139 2.51442 2.55179 19.6453 3.21154 2.43293 3.27911 2.40164 2.35997 7.04338 6.26469 3.0179 6.90577 3.3054 3.87572 3.74551 6.40212 9.60294
threshold=1.1372067952310994 1.0988446461986625 34.280000000000008 1.0725005362505364 1.136398364787363 4.5000000000000009 44.030000000000008 43.655000000000008 48.655000000000008 -0.14999999999999999 1.0000000180025095e-35 21.500000000000004 48.720000000000006 7.8500000000000005 1.1276122557276329 1.1282974273176525 12.65 16.500000000000004 29.655000000000005 1.0999733464112851 41.845000000000006 41.280000000000008 3.5000000000000004 34.910000000000004 36.410000000000004 8.8500000000000032 39.155000000000008 25.500000000000004 34.155000000000008 38.280000000000008
decision_type=2 2 2 2 2 2 2 2 2 2 2 2 2 2 2 2 2 2 2 2 2 2 2 2 2 2 2 2 2 2
left_child=1 2 -1 -4 13 -6 7 -7 -2 -10 11 -11 -12 19 17 -16 -17 -15 -19 -3 21 23 -23 24 -20 26 -26 28 29 -27
right_child=8 4 3 -5 5 6 -8 -9 9 10 12 -13 -14 14 15 16 -18 18 20 -21 -22 22 -24 -25 25 27 -28 -29 -30 -31
leaf_value=-0.04388209383216829 -0.032875490161587882 0.00090022705636061493 0.0025082873590994447 -0.032211132618215461 -0.050069630582814995 -0.050058493847069868 0.11007811694762396 1.668030439641301 -0.012249340588684463 0.32547015041228583 0.14616049127118683 -0.050278505033106727 -0.050106188806984642 0.020208837196641863 1.1697336375116461 -0.050106719228854568 0.19928511104255808 -0.08783635045166921 0.015918456020485187 -0.016630721122943292 0.048126845966696974 -0.023700110217652785 -0.25622537773285564 0.025319095476007976 0.014980263736810918 -0.050363316381849745 -0.12964692080291931 -0.16077892661055868 0.046610522213814058 -0.31666616390364816
leaf_weight=8.1472395665623463 17.15698342159158 412.90198583886377 23.552449866518145 10.965893928805597 0.24238288871128943 0.036405333055881783 0.28838684043148533 0.029076943174004555 9.1362712494446878 0.39622834039619093 0.24696258769836266 0.065510629268828779 1.1686156786745412 29.624674625520129 0.040967515611554428 0.37307468170183711 0.19738772261189297 1.0106355185562268 12.87539641102194 20.506344602064928 2.7354538323706938 0.70454839576268458 0.49191031622467563 11.119153357576577 3.0470679777208702 2.0363429771387027 0.546271995990537 0.92794302437687282 1.1947051819297483 0.40602482599206258
leaf_count=25230 20068 9633 17558 11234 279 53 73 1 6692 103 63 61 1018 1105 18 333 29 118 259 18870 153 42 25 513 157 119 10 29 68 10
internal_value=-0.000739995 0.00027453 -0.0152738 -0.00852149 0.00159775 0.111174 0.221618 0.712847 -0.0203315 -0.000790413 0.0549763 0.27216 -0.0158654 0.00146727 0.0104565 0.112137 0.0361862 0.00952469 0.000992252 7.07652e-05 0.00348009 -0.000182019 -0.1193 0.00425055 -0.00688699 -0.0428782 -0.00700646 -0.0711146 -0.0482381 -0.0946341
internal_weight=572.172 544.002 42.6656 34.5183 501.336 0.596252 0.353869 0.0654823 28.1706 11.0136 1.87732 0.461739 1.41558 500.74 67.3316 0.61143 0.570462 66.7201 37.0955 433.408 36.0848 33.3494 1.19646 32.1529 21.0338 8.15836 3.59334 4.56502 3.63707 2.44237
internal_count=113924 85919 54022 28792 31897 406 127 54 28005 7937 1245 164 1081 31491 2988 380 362 2608 1503 28503 1385 1232 67 1165 652 393 167 226 197 129
is_linear=0
shrinkage=0.05


Tree=125
num_leaves=31
num_cat=0
split_feature=10 10 10 2 2 7 5 4 10 7 5 1 10 1 1 4 4 4 7 2 2 6 3 3 2 1 3 9 3 3
split_gain=6.36571 6.56356 6.37795 14.0616 40.5359 41.3003 19.4575 32.8834 3.20505 2.83389 4.95671 6.12107 4.66892 4.42403 3.70786 3.51333 3.20021 4.38261 3.19807 5.12166 3.93796 5.67593 3.64834 6.72416 3.4271 5.05605 5.21194 3.49568 4.92396 4.44726
threshold=1.0988446461986625 1.1237804365679309 1.1223823094014953 0.65000000000000002 0.25000000000000006 11.500000000000002 5.5000000000000009 12.500000000000002 1.1173177544624611 8.5000000000000018 4.5000000000000009 43.970000000000006 1.1159493084629772 43.780000000000008 43.470000000000006 15.500000000000002 12.500000000000002 10.500000000000002 15.500000000000002 7.7500000000000009 -3.1499999999999999 11.500000000000002 1.9350000000000007 1.8799999999999975 6.9500000000000011 34.655000000000008 3.1800000000000019 1.0000000180025095e-35 6.0000000000000027 4.5000000000000027
decision_type=2 2 2 2 2 2 2 2 2 2 2 2 2 2 2 2 2 2 2 2 2 2 2 2 2 2 2 2 2 2
left_child=-1 2 8 4 6 -6 -4 -8 9 12 18 13 -2 14 -12 -15 17 -14 19 22 21 -20 23 -11 27 -26 -27 28 -24 -29
right_child=1 -3 3 -5 5 -7 7 -9 -10 10 11 -13 16 15 -16 -17 -18 -19 20 -21 -22 -23 24 -25 25 26 -28 29 -30 -31
leaf_value=-0.018785752346989162 0.0090777653150847983 -0.019274529814681984 -0.050141929978870438 0.0077976255932511998 -0.050045289196570669 2.5663288012014496 -0.050056416611775706 2.7470529965712496 -0.050225047583885685 -0.025636144516287724 -0.012601766059491147 0.032646615228932946 -0.050102291307296411 -0.012913832195124309 0.051651327930713788 -0.15624027685221251 -0.050198552985444761 0.36400911463548935 0.029682819435527859 0.049432530350231985 0.0091454192339271764 -0.1808246491339886 0.02944304481595765 -0.20345701362581142 0.058244989383086004 -0.034296404580063326 -0.19094649926450319 -0.022082320292825145 -0.02407167401491386 0.0076287903412645521
leaf_weight=41.222688574736821 124.1519612481643 35.040546991309384 0.23411480069626012 0.81644218662404455 0.024916958063840866 0.0382181943859905 0.025492117187241092 0.017875484714750201 2.8276206221198654 6.8857778539531855 85.612066079964279 8.2046142781036888 0.087374463444574668 0.77767157804919296 2.3057775331544681 0.94974329607794061 0.11915791654610075 0.23771480360301211 0.6212933012866404 4.3855224999133489 170.33101370633813 0.66078385000582784 16.828799634298779 0.5761141525581478 0.74587593783507999 1.4499911144375803 0.83776582468999539 26.358605419314699 5.7729351855814448 24.120291255414486
leaf_count=53711 5363 34601 196 528 30 22 30 18 2805 321 3741 277 87 30 76 20 90 14 21 142 7920 23 748 10 26 19 44 1391 94 681
internal_value=0.000128597 0.00162501 0.00313185 0.120382 0.390242 1.53375 0.130062 1.10287 0.00285204 0.0031634 0.000899853 -0.0086903 0.00965674 -0.0124736 -0.0109166 -0.0917156 0.171461 0.252708 0.00451498 -0.00323698 0.00848831 -0.0788129 -0.00600072 -0.0393653 -0.00272982 -0.0548037 -0.0916609 -0.000568189 0.0157743 -0.00788548
internal_weight=562.269 521.046 486.006 1.15706 0.340618 0.0631352 0.277482 0.0433676 484.848 482.021 357.425 97.8499 124.596 89.6453 87.9178 1.72741 0.444247 0.325089 259.575 87.9617 171.613 1.28208 83.5762 7.46189 76.1143 3.03363 2.28776 73.0806 22.6017 50.4789
internal_count=113079 59368 24767 824 296 52 244 48 23943 21138 15584 4144 5554 3867 3817 50 191 101 11440 3476 7964 44 3334 331 3003 89 63 2914 842 2072
is_linear=0
shrinkage=0.05


Tree=126
num_leaves=31
num_cat=0
split_feature=0 2 2 7 5 7 1 1 2 2 1 3 3 1 7 1 2 1 3 4 0 2 3 3 1 1 2 3 2 1
split_gain=2.92511 4.35967 2.95464 2.83416 4.26307 4.10161 9.56543 6.34111 4.29697 5.11875 7.27731 13.5124 23.8482 11.6498 4.53775 6.56332 7.72323 6.50538 5.25065 5.67353 4.53631 5.58813 4.35224 4.28446 5.17797 4.13352 4.00252 8.40264 6.34127 4.61818
threshold=33.155000000000008 8.9500000000000011 13.750000000000002 8.5000000000000018 4.5000000000000009 9.5000000000000018 34.845000000000006 33.780000000000008 5.4500000000000011 4.6500000000000012 37.590000000000011 3.8099999999999974 3.6199999999999997 39.720000000000006 25.500000000000004 36.970000000000006 6.4500000000000011 35.220000000000006 4.8150000000000004 13.500000000000002 40.280000000000008 3.9500000000000006 7.5000000000000027 6.5650000000000004 40.090000000000011 39.530000000000008 4.2500000000000009 2.8099999999999974 4.0500000000000007 39.155000000000008
decision_type=2 2 2 2 2 2 2 2 2 2 2 2 2 2 2 2 2 2 2 2 2 2 2 2 2 2 2 2 2 2
left_child=1 -1 -3 26 -5 6 7 -6 9 20 -11 12 13 -12 25 17 -17 18 19 -16 -7 -22 -23 24 -13 -10 27 -2 -29 -30
right_child=3 2 -4 4 5 8 -8 -9 14 10 11 23 -14 -15 15 16 -18 -19 -20 -21 21 22 -24 -25 -26 -27 -28 28 29 -31
leaf_value=-0.044379258004127911 -0.040659669763347082 0.020261364443589874 -0.093203620291467004 0.001763421040167899 0.040576479223793746 -0.057304065354507966 0.009564601921785312 -0.10000031412111687 0.021343925100947739 0.038538017048031566 0.025846461312309152 0.0374624225376139 -0.63888794197704124 -0.40174282746123158 -0.37608255108678729 0.037138922068923691 -0.44328025859459724 0.036899237600142659 0.05695297227118884 -0.096597947860093278 -0.0092405717326950777 0.049509513349510897 0.35605418641467423 -0.27938788721943253 -0.26210467284607292 -0.20375016686353054 0.015979010594118586 0.0092076194421680073 -0.12651403931471047 0.035472857925966515
leaf_weight=8.8257878924778179 11.348892805748617 5.9645029041857915 0.63481161254458118 294.34840842075937 0.94089750583225207 4.6408557944378108 5.7678173228632659 5.4416010669374373 22.629286403971498 1.0947777241235592 0.51825027959421299 1.2714686649269422 0.29121122229844332 0.22998735727742314 0.23630000080447622 0.14140531659359101 0.20484197960468009 2.0943855546647683 0.3774472442746627 0.78419804878649302 63.095792045874987 2.7044338589475951 0.12096760887652624 0.1476509011699817 0.16270780190825451 0.20580852963030238 64.418553601048188 59.28921421164705 1.4948068329103983 0.62353717075893644
leaf_count=15392 3227 947 82 51799 198 3524 900 235 3546 194 90 202 26 45 28 28 22 335 37 85 9920 470 2 4 15 31 10470 10964 169 92
internal_value=7.78362e-05 -0.0213937 0.00934676 0.000685961 -0.00140686 -0.00965754 -0.0371033 -0.0792767 -0.00635423 -0.0125359 -0.0697319 -0.114951 -0.254993 -0.105583 0.0108598 -0.0394399 -0.24708 -0.0188534 -0.102381 -0.161314 -0.00952374 -0.00616001 0.062634 -0.0229267 0.00347643 0.0193152 0.00690228 -0.00113427 0.00617053 -0.078833
internal_weight=560.051 15.4251 6.59931 544.626 407.451 113.102 12.1503 6.3825 100.952 74.2781 3.71605 2.62128 1.03945 0.748238 26.6737 3.83858 0.346247 3.49233 1.39795 1.0205 70.562 65.9212 2.8254 1.58183 1.43418 22.8351 137.175 72.7565 61.4076 2.11834
internal_count=113079 16421 1029 96658 71736 19937 1333 433 18604 14492 576 382 161 135 4112 535 50 485 150 113 13916 10392 472 221 217 3577 24922 14452 11225 261
is_linear=0
shrinkage=0.05


Tree=127
num_leaves=31
num_cat=0
split_feature=10 10 7 5 1 0 7 1 0 4 2 1 7 4 1 1 1 0 7 3 4 3 3 1 0 0 2 1 2 2
split_gain=5.75249 6.46217 2.15776 3.54648 5.65106 4.53168 3.16272 9.96629 5.69035 6.77051 4.52741 4.1796 3.75246 4.71067 3.12111 8.47511 4.72435 4.90828 3.39487 6.79424 8.07488 9.01933 7.6045 5.13473 4.12746 5.79169 8.12797 4.00593 3.99515 4.53774
threshold=1.0988446461986625 1.0999733464112851 8.5000000000000018 4.5000000000000009 43.970000000000006 50.155000000000008 9.5000000000000018 34.845000000000006 40.155000000000008 14.500000000000002 5.4500000000000011 42.970000000000006 25.500000000000004 11.500000000000002 42.720000000000006 42.845000000000006 41.155000000000008 47.530000000000008 12.500000000000002 4.5000000000000027 8.5000000000000018 2.2150000000000003 4.1900000000000004 37.030000000000008 43.910000000000004 38.030000000000008 7.5500000000000007 40.155000000000008 0.65000000000000002 0.45000000000000007
decision_type=2 2 2 2 2 2 2 2 2 2 2 2 2 2 2 2 2 2 2 2 2 2 2 2 2 2 2 2 2 2
left_child=-1 2 -2 14 5 6 7 8 9 -5 11 -8 -12 -14 16 -16 17 18 19 20 21 23 -23 -4 25 26 -22 -21 29 -20
right_child=1 -3 3 4 -6 -7 10 -9 -10 -11 12 -13 13 -15 15 -17 -18 -19 28 27 24 22 -24 -25 -26 -27 -28 -29 -30 -31
leaf_value=-0.018101332419947377 0.009166488522627355 -0.015305910362505748 -0.077630400110929226 0.05106110174816491 0.033823437592858288 -0.07528182852885483 -0.018502824769155962 0.021463787137056531 -0.15829240607773054 -0.083175365471255466 0.02168625564571278 0.023759485686666429 0.055383821468135419 -0.071601542606060359 -0.10280258267658958 -0.0026794099496008643 0.023241972801872537 -0.07610057979257992 -0.0079687951315322112 0.039525061046668024 -0.061757872914036643 0.021121736369507229 -0.080330848281141856 -0.25734330100276592 -0.058328325309512152 0.027924602565484586 0.040254607701662531 -0.015586263033322851 0.011630509310661416 -0.10712108489602364
leaf_weight=40.346683997515356 118.91910846723476 51.530283670857898 0.79031566384946728 1.2778298931079897 7.8832019984256467 2.6078609004616728 45.003744524612557 4.7531945479568094 1.5296423211693762 3.5460114062298089 20.18290613178397 6.7242808365263036 1.0344414930150372 2.4841564923990518 2.2367594954557708 38.375505821080878 36.719299754709937 1.9149438701570023 11.117066133185288 9.7872517283540201 5.662274046277167 3.2252535855513997 4.3225773117737845 0.79960058256983757 3.049273468554019 11.177795029012485 2.980382370413281 4.9725827053189269 113.11404851017869 1.2875617282115843
leaf_count=53711 2936 48455 133 47 151 39 1165 89 8 46 447 111 26 47 37 701 669 31 680 153 145 94 45 10 50 181 54 70 2700 48
internal_value=8.46844e-05 0.00149843 0.00335077 0.00136661 -0.00675385 -0.0103422 -0.00838516 -0.0332955 -0.0742623 -0.0476163 -0.00471722 -0.013009 0.0133795 -0.0342688 0.00449903 -0.00819379 0.00694301 0.0035074 0.00439223 -0.00710623 -0.0200477 -0.0597782 -0.0369793 -0.168012 -0.00417318 0.00415831 -0.0265793 0.0209581 0.00867647 -0.0182605
internal_weight=559.356 519.009 467.479 348.56 97.0273 89.1441 86.5362 11.1067 6.35348 4.82384 75.4295 51.728 23.7015 3.5186 251.532 40.6123 210.92 174.201 172.286 46.7673 32.0075 9.13775 7.54783 1.58992 22.8697 19.8205 8.64266 14.7598 125.519 12.4046
internal_count=113079 59368 10913 7977 2176 2025 1986 190 101 93 1796 1276 520 73 5801 738 5063 4394 4363 935 712 282 139 143 430 380 199 223 3428 728
is_linear=0
shrinkage=0.05


Tree=128
num_leaves=31
num_cat=0
split_feature=10 10 7 5 1 0 7 1 0 4 2 1 7 4 2 1 2 3 7 4 0 1 1 7 2 0 1 1 4 0
split_gain=5.29064 5.91551 1.95711 3.20524 5.18467 3.79175 2.83839 8.78284 4.49551 6.02285 4.07918 3.75517 3.38184 4.10098 2.92402 6.4981 3.61751 5.37984 7.17295 5.4306 8.33646 4.17954 4.1822 2.83686 4.03903 6.26222 3.38006 4.06358 10.7781 4.51985
threshold=1.0988446461986625 1.0999733464112851 8.5000000000000018 4.5000000000000009 43.970000000000006 50.155000000000008 9.5000000000000018 34.845000000000006 40.155000000000008 14.500000000000002 5.4500000000000011 42.970000000000006 25.500000000000004 11.500000000000002 4.6500000000000012 37.780000000000008 2.3500000000000001 2.2500000000000022 20.500000000000004 6.5000000000000009 43.655000000000008 36.090000000000011 35.970000000000006 14.500000000000002 7.5500000000000007 38.530000000000008 36.845000000000006 37.280000000000008 8.5000000000000018 43.780000000000008
decision_type=2 2 2 2 2 2 2 2 2 2 2 2 2 2 2 2 2 2 2 2 2 2 2 2 2 2 2 2 2 2
left_child=-1 2 -2 23 5 6 7 8 9 -5 11 14 -12 -14 16 -16 21 18 -18 20 -19 22 -8 24 25 -4 -27 28 -28 -29
right_child=1 -3 3 4 -6 -7 10 -9 -10 -11 12 -13 13 -15 15 -17 17 19 -20 -21 -22 -23 -24 -25 -26 26 27 29 -30 -31
leaf_value=-0.017514939720304646 0.0087714675245782383 -0.014762361900605595 -0.046963698833229414 0.050191760271409196 0.033106572664415509 -0.06744109603425788 -0.07523444537954567 0.020770494918478783 -0.14111474642855024 -0.077713758319887735 0.020963225644903244 0.023049103751335134 0.054993410084798723 -0.064432532450076449 0.048849617769366263 -0.10398692286703784 0.024186613388898395 0.044255683689142573 -0.23071927146316551 0.03619850781094499 -0.16542766631308994 -0.018016526059612317 -0.38867432428966503 0.0078814989835672682 0.04313053872668246 0.031894300130560126 -0.10658051912430362 0.022586047430890765 0.034361923196801973 -0.010070435010835904
leaf_weight=39.631141862351797 118.08274872240145 50.775843759154668 8.4308362733863742 1.236032860877456 7.6570058520883313 2.7612520866096011 1.8764785933890404 4.6684523064177483 1.6272660195827482 3.6038935361430049 19.843863274698382 6.5884595320094368 0.99080127294291687 2.618816350819543 0.96332096762489472 2.5011078261304647 0.58753049618098774 0.98340637405635678 0.52045114908833057 9.0485813912819122 0.91511670872569084 28.115133156417869 0.11282182135619212 172.59101348533295 4.3548891950631505 6.9129008913878343 3.1481065284460774 14.810315763403194 2.3833520384505391 37.232288199476898
leaf_count=53711 2936 48455 450 47 151 39 342 89 8 46 447 111 26 47 39 34 21 29 33 173 17 474 3 4172 104 120 30 269 43 613
internal_value=9.00446e-05 0.00144234 0.00321118 0.0013195 -0.00638346 -0.00975959 -0.00792467 -0.0314933 -0.0692209 -0.0450489 -0.00445611 -0.0122369 0.0128656 -0.0316514 -0.0173325 -0.0614891 -0.0137039 0.00944109 -0.0955501 0.0200675 -0.0568148 -0.0229722 -0.093011 0.00431665 -0.00364555 -0.00643917 -0.00114111 -0.00510767 -0.0458523 -0.000777033
internal_weight=555.573 515.942 465.166 347.083 97.2198 89.5628 86.8015 11.1356 6.46719 4.83993 75.6659 52.2124 23.4535 3.60962 45.6239 3.46443 42.1595 12.0551 1.10798 10.9471 1.89852 30.1044 1.9893 249.864 77.2727 72.9178 64.487 57.5741 5.53146 52.0426
internal_count=113079 59368 10913 7977 2176 2025 1986 190 101 93 1796 1276 520 73 1165 73 1092 273 54 219 46 819 345 5801 1629 1525 1075 955 73 882
is_linear=0
shrinkage=0.05


Tree=129
num_leaves=31
num_cat=0
split_feature=10 10 3 7 5 1 1 1 0 1 2 3 0 0 5 2 0 3 0 2 1 1 3 3 2 2 7 0 9 0
split_gain=4.86239 5.4346 1.87365 2.06999 3.16743 4.64964 3.38991 3.37061 4.89634 3.02015 2.85106 4.43617 12.0021 4.3498 2.64996 2.65096 2.73902 9.38938 2.64055 3.54616 3.46961 17.1474 2.8423 8.0799 6.49812 10.2056 9.30451 4.11616 5.20835 10.6913
threshold=1.0988446461986625 1.1111232890057969 0.81499999999999961 8.5000000000000018 4.5000000000000009 43.970000000000006 43.780000000000008 43.470000000000006 50.155000000000008 43.220000000000006 -2.8499999999999992 5.8799999999999999 50.655000000000008 48.155000000000008 3.5000000000000004 13.050000000000002 49.470000000000006 6.7150000000000007 46.470000000000006 4.2500000000000009 40.410000000000004 40.345000000000006 3.8099999999999974 3.0600000000000009 3.6500000000000008 0.8500000000000002 1.5000000000000002 42.720000000000006 2.5000000000000004 41.845000000000006
decision_type=2 2 2 2 2 2 2 2 2 2 2 2 2 2 2 2 2 2 2 2 2 2 2 2 2 2 2 2 2 2
left_child=-1 2 -2 10 -5 6 7 8 9 -6 11 12 13 -4 15 16 -12 -18 19 20 21 22 23 27 25 26 -25 28 -16 -30
right_child=1 -3 3 4 5 -7 -8 -9 -10 -11 14 -13 -14 -15 18 -17 17 -19 -20 -21 -22 -23 -24 24 -26 -27 -28 -29 29 -31
leaf_value=-0.016937511797290455 -0.04859101699403047 -0.015923531828472785 -0.13822180032969936 0.004138394433645636 -0.0098214760402666156 0.031277414401975255 -0.07518981324290902 0.05219928993744935 -0.11434691050091068 0.05281374281997836 0.0062478049368780526 0.012514723679391718 -0.34150766926857923 0.052369373549384202 0.043986117885837589 -0.097040700155809956 0.051909605765325634 -0.17369297095873737 0.041789043380136982 0.025960465730615764 0.025895677286037908 -0.35552548653680616 0.010808249786761438 -0.59127020407386222 -0.40978043231098654 0.048760653816386196 -0.014347839369996104 -0.13075495821863645 -0.028575260304847663 -0.76640540800241341
leaf_weight=38.950761279193102 1.7590327122597944 41.661753326145117 0.48848197923507475 253.00077446980868 83.392576954924152 7.5425628702505483 1.9269268246716809 2.2544789309613398 1.1041277162730683 1.9700221117818717 60.596017301402753 2.2344163693487644 0.38137592840939749 0.77325938479043543 2.5037294473440861 0.65052048722281952 0.96843600535066687 0.88054094091057777 9.9510560084017907 23.475839996477589 6.4813799317344083 0.36816582293249744 7.0267760375863872 0.15673395799240086 0.21691052414826117 0.45299755048472434 0.12612743105273694 0.5399310216307639 0.25189563914318558 0.060983415693044662
leaf_count=53711 294 41902 51 9325 2997 229 41 58 15 45 2240 41 11 29 99 10 28 16 268 775 312 11 313 14 13 31 70 9 120 1
internal_value=9.39275e-05 0.00138658 0.00291599 0.00310885 0.00118021 -0.00644194 -0.00958046 -0.00815549 -0.00972915 -0.00837596 0.00882053 -0.0333468 -0.0957123 -0.0214178 0.0102459 0.00337255 0.0044186 -0.0555294 0.0186486 0.0131213 -0.00345271 -0.0197048 -0.0087982 -0.0407686 -0.169274 -0.0983793 -0.334021 -0.00429172 0.0199507 -0.172386
internal_weight=552.149 513.198 471.536 469.777 351.191 98.1907 90.6481 88.7212 86.4667 85.3626 118.586 3.87753 1.64312 1.26174 114.708 63.0955 62.445 1.84898 51.6125 41.6615 18.1856 11.7043 11.3361 4.30931 0.952769 0.735859 0.282861 3.35654 2.81661 0.312879
internal_count=113079 59368 17466 17172 12710 3385 3156 3115 3057 3042 4462 132 91 80 4330 2294 2284 44 2036 1768 993 681 670 357 128 115 84 229 220 121
is_linear=0
shrinkage=0.05


Tree=130
num_leaves=31
num_cat=0
split_feature=10 10 3 3 0 9 3 0 2 5 7 5 7 1 2 3 3 5 1 3 7 3 7 6 3 1 3 9 7 7
split_gain=4.14915 4.89798 3.64798 5.2809 10.5295 3.42031 6.90871 5.72744 9.60236 5.02031 8.12143 8.68109 4.24963 3.90475 10.7641 3.85781 7.50705 4.08082 6.84093 3.80316 6.08183 5.98615 5.35725 5.86435 5.06184 6.04593 14.4507 6.35182 4.16372 3.85644
threshold=1.0991991879725476 1.0992168415445007 5.0650000000000004 4.7500000000000027 36.910000000000004 1.5000000000000002 6.9999999999999991 45.280000000000008 4.7500000000000009 1.5000000000000002 7.5000000000000009 5.5000000000000009 15.500000000000002 43.720000000000006 -0.94999999999999984 6.3750000000000009 6.4400000000000004 4.5000000000000009 42.590000000000011 5.6200000000000001 23.500000000000004 5.8700000000000001 5.5000000000000009 11.500000000000002 6.2500000000000027 40.590000000000011 6.1299999999999981 2.5000000000000004 12.500000000000002 9.5000000000000018
decision_type=2 2 2 2 2 2 2 2 2 2 2 2 2 2 2 2 2 2 2 2 2 2 2 2 2 2 2 2 2 2
left_child=-1 2 3 -2 -5 6 7 8 9 -4 -11 -12 15 14 -8 -9 -17 18 -18 20 22 -21 -7 29 25 27 -27 -23 -29 -24
right_child=1 -3 5 4 -6 19 13 12 -10 10 11 -13 -14 -15 -16 16 17 -19 -20 21 -22 24 23 -25 -26 26 -28 28 -30 -31
leaf_value=-0.015209399401143915 0.0046623314515660376 -0.013125337375606921 -0.11708058527568024 -0.1373497535876973 0.036931311709794662 0.05094151406382124 -0.17942366014496874 0.0053574465455973989 0.0083507851543944585 0.053052053722915306 -0.036662485236720756 -0.16407029321530095 0.017068762748081813 -0.019142168037906752 -0.0044327618969976024 -0.12258577530082888 0.014170259975571135 0.035290288985258704 -0.10638816823903492 0.051726442045709475 0.03865066605304468 0.025938020332470575 -0.072993410269919332 -0.11067398444285029 0.012603308719526127 -0.014169471658255642 -0.2050449014086605 -0.12327054925238559 0.0026055106616392799 -0.0050684594182850854
leaf_weight=39.727952562723658 266.7592460073065 51.101753235940123 2.4657102368073565 0.90299466182478028 21.536284601315856 1.7382761265616888 1.8127225525677206 13.481252346187832 12.096740595996378 2.0050931645091614 8.2259510009316692 1.5964425132842741 28.596756286919117 3.3456167299300432 1.7057017870247353 1.9901885911822299 2.5527984499931335 2.7372911274433136 2.182839285582304 7.5425394603516898 3.9769802832743144 7.3014498353004438 2.9857640115078521 2.5327766889240584 47.175885047763586 3.7068160716444245 1.3537031337618826 1.4085859991610052 1.2311565447598694 6.9621989097213373
leaf_count=53982 6869 49142 44 22 434 44 20 240 199 36 122 21 481 56 25 36 44 48 34 137 90 132 39 40 799 66 23 18 25 132
internal_value=0.000357588 0.00156311 0.00318811 0.00662195 0.0299179 -0.00256172 -0.00972631 -0.00549069 -0.0244339 -0.0521804 -0.0386505 -0.0573702 0.00420854 -0.0578156 -0.0945896 -0.0118198 -0.0362907 -0.0133087 -0.0413998 0.00434852 -0.0160078 0.00966124 -0.0312955 -0.0427492 0.00455847 -0.0207402 -0.0652292 0.00190679 -0.0645629 -0.0254553
internal_weight=552.739 513.012 461.91 289.199 22.4393 172.711 84.7951 77.9311 26.3899 14.2932 11.8275 9.82239 51.5411 6.86404 3.51842 22.9444 9.46312 7.47293 4.73564 87.9161 18.196 69.7201 14.219 12.4807 62.1776 15.0017 5.06052 9.94119 2.63974 9.94796
internal_count=113400 59418 10276 7325 456 2951 1406 1305 422 223 179 143 883 101 45 402 162 126 78 1545 345 1200 255 211 1063 264 89 175 43 171
is_linear=0
shrinkage=0.05


Tree=131
num_leaves=31
num_cat=0
split_feature=2 3 2 9 2 3 7 7 7 5 0 4 3 4 0 2 7 5 7 2 3 9 3 0 0 7 1 0 7 3
split_gain=2.74253 2.45441 6.32089 6.87211 12.0733 4.60065 7.48659 6.24804 5.38582 8.9053 5.45562 4.66205 4.3357 8.97768 3.90107 14.0566 5.71745 4.2196 5.99305 6.0597 12.8214 5.16829 3.35595 4.81393 3.90309 3.4275 4.86333 12.5293 4.7331 4.01467
threshold=14.65 5.2500000000000027 10.15 1.0000000180025095e-35 11.350000000000003 5.4400000000000004 23.500000000000004 22.500000000000004 3.5000000000000004 1.5000000000000002 43.470000000000006 9.5000000000000018 5.3799999999999981 13.500000000000002 48.780000000000008 -1.1499999999999997 19.500000000000004 4.5000000000000009 16.500000000000004 3.0500000000000003 5.3700000000000001 1.5000000000000002 4.5000000000000027 37.155000000000008 51.655000000000008 28.500000000000004 37.530000000000008 42.155000000000008 29.500000000000004 5.0600000000000014
decision_type=2 2 2 2 2 2 2 2 2 2 2 2 2 2 2 2 2 2 2 2 2 2 2 2 2 2 2 2 2 2
left_child=1 22 5 4 -4 6 7 8 9 10 -3 -9 -11 -14 17 -16 -17 -10 19 20 -19 -21 24 -24 -1 -25 27 -27 29 -28
right_child=-2 2 3 -5 -6 -7 -8 11 14 12 -12 -13 13 -15 15 16 -18 18 -20 21 -22 -23 23 25 -26 26 28 -29 -30 -31
leaf_value=0.00076292962606824702 -0.10713657862725104 -0.17936050501765929 -0.46526298920427128 0.036530445364728735 0.04077112134125474 -0.0011554311225212767 0.030127266630979067 0.035543300832828105 0.0081361769856118302 0.032738892326172317 -0.55655346526190264 -0.38074465466186108 0.027770585171471629 -0.70271269878468856 0.032750621191187101 -0.13121283494251221 -0.44386456908059879 -0.37439042219330265 0.046216982242767282 0.04330113119046005 0.038337984815590628 -0.11433487308514304 -0.050608504638341684 0.01891359331743905 -0.23167231495864829 0.021307343297519179 -0.15542634480681225 -0.51243646467799397 0.041040909680573098 0.042016310800033374
leaf_weight=298.30728762633225 0.59274556903983366 0.22648300297441959 0.2924329805537117 0.32033962954301387 0.19746105198282748 169.30927150789648 4.0097133824310722 0.093832217971795084 5.4136120752373227 0.51381358242360875 0.16622161795385182 0.23745693382807076 0.10909278041799553 0.068454405496595427 0.73956433433340862 0.27902663050917798 0.30722855002386495 0.48370243242243383 0.99883849581237871 0.85726350423647102 0.30797829656512477 1.3215331460232846 2.8303203296381971 58.679647038428811 0.18072065227897738 0.28770045164856073 0.75908831864944681 0.17796527652535588 1.8290414785151368 0.38959868933307007
leaf_count=71775 38 37 26 64 31 27003 682 31 1043 115 19 52 31 21 88 25 26 85 91 68 59 39 1046 10135 26 179 139 17 347 62
internal_value=0.000355821 0.000471732 -0.00419537 -0.143545 -0.261296 -0.00358653 -0.0290986 -0.048686 -0.0426699 -0.148871 -0.339016 -0.262838 -0.0408651 -0.253872 -0.031919 -0.112201 -0.295059 -0.020575 -0.0597332 -0.0953595 -0.213832 -0.0523118 0.00286349 0.0131632 0.000622201 0.0160686 -0.0324137 -0.182676 -0.00891528 -0.08846
internal_weight=550.287 549.695 186.253 0.810234 0.489894 185.443 16.1338 12.1241 11.7928 1.08407 0.392705 0.331289 0.691361 0.177547 10.7087 1.32582 0.586255 9.38293 3.96932 2.97048 0.791681 2.1788 363.441 64.9534 298.488 62.123 3.44339 0.465666 2.97773 1.14869
internal_count=113400 113362 29636 121 57 29515 2512 1830 1747 223 56 83 167 52 1524 139 51 1385 342 251 144 107 83726 11925 71801 10879 744 196 548 201
is_linear=0
shrinkage=0.05


Tree=132
num_leaves=31
num_cat=0
split_feature=10 10 2 6 1 0 0 4 0 1 0 4 0 4 4 10 5 1 0 0 0 0 0 7 2 5 7 1 2 0
split_gain=3.81923 4.54002 2.91202 8.4896 3.64479 2.36481 3.44097 5.20575 2.34755 2.19153 5.26788 3.65488 2.1237 2.04288 2.40408 5.39949 7.28542 3.13617 38.3201 1.99884 1.87255 2.47528 3.36379 9.21715 60.8948 4.67356 3.39404 3.18012 2.1094 2.51448
threshold=1.0991991879725476 1.0992168415445007 -2.9499999999999997 1.5000000000000002 43.410000000000004 51.655000000000008 51.280000000000008 14.500000000000002 45.410000000000004 43.345000000000006 48.410000000000004 14.500000000000002 51.030000000000008 4.5000000000000009 5.5000000000000009 1.0455388449203196 5.5000000000000009 41.220000000000006 44.090000000000011 44.590000000000011 48.655000000000008 45.030000000000008 44.720000000000006 26.500000000000004 3.7500000000000004 4.5000000000000009 8.5000000000000018 40.030000000000008 7.8500000000000005 43.780000000000008
decision_type=2 2 2 2 2 2 2 2 2 2 2 2 2 2 2 2 2 2 2 2 2 2 2 2 2 2 2 2 2 2
left_child=13 2 3 9 8 6 12 -8 -5 10 19 -11 -4 -1 15 16 -15 -17 -19 -2 21 22 28 25 -25 -24 27 -27 -3 -30
right_child=1 20 5 4 -6 -7 7 -9 -10 11 -12 -13 -14 14 -16 17 -18 18 -20 -21 -22 -23 23 24 -26 26 -28 -29 29 -31
leaf_value=-0.05002652974554065 -0.054520947812374702 -0.023075410637385739 0.0035201832502714673 -0.11612740078806479 -0.15666418054734016 0.041101625878889742 0.017375395951937229 -0.11848018225051334 0.053512483998946515 0.025285563851544464 -0.22227030465118505 -0.046824919378226471 0.053473807127184671 -0.05080444195200734 -0.014343147480310032 -0.050301579371517517 0.40226093310873251 1.0419281503525757 -0.050272700946082029 0.060473813703758199 0.0030586181168882048 -0.035504619089229764 -0.050180867494956261 -0.050037879779288585 3.6303689978269844 0.22383408735009169 -0.050093657501492833 -0.050361850660210677 0.0013469751485456422 0.11291650903929332
leaf_weight=3.7044914966390925 1.0082645982620295 16.261497880288523 437.65999942598864 0.37745645805261974 1.4287785515189169 4.2009539082646361 1.3881707265973084 1.4330584183335302 0.44363103993237019 7.2091077137738448 0.36289615556597699 2.3235311303287745 2.1380341723561278 0.15122287778649424 33.270928324171109 1.071939833142096 0.21471512585412711 0.091471880150493123 0.65804324264172465 0.60441432893276203 13.71100179015775 13.625128907355245 0.87184786520083324 0.065083551162388065 0.013584957749117166 0.53622184757841751 0.23812535710749216 0.13172139599919319 4.5430024982051682 0.56816530204378057
leaf_count=14247 122 19055 9712 38 26 89 24 18 8 156 8 32 37 82 38134 936 21 23 539 6 9885 15728 759 94 12 90 225 57 3152 85
internal_value=0.000352339 0.00150532 0.00306667 -0.0195904 -0.108421 0.00376431 0.00340994 -0.0516332 -0.0244715 -0.00222399 -0.0501532 0.00770901 0.00376303 -0.0146961 -0.0110049 0.0397706 0.215033 0.00455968 0.083021 -0.0114222 -0.0127164 -0.0185852 -0.00866115 0.0558952 0.585517 0.0324607 0.111981 0.169761 -0.014269 0.0137492
internal_weight=550.306 511.144 460.578 13.7581 2.24987 446.82 442.619 2.82123 0.821087 11.5082 1.97558 9.53264 439.798 39.1628 35.4583 2.18739 0.365938 1.82145 0.749515 1.61268 50.5654 36.8544 23.2293 1.85658 0.0786685 1.77792 0.906069 0.667943 21.3727 5.11117
internal_count=113400 59418 10276 396 72 9880 9791 42 46 324 136 188 9749 53982 39735 1601 103 1498 562 128 49142 39257 23529 1237 106 1131 372 147 22292 3237
is_linear=0
shrinkage=0.05


Tree=133
num_leaves=31
num_cat=0
split_feature=2 4 3 3 7 2 0 4 2 7 7 4 3 9 1 1 5 2 2 4 3 5 3 2 2 3 7 1 0 0
split_gain=2.34366 2.34707 2.61031 5.08109 7.63995 5.07143 6.68517 4.98417 4.79125 4.03588 4.54286 5.3847 7.45199 3.62111 6.10853 4.94697 3.47493 4.97761 3.89497 6.67314 4.51318 3.8154 3.18787 9.92037 11.7418 6.03624 4.93123 7.85607 4.04463 5.66864
threshold=14.65 21.500000000000004 5.2500000000000027 5.4400000000000004 23.500000000000004 -1.1499999999999997 48.970000000000006 11.500000000000002 -5.6499999999999995 22.500000000000004 3.5000000000000004 18.500000000000004 5.3799999999999981 1.0000000180025095e-35 45.845000000000006 45.970000000000006 4.5000000000000009 11.15 3.0500000000000003 14.500000000000002 5.4300000000000024 5.5000000000000009 6.9400000000000004 -1.3499999999999999 -0.74999999999999989 7.1200000000000001 19.500000000000004 42.410000000000004 44.910000000000004 44.410000000000004
decision_type=2 2 2 2 2 2 2 2 2 2 2 2 2 2 2 2 2 2 2 2 2 2 2 2 2 2 2 2 2 2
left_child=1 2 -1 4 5 -4 9 -8 -5 10 11 12 -7 14 22 -16 17 -12 19 21 -20 -18 28 -24 25 -25 -26 -28 29 -10
right_child=-2 -3 3 8 -6 6 7 -9 13 -11 16 -13 -14 -15 15 -17 18 -19 20 -21 -22 -23 23 24 26 -27 27 -29 -30 -31
leaf_value=0.003243064609594662 -0.096401395857539485 -0.032201776689998934 0.035385926137039427 -0.27251898775425104 0.029969656608863512 0.034370908823963521 -0.42347869787223447 -0.11001082451607239 -0.015210554432482322 -0.20974131630773107 -0.0010446882443662243 -0.34427236895410546 -0.27312829092208346 0.0034164338655296466 -0.24264356931378189 0.012800792571306206 -0.21205872703834761 -0.30187912547749085 0.041403244602595833 -0.2521929104138268 -0.09215253564233343 0.050171984615176315 0.014575505459399261 -0.35186446042761732 0.043033483468476318 -0.096000806373787481 -0.64964656581106706 0.025202125438728597 0.003502700484878558 -0.10602670407002675
leaf_weight=355.83159265753056 0.62594150054792308 5.4642009111412326 1.5664928112528311 0.16286119137657706 4.023902055429061 0.52273676448384765 0.20964607992209572 0.32092573711997829 10.224884757073594 0.39123794093029651 5.2686898602987622 0.25405410994426347 0.31621023535262793 121.16157343459781 0.5145628119353195 0.300056446576491 0.19766835361951984 0.14118574984604482 1.105955999752041 0.66541013092501089 1.477766010502819 0.46506996254902333 2.5385648042429239 0.61927909875521436 0.78276377706788369 0.3671840414754115 0.072433003108017147 0.10658307140693069 30.497835454298183 2.065353322424925
leaf_count=74335 38 9493 274 32 675 115 10 37 1516 81 942 31 51 19386 26 57 38 5 117 63 36 31 368 36 109 52 11 32 5113 290
internal_value=0.000293323 0.000403844 0.000732455 -0.00406174 -0.0301821 -0.0489408 -0.0605932 -0.233872 -0.00145193 -0.0520852 -0.0461627 -0.142601 -0.0815296 -0.00119109 -0.0127998 -0.148553 -0.0348551 -0.0088958 -0.0707552 -0.140342 -0.0349843 -0.028041 -0.0104605 -0.0505562 -0.135423 -0.256626 -0.0111093 -0.247853 -0.00625604 -0.0304721
internal_weight=548.263 547.637 542.172 186.341 16.927 12.903 11.3366 0.530572 169.414 10.806 10.4147 1.093 0.838947 169.251 48.0895 0.814619 9.32175 5.40988 3.91187 1.32815 2.58372 0.662738 47.2749 4.48681 1.94824 0.986463 0.96178 0.179016 42.7881 12.2902
internal_count=113400 113362 103869 29534 2506 1831 1557 47 27028 1510 1429 197 166 26996 7610 83 1232 947 285 132 153 69 7527 608 240 88 152 43 6919 1806
is_linear=0
shrinkage=0.05


Tree=134
num_leaves=31
num_cat=0
split_feature=4 3 2 9 2 3 7 2 0 7 7 7 7 5 7 2 0 0 0 6 7 2 1 7 2 0 2 1 4 3
split_gain=2.14703 2.22226 4.50126 4.05881 3.54703 3.48312 5.7336 3.96227 5.02054 4.10677 4.1436 3.88341 3.40132 3.33441 4.04415 4.27502 3.034 5.06533 3.70515 6.79032 5.42052 8.33427 11.677 5.59947 5.58528 8.84338 4.52139 4.61803 3.63724 3.41489
threshold=21.500000000000004 5.2500000000000027 10.15 1.0000000180025095e-35 -5.6499999999999995 5.4400000000000004 23.500000000000004 -1.1499999999999997 48.780000000000008 3.5000000000000004 2.5000000000000004 22.500000000000004 20.500000000000004 4.5000000000000009 16.500000000000004 2.3500000000000001 45.720000000000006 45.030000000000008 43.470000000000006 1.5000000000000002 16.500000000000004 4.7500000000000009 39.720000000000006 1.5000000000000002 0.55000000000000016 44.090000000000011 1.9500000000000002 36.910000000000004 19.500000000000004 2.3149999999999999
decision_type=2 2 2 2 2 2 2 2 2 2 2 2 2 2 2 2 2 2 2 2 2 2 2 2 2 2 2 2 2 2
left_child=1 16 4 -4 -3 6 7 -6 9 10 -9 13 -10 -11 15 -15 17 18 26 20 23 24 -23 -20 25 -22 27 -1 -26 -19
right_child=-2 2 3 -5 5 -7 -8 8 12 11 -12 -13 -14 14 -16 -17 -18 29 19 -21 21 22 -24 -25 28 -27 -28 -29 -30 -31
leaf_value=-0.054136023290694259 -0.031197676037171503 -0.21716394502427216 -0.18443446372506392 0.035188751841626655 0.034361063461242618 -0.000888882655529462 0.028666886726818209 -0.044156037316620524 -0.10063397283340453 0.0048643712706990094 -0.23497803929867139 -0.17386731286468105 -0.31018804291778945 -0.25190615680483913 0.045823847895665397 -0.062375957593433312 0.014147507497381258 -0.23650723576419563 -0.29837453271566994 0.026774803686008094 -0.30652338694563791 0.036758919853408047 -0.46693720351462292 0.015031154428425217 0.035280154760706832 0.026451070019274797 0.0028425435681543303 -0.0062707516218176683 -0.18439202702460236 -0.019541244308281511
leaf_weight=6.9829411371174528 5.3607484320527865 0.1936019234417462 0.63959454817813721 0.31347420677775517 1.5353403297049251 169.10294559109025 3.8437366001016917 0.62978915641724309 0.65609601730830114 4.858551350771446 0.51886686205398291 0.44657714292407114 0.27472097487770952 0.33342623754288148 0.7616116651915944 2.7630672174855135 51.463393147452734 0.18277123000007378 0.14645695957005767 33.367911625275156 0.42544736439595077 0.1904150420159566 0.29076379802427255 5.3006650411407463 1.5559813391300847 0.37531231995671988 213.93340901355259 18.102544034540188 0.21439977386035014 23.429871833359357
leaf_count=10935 9493 34 57 64 272 26916 657 147 47 916 48 80 21 66 74 135 8787 18 7 5597 36 32 31 752 300 89 42383 2331 22 3053
internal_value=0.000290165 0.000601123 -0.00381422 -0.112198 -0.00325862 -0.00303564 -0.0248758 -0.0409819 -0.051271 -0.0412324 -0.130353 -0.0300606 -0.162482 -0.022693 -0.0573963 -0.0827843 0.00291907 0.00102135 0.00289112 0.0166121 -0.0232855 -0.0766268 -0.267611 0.0066046 -0.0408848 -0.15046 0.000487701 -0.0195948 0.00867703 -0.0212206
internal_weight=548.194 542.834 186.871 0.953069 185.918 185.725 16.6218 12.778 11.2427 10.3119 1.14866 9.16323 0.930817 8.71666 3.85811 3.09649 355.962 304.499 280.886 41.8674 8.49944 3.05232 0.481179 5.44712 2.57114 0.80076 239.019 25.0855 1.77038 23.6126
internal_count=113400 103907 29534 121 29413 29379 2463 1806 1534 1466 195 1271 68 1191 275 201 74373 65586 62515 6866 1269 510 63 759 447 125 55649 13266 322 3071
is_linear=0
shrinkage=0.05


end of trees

feature_importances:
OutsideTemp=841
SupplyTemp=666
SupplyTempReturnTempDerivation=601
ReturnTemp=557
DayOfMonth=381
Hour=371
SupplyReturnRatio=341
DayOfWeek=162
Month=92
TimeOfDay_Encoded=37
IsWeekend=1

parameters:
[boosting: gbdt]
[objective: binary]
[metric: binary_logloss]
[tree_learner: serial]
[device_type: cpu]
[data_sample_strategy: bagging]
[data: ]
[valid: ]
[num_iterations: 1000]
[learning_rate: 0.05]
[num_leaves: 31]
[num_threads: 0]
[seed: 0]
[deterministic: 0]
[force_col_wise: 0]
[force_row_wise: 0]
[histogram_pool_size: -1]
[max_depth: -1]
[min_data_in_leaf: 20]
[min_sum_hessian_in_leaf: 0.001]
[bagging_fraction: 0.8]
[pos_bagging_fraction: 1]
[neg_bagging_fraction: 1]
[bagging_freq: 5]
[bagging_seed: 3]
[bagging_by_query: 0]
[feature_fraction: 0.9]
[feature_fraction_bynode: 1]
[feature_fraction_seed: 2]
[extra_trees: 0]
[extra_seed: 6]
[early_stopping_round: 0]
[early_stopping_min_delta: 0]
[first_metric_only: 0]
[max_delta_step: 0]
[lambda_l1: 0]
[lambda_l2: 0]
[linear_lambda: 0]
[min_gain_to_split: 0]
[drop_rate: 0.1]
[max_drop: 50]
[skip_drop: 0.5]
[xgboost_dart_mode: 0]
[uniform_drop: 0]
[drop_seed: 4]
[top_rate: 0.2]
[other_rate: 0.1]
[min_data_per_group: 100]
[max_cat_threshold: 32]
[cat_l2: 10]
[cat_smooth: 10]
[max_cat_to_onehot: 4]
[top_k: 20]
[monotone_constraints: ]
[monotone_constraints_method: basic]
[monotone_penalty: 0]
[feature_contri: ]
[forcedsplits_filename: ]
[refit_decay_rate: 0.9]
[cegb_tradeoff: 1]
[cegb_penalty_split: 0]
[cegb_penalty_feature_lazy: ]
[cegb_penalty_feature_coupled: ]
[path_smooth: 0]
[interaction_constraints: ]
[verbosity: -1]
[saved_feature_importance_type: 0]
[use_quantized_grad: 0]
[num_grad_quant_bins: 4]
[quant_train_renew_leaf: 0]
[stochastic_rounding: 1]
[linear_tree: 0]
[max_bin: 255]
[max_bin_by_feature: ]
[min_data_in_bin: 3]
[bin_construct_sample_cnt: 200000]
[data_random_seed: 1]
[is_enable_sparse: 1]
[enable_bundle: 1]
[use_missing: 1]
[zero_as_missing: 0]
[feature_pre_filter: 1]
[pre_partition: 0]
[two_round: 0]
[header: 0]
[label_column: ]
[weight_column: ]
[group_column: ]
[ignore_column: ]
[categorical_feature: ]
[forcedbins_filename: ]
[precise_float_parser: 0]
[parser_config_file: ]
[objective_seed: 5]
[num_class: 1]
[is_unbalance: 0]
[scale_pos_weight: 1]
[sigmoid: 1]
[boost_from_average: 1]
[reg_sqrt: 0]
[alpha: 0.9]
[fair_c: 1]
[poisson_max_delta_step: 0.7]
[tweedie_variance_power: 1.5]
[lambdarank_truncation_level: 30]
[lambdarank_norm: 1]
[label_gain: ]
[lambdarank_position_bias_regularization: 0]
[eval_at: ]
[multi_error_top_k: 1]
[auc_mu_weights: ]
[num_machines: 1]
[local_listen_port: 12400]
[time_out: 120]
[machine_list_filename: ]
[machines: ]
[gpu_platform_id: -1]
[gpu_device_id: -1]
[gpu_use_dp: 0]
[num_gpu: 1]

end of parameters

pandas_categorical:[]
